model_id,selected_calibration_method,approval_rate_percent,approval_rate_probability,is_external_display_point,approved_count,rejected_count,actual_approval_rate_percent,boundary_calibrated_pd_cutoff,approved_pd_minimum,approved_pd_maximum,approved_portfolio_mean_calibrated_pd,cumulative_expected_defaults,realised_approved_defaults,realised_approved_non_defaults,realised_approved_default_rate,stable_tie_break_rule
logit_T,identity,40.0,0.4,True,91599,137400,39.99973799012223,0.0207456348347855,0.0011447041277634,0.0207456348347855,0.0143433749825382,1313.8388050255192,1018,90581,0.0111136584460529,"selected calibrated PD ascending, then frozen base_order ascending"
logit_T,identity,40.25,0.4025,False,92172,136827,40.24995742339486,0.0208286558743453,0.0011447041277634,0.0208286558743453,0.0143834451331154,1325.7509048095194,1025,91147,0.0111205138219849,"selected calibrated PD ascending, then frozen base_order ascending"
logit_T,identity,40.5,0.405,False,92744,136255,40.49974017353787,0.020912153249682,0.0011447041277634,0.020912153249682,0.0144234512973468,1337.688567121139,1035,91709,0.0111597515742258,"selected calibrated PD ascending, then frozen base_order ascending"
logit_T,identity,40.75,0.4075,False,93317,135682,40.74995960681051,0.0209947834262313,0.0011447041277634,0.0209947834262313,0.0144635566044624,1349.6957116586193,1044,92273,0.0111876721283367,"selected calibrated PD ascending, then frozen base_order ascending"
logit_T,identity,41.0,0.41,False,93889,135110,40.999742356953526,0.0210748977247359,0.0011447041277634,0.0210748977247359,0.0145035948774971,1361.7280194533323,1052,92837,0.0112047204677864,"selected calibrated PD ascending, then frozen base_order ascending"
logit_T,identity,41.25,0.4125,False,94462,134537,41.24996179022616,0.0211571090709615,0.0011447041277634,0.0211571090709615,0.0145437081666038,1373.8277608337355,1061,93401,0.0112320298109292,"selected calibrated PD ascending, then frozen base_order ascending"
logit_T,identity,41.5,0.415,False,95034,133965,41.49974454036917,0.0212401324402045,0.0011447041277634,0.0212401324402045,0.0145837645996642,1385.953484964488,1071,93963,0.0112696508617968,"selected calibrated PD ascending, then frozen base_order ascending"
logit_T,identity,41.75,0.4175,False,95607,133392,41.749963973641805,0.0213250992970857,0.0011447041277634,0.0213250992970857,0.014623919122987,1398.1490355914234,1083,94524,0.0113276224544227,"selected calibrated PD ascending, then frozen base_order ascending"
logit_T,identity,42.0,0.42,False,96179,132820,41.99974672378482,0.0214057076859995,0.0011447041277634,0.0214057076859995,0.0146640090425105,1410.3697256996238,1094,95085,0.0113746243982574,"selected calibrated PD ascending, then frozen base_order ascending"
logit_T,identity,42.25,0.4225,False,96752,132247,42.24996615705746,0.02148174729243,0.0011447041277634,0.02148174729243,0.0147041601593523,1422.6569037376562,1106,95646,0.0114312882421035,"selected calibrated PD ascending, then frozen base_order ascending"
logit_T,identity,42.5,0.425,False,97324,131675,42.49974890720047,0.0215645415139318,0.0011447041277634,0.0215645415139318,0.0147442460504529,1434.969002614282,1117,96207,0.0114771279437754,"selected calibrated PD ascending, then frozen base_order ascending"
logit_T,identity,42.75,0.4275,False,97897,131102,42.7499683404731,0.0216486053110139,0.0011447041277634,0.0216486053110139,0.0147844175242911,1447.3501223755347,1129,96768,0.0115325290866931,"selected calibrated PD ascending, then frozen base_order ascending"
logit_T,identity,43.0,0.43,False,98469,130530,42.999751090616115,0.0217393216235442,0.0011447041277634,0.0217393216235442,0.0148245570104318,1459.7593042602182,1138,97331,0.0115569367008906,"selected calibrated PD ascending, then frozen base_order ascending"
logit_T,identity,43.25,0.4325,False,99042,129957,43.24997052388875,0.0218226121485204,0.0011447041277634,0.0218226121485204,0.0148648006661193,1472.2395875737914,1149,97893,0.0116011389107651,"selected calibrated PD ascending, then frozen base_order ascending"
logit_T,identity,43.5,0.435,False,99614,129385,43.49975327403176,0.021906244222739,0.0011447041277634,0.021906244222739,0.0149049919441488,1484.745867524447,1161,98453,0.0116549882546629,"selected calibrated PD ascending, then frozen base_order ascending"
logit_T,identity,43.75,0.4375,False,100187,128812,43.7499727073044,0.0219896917729041,0.0011447041277634,0.0219896917729041,0.0149452696897784,1497.321734409833,1168,99019,0.0116581991675566,"selected calibrated PD ascending, then frozen base_order ascending"
logit_T,identity,44.0,0.44,False,100759,128240,43.999755457447414,0.0220720387504212,0.0011447041277634,0.0220720387504212,0.0149854881419296,1509.9227996926938,1179,99580,0.0117011879832074,"selected calibrated PD ascending, then frozen base_order ascending"
logit_T,identity,44.25,0.4425,False,101332,127667,44.24997489072005,0.0221513801193567,0.0011447041277634,0.0221513801193567,0.0150257804579531,1522.5923853653053,1187,100145,0.0117139699206568,"selected calibrated PD ascending, then frozen base_order ascending"
logit_T,identity,44.5,0.445,False,101904,127095,44.49975764086306,0.0222356673456022,0.0011447041277634,0.0222356673456022,0.0150660179767829,1535.287495906093,1197,100707,0.0117463495054168,"selected calibrated PD ascending, then frozen base_order ascending"
logit_T,identity,44.75,0.4475,False,102477,126522,44.74997707413569,0.0223201304944692,0.0011447041277634,0.0223201304944692,0.0151063490162485,1548.053328138105,1213,101264,0.0118368024044419,"selected calibrated PD ascending, then frozen base_order ascending"
logit_T,identity,45.0,0.45,False,103049,125950,44.99975982427871,0.0224030789365511,0.0011447041277634,0.0224030789365511,0.0151466185125973,1560.8438911046442,1225,101824,0.0118875486419082,"selected calibrated PD ascending, then frozen base_order ascending"
logit_T,identity,45.25,0.4525,False,103622,125377,45.249979257551345,0.0224846070317742,0.0011447041277634,0.0224846070317742,0.0151869719037133,1573.704402606587,1235,102387,0.0119183185037926,"selected calibrated PD ascending, then frozen base_order ascending"
logit_T,identity,45.5,0.455,False,104194,124805,45.49976200769436,0.0225649651183145,0.0011447041277634,0.0225649651183145,0.0152272578182834,1586.588901118227,1246,102948,0.011958462099545,"selected calibrated PD ascending, then frozen base_order ascending"
logit_T,identity,45.75,0.4575,False,104767,124232,45.74998144096699,0.022653777942396,0.0011447041277634,0.022653777942396,0.015267636597028,1599.5444833608365,1253,103514,0.011959872860729,"selected calibrated PD ascending, then frozen base_order ascending"
logit_T,identity,46.0,0.46,False,105339,123660,45.99976419111,0.0227409100305615,0.0011447041277634,0.0227409100305615,0.0153079826418646,1612.5275835113814,1263,104076,0.0119898613049297,"selected calibrated PD ascending, then frozen base_order ascending"
logit_T,identity,46.25,0.4625,False,105912,123087,46.24998362438264,0.0228259492966405,0.0011447041277634,0.0228259492966405,0.0153484357665832,1625.583528910361,1277,104635,0.0120571795452828,"selected calibrated PD ascending, then frozen base_order ascending"
logit_T,identity,46.5,0.465,False,106484,122515,46.499766374525656,0.0229166531511761,0.0011447041277634,0.0229166531511761,0.015388853080898,1638.6666314663469,1285,105199,0.012067540663386,"selected calibrated PD ascending, then frozen base_order ascending"
logit_T,identity,46.75,0.4675,False,107057,121942,46.74998580779829,0.0230024554517792,0.0011447041277634,0.0230024554517792,0.015429372551954,1651.8223372945426,1300,105757,0.0121430639752655,"selected calibrated PD ascending, then frozen base_order ascending"
logit_T,identity,47.0,0.47,False,107629,121370,46.9997685579413,0.0230879654043474,0.0011447041277634,0.0230879654043474,0.0154698447608347,1665.0039217638796,1311,106318,0.0121807319588586,"selected calibrated PD ascending, then frozen base_order ascending"
logit_T,identity,47.25,0.4725,False,108202,120797,47.249987991213935,0.0231773174674026,0.0011447041277634,0.0231773174674026,0.0155104260432678,1678.259118733667,1325,106877,0.0122456146836472,"selected calibrated PD ascending, then frozen base_order ascending"
logit_T,identity,47.5,0.475,False,108774,120225,47.49977074135695,0.0232632139003128,0.0011447041277634,0.0232632139003128,0.0155509762400904,1691.541889539604,1331,107443,0.0122363800172835,"selected calibrated PD ascending, then frozen base_order ascending"
logit_T,identity,47.75,0.4775,False,109347,119652,47.74999017462958,0.0233468756538033,0.0011447041277634,0.0233468756538033,0.0155916075684948,1704.8955127922047,1353,107994,0.0123734533183352,"selected calibrated PD ascending, then frozen base_order ascending"
logit_T,identity,48.0,0.48,False,109919,119080,47.9997729247726,0.0234377970819943,0.0011447041277634,0.0234377970819943,0.0156322006883621,1718.2758674640816,1364,108555,0.012409137637715,"selected calibrated PD ascending, then frozen base_order ascending"
logit_T,identity,48.25,0.4825,False,110492,118507,48.24999235804523,0.0235176917542685,0.0011447041277634,0.0235176917542685,0.0156728885207592,1731.7287984357338,1383,109109,0.0125167432936321,"selected calibrated PD ascending, then frozen base_order ascending"
logit_T,identity,48.5,0.485,False,111064,117935,48.499775108188246,0.023604414890638,0.0011447041277634,0.023604414890638,0.0157135072581197,1745.204970115814,1392,109672,0.012533314125189,"selected calibrated PD ascending, then frozen base_order ascending"
logit_T,identity,48.75,0.4875,False,111637,117362,48.74999454146088,0.0236908746567679,0.0011447041277634,0.0236908746567679,0.0157542387661317,1758.755953134648,1400,110237,0.0125406451266157,"selected calibrated PD ascending, then frozen base_order ascending"
logit_T,identity,49.0,0.49,False,112209,116790,48.99977729160389,0.0237718998519192,0.0011447041277634,0.0237718998519192,0.0157949027018396,1772.3302372707303,1417,110792,0.0126282205527185,"selected calibrated PD ascending, then frozen base_order ascending"
logit_T,identity,49.25,0.4925,False,112782,116217,49.249996724876524,0.0238605649766341,0.0011447041277634,0.0238605649766341,0.0158356559029766,1785.9769440495068,1427,111355,0.012652728272242,"selected calibrated PD ascending, then frozen base_order ascending"
logit_T,identity,49.5,0.495,False,113354,115645,49.499779475019544,0.0239492234824845,0.0011447041277634,0.0239492234824845,0.0158763769285983,1799.6508303643404,1440,111914,0.0127035658203504,"selected calibrated PD ascending, then frozen base_order ascending"
logit_T,identity,49.75,0.4975,False,113927,115072,49.74999890829218,0.0240364857687404,0.0011447041277634,0.0240364857687404,0.0159171936000319,1813.3981152708352,1448,112479,0.0127098931772099,"selected calibrated PD ascending, then frozen base_order ascending"
logit_T,identity,50.0,0.5,True,114499,114500,49.99978165843519,0.0241117678525033,0.0011447041277634,0.0241117678525033,0.0159579457447562,1827.1688298288425,1465,113034,0.0127948715709307,"selected calibrated PD ascending, then frozen base_order ascending"
logit_T,identity,50.25,0.5025,False,115071,113928,50.2495644085782,0.0241976601522666,0.0011447041277634,0.0241976601522666,0.0159986895022368,1840.9851997119008,1477,113594,0.0128355537016276,"selected calibrated PD ascending, then frozen base_order ascending"
logit_T,identity,50.5,0.505,False,115644,113355,50.499783841850835,0.024284724298423,0.0011447041277634,0.024284724298423,0.0160395346765846,1854.87594813896,1495,114149,0.0129276054097056,"selected calibrated PD ascending, then frozen base_order ascending"
logit_T,identity,50.75,0.5075,False,116216,112783,50.749566591993855,0.0243720097878632,0.0011447041277634,0.0243720097878632,0.0160803354650922,1868.7922664111584,1504,114712,0.0129414194258966,"selected calibrated PD ascending, then frozen base_order ascending"
logit_T,identity,51.0,0.51,False,116789,112210,50.99978602526649,0.0244575365849827,0.0011447041277634,0.0244575365849827,0.0161212183905643,1882.780974615618,1518,115271,0.0129977994502906,"selected calibrated PD ascending, then frozen base_order ascending"
logit_T,identity,51.25,0.5125,False,117361,111638,51.2495687754095,0.0245434142317014,0.0011447041277634,0.0245434142317014,0.0161620535386481,1896.794765349282,1527,115834,0.0130111365785908,"selected calibrated PD ascending, then frozen base_order ascending"
logit_T,identity,51.5,0.515,False,117934,111065,51.49978820868213,0.0246289290996554,0.0011447041277634,0.0246289290996554,0.0162029794351726,1910.8821767076456,1539,116395,0.0130496718503569,"selected calibrated PD ascending, then frozen base_order ascending"
logit_T,identity,51.75,0.5175,False,118506,110493,51.749570958825146,0.024723205369361,0.0011447041277634,0.024723205369361,0.0162438862583776,1924.9979849353003,1551,116955,0.0130879449141815,"selected calibrated PD ascending, then frozen base_order ascending"
logit_T,identity,52.0,0.52,False,119079,109920,51.99979039209778,0.0248015637350194,0.0011447041277634,0.0248015637350194,0.0162848786320385,1939.1870626245232,1561,117518,0.0131089444822344,"selected calibrated PD ascending, then frozen base_order ascending"
logit_T,identity,52.25,0.5225,False,119651,109348,52.2495731422408,0.0248846340933899,0.0011447041277634,0.0248846340933899,0.0163257897486508,1953.397069215828,1577,118074,0.0131799984956247,"selected calibrated PD ascending, then frozen base_order ascending"
logit_T,identity,52.5,0.525,False,120224,108775,52.49979257551343,0.0249733465042323,0.0011447041277634,0.0249733465042323,0.0163667935136578,1967.6813833859997,1585,118639,0.0131837237157306,"selected calibrated PD ascending, then frozen base_order ascending"
logit_T,identity,52.75,0.5275,False,120796,108203,52.74957532565645,0.025064084114249,0.0011447041277634,0.025064084114249,0.0164077602908356,1981.991812091787,1601,119195,0.0132537501241762,"selected calibrated PD ascending, then frozen base_order ascending"
logit_T,identity,53.0,0.53,False,121369,107630,52.99979475892908,0.0251542513600133,0.0011447041277634,0.0251542513600133,0.0164488397289817,1996.379229066791,1618,119751,0.0133312460348194,"selected calibrated PD ascending, then frozen base_order ascending"
logit_T,identity,53.25,0.5325,False,121941,107058,53.24957750907209,0.0252436401692699,0.0011447041277634,0.0252436401692699,0.0164898886949624,2010.7935173524115,1631,120310,0.0133753208518873,"selected calibrated PD ascending, then frozen base_order ascending"
logit_T,identity,53.5,0.535,False,122514,106485,53.49979694234472,0.0253344972284777,0.0011447041277634,0.0253344972284777,0.0165310361871257,2025.2833674295216,1658,120856,0.013533147232153,"selected calibrated PD ascending, then frozen base_order ascending"
logit_T,identity,53.75,0.5375,False,123086,105913,53.74957969248774,0.0254222176183767,0.0011447041277634,0.0254222176183767,0.0165721570903822,2039.8005276267863,1671,121415,0.0135758737793087,"selected calibrated PD ascending, then frozen base_order ascending"
logit_T,identity,54.0,0.54,False,123659,105340,53.999799125760376,0.0255195353260246,0.0011447041277634,0.0255195353260246,0.0166133984395077,2054.3962376310847,1691,121968,0.013674702205258,"selected calibrated PD ascending, then frozen base_order ascending"
logit_T,identity,54.25,0.5425,False,124231,104768,54.24958187590339,0.0256093602004758,0.0011447041277634,0.0256093602004758,0.0166546200254055,2069.020100376157,1702,122529,0.0137002841480789,"selected calibrated PD ascending, then frozen base_order ascending"
logit_T,identity,54.5,0.545,False,124804,104195,54.49980130917602,0.0256984787455053,0.0011447041277634,0.0256984787455053,0.0166959326882417,2083.7191832233248,1716,123088,0.0137495593089965,"selected calibrated PD ascending, then frozen base_order ascending"
logit_T,identity,54.75,0.5475,False,125376,103623,54.749584059319034,0.0257870362516332,0.0011447041277634,0.0257870362516332,0.0167372094547621,2098.4443726002646,1730,123646,0.0137984941296579,"selected calibrated PD ascending, then frozen base_order ascending"
logit_T,identity,55.0,0.55,False,125949,103050,54.999803492591674,0.0258814677415532,0.0011447041277634,0.0258814677415532,0.0167785822250181,2113.2456526588167,1743,124206,0.0138389348069456,"selected calibrated PD ascending, then frozen base_order ascending"
logit_T,identity,55.25,0.5525,False,126521,102478,55.249586242734686,0.0259683673067134,0.0011447041277634,0.0259683673067134,0.016819924936933,2128.0737229457004,1755,124766,0.0138712150552082,"selected calibrated PD ascending, then frozen base_order ascending"
logit_T,identity,55.5,0.555,False,127094,101905,55.49980567600732,0.0260601504526798,0.0011447041277634,0.0260601504526798,0.0168613767779109,2142.979820211815,1777,125317,0.0139817772672195,"selected calibrated PD ascending, then frozen base_order ascending"
logit_T,identity,55.75,0.5575,False,127666,101333,55.74958842615033,0.0261514509807009,0.0011447041277634,0.0261514509807009,0.0169027906446573,2157.9116704408284,1792,125874,0.0140366268231165,"selected calibrated PD ascending, then frozen base_order ascending"
logit_T,identity,56.0,0.56,False,128239,100760,55.999807859422965,0.026239460599731,0.0011447041277634,0.026239460599731,0.0169443161937374,2172.9221643686965,1806,126433,0.014083079250462,"selected calibrated PD ascending, then frozen base_order ascending"
logit_T,identity,56.25,0.5625,False,128811,100188,56.24959060956598,0.0263380149908353,0.0011447041277634,0.0263380149908353,0.0169858123275514,2187.9594717242294,1821,126990,0.0141369914060134,"selected calibrated PD ascending, then frozen base_order ascending"
logit_T,identity,56.5,0.565,False,129384,99615,56.49981004283862,0.0264309084954651,0.0011447041277634,0.0264309084954651,0.0170274447378239,2203.0789099586145,1831,127553,0.0141516725406541,"selected calibrated PD ascending, then frozen base_order ascending"
logit_T,identity,56.75,0.5675,False,129956,99043,56.74959279298163,0.0265309556778425,0.0011447041277634,0.0265309556778425,0.0170690639390359,2218.2272732613505,1851,128105,0.0142432823417156,"selected calibrated PD ascending, then frozen base_order ascending"
logit_T,identity,57.0,0.57,False,130529,98470,56.999812226254264,0.026628707055483,0.0011447041277634,0.026628707055483,0.0171108114937292,2233.4571134649796,1869,128660,0.0143186571566471,"selected calibrated PD ascending, then frozen base_order ascending"
logit_T,identity,57.25,0.5725,False,131101,97898,57.24959497639728,0.0267189260400221,0.0011447041277634,0.0267189260400221,0.0171525348333278,2248.714469184117,1880,129221,0.0143400889390622,"selected calibrated PD ascending, then frozen base_order ascending"
logit_T,identity,57.5,0.575,False,131674,97325,57.49981440966991,0.026813245858108,0.0011447041277634,0.026813245858108,0.0171943699714051,2264.051471614802,1893,129781,0.0143764144781809,"selected calibrated PD ascending, then frozen base_order ascending"
logit_T,identity,57.75,0.5775,False,132246,96753,57.74959715981292,0.02690822944739,0.0011447041277634,0.02690822944739,0.0172361745185203,2279.4151353762372,1910,130336,0.0144427808780605,"selected calibrated PD ascending, then frozen base_order ascending"
logit_T,identity,58.0,0.58,False,132819,96180,57.99981659308556,0.0270053888493311,0.0011447041277634,0.0270053888493311,0.0172781105443424,2294.8613643890253,1919,130900,0.0144482340628976,"selected calibrated PD ascending, then frozen base_order ascending"
logit_T,identity,58.25,0.5825,False,133391,95608,58.249599343228574,0.0270965284212967,0.0011447041277634,0.0270965284212967,0.0173200193659855,2310.334703248174,1937,131454,0.0145212195725348,"selected calibrated PD ascending, then frozen base_order ascending"
logit_T,identity,58.5,0.585,False,133964,95035,58.49981877650121,0.0271966138240697,0.0011447041277634,0.0271966138240697,0.0173620549298775,2325.890326626119,1955,132009,0.0145934728733092,"selected calibrated PD ascending, then frozen base_order ascending"
logit_T,identity,58.75,0.5875,False,134536,94463,58.74960152664422,0.0272970587021143,0.0011447041277634,0.0272970587021143,0.0174040769391798,2341.4748950895028,1967,132569,0.0146206219896533,"selected calibrated PD ascending, then frozen base_order ascending"
logit_T,identity,59.0,0.59,False,135109,93890,58.99982095991685,0.0273950365537307,0.0011447041277634,0.0273950365537307,0.0174462425128725,2357.1443796716994,1979,133130,0.0146474328135061,"selected calibrated PD ascending, then frozen base_order ascending"
logit_T,identity,59.25,0.5925,False,135681,93318,59.24960371005987,0.0275022844190282,0.0011447041277634,0.0275022844190282,0.0174884058125374,2372.844389050899,2002,133679,0.0147551978537894,"selected calibrated PD ascending, then frozen base_order ascending"
logit_T,identity,59.5,0.595,False,136254,92745,59.499823143332506,0.0276027805399828,0.0011447041277634,0.0276027805399828,0.0175307319705799,2388.632353919399,2015,134239,0.0147885566662263,"selected calibrated PD ascending, then frozen base_order ascending"
logit_T,identity,59.75,0.5975,False,136826,92173,59.74960589347552,0.0277116152451708,0.0011447041277634,0.0277116152451708,0.0175730655162351,2404.452262324387,2028,134798,0.014821744405303,"selected calibrated PD ascending, then frozen base_order ascending"
logit_T,identity,60.0,0.6,True,137399,91600,59.99982532674815,0.0278107134012963,0.0011447041277634,0.0278107134012963,0.0176155575447618,2420.359991092736,2048,135351,0.0149054942175707,"selected calibrated PD ascending, then frozen base_order ascending"
logit_T,identity,60.25,0.6025,False,137971,91028,60.24960807689117,0.0279134798914105,0.0011447041277634,0.0279134798914105,0.017658029374558,2436.2959708371473,2061,135910,0.0149379217371766,"selected calibrated PD ascending, then frozen base_order ascending"
logit_T,identity,60.5,0.605,False,138544,90455,60.4998275101638,0.028020929425228,0.0011447041277634,0.028020929425228,0.0177006591335806,2452.320119002801,2076,136468,0.0149844092851368,"selected calibrated PD ascending, then frozen base_order ascending"
logit_T,identity,60.75,0.6075,False,139116,89883,60.74961026030682,0.0281263690844162,0.0011447041277634,0.0281263690844162,0.0177433060377024,2468.377762741016,2093,137023,0.0150449984185859,"selected calibrated PD ascending, then frozen base_order ascending"
logit_T,identity,61.0,0.61,False,139689,89310,60.99982969357945,0.0282329722999601,0.0011447041277634,0.0282329722999601,0.0177861170363734,2484.5249026939655,2118,137571,0.0151622532912398,"selected calibrated PD ascending, then frozen base_order ascending"
logit_T,identity,61.25,0.6125,False,140261,88738,61.24961244372246,0.028335579792464,0.0011447041277634,0.028335579792464,0.0178289263656223,2500.7030409685526,2135,138126,0.0152216225465382,"selected calibrated PD ascending, then frozen base_order ascending"
logit_T,identity,61.5,0.615,False,140834,88165,61.499831876995096,0.0284477736692644,0.0011447041277634,0.0284477736692644,0.0178719074052515,2516.9722075112004,2153,138681,0.0152875015976255,"selected calibrated PD ascending, then frozen base_order ascending"
logit_T,identity,61.75,0.6175,False,141406,87593,61.74961462713811,0.0285549035824033,0.0011447041277634,0.0285549035824033,0.0179149029467709,2533.2747660910863,2169,139237,0.0153388116487277,"selected calibrated PD ascending, then frozen base_order ascending"
logit_T,identity,62.0,0.62,False,141979,87020,61.99983406041074,0.0286652241605598,0.0011447041277634,0.0286652241605598,0.0179580508735151,2549.666104970803,2184,139795,0.0153825565752681,"selected calibrated PD ascending, then frozen base_order ascending"
logit_T,identity,62.25,0.6225,False,142551,86448,62.24961681055376,0.0287795739637037,0.0011447041277634,0.0287795739637037,0.0180012385583576,2566.0945577324355,2195,140356,0.0153979979095201,"selected calibrated PD ascending, then frozen base_order ascending"
logit_T,identity,62.5,0.625,False,143124,85875,62.499836243826394,0.0288953114551587,0.0011447041277634,0.0288953114551587,0.0180446104020761,2582.6168191867528,2210,140914,0.01544115592074,"selected calibrated PD ascending, then frozen base_order ascending"
logit_T,identity,62.75,0.6275,False,143696,85303,62.749618993969406,0.0290084787246196,0.0011447041277634,0.0290084787246196,0.018088025028848,2599.1768445453436,2227,141469,0.0154979957688453,"selected calibrated PD ascending, then frozen base_order ascending"
logit_T,identity,63.0,0.63,False,144269,84730,62.99983842724204,0.0291186848060917,0.0011447041277634,0.0291186848060917,0.0181316106927187,2615.8293430278404,2247,142022,0.0155750715676964,"selected calibrated PD ascending, then frozen base_order ascending"
logit_T,identity,63.25,0.6325,False,144841,84158,63.24962117738505,0.0292344360327232,0.0011447041277634,0.0292344360327232,0.0181752181663055,2632.516774425863,2265,142576,0.0156378373526832,"selected calibrated PD ascending, then frozen base_order ascending"
logit_T,identity,63.5,0.635,False,145414,83585,63.499840610657685,0.0293501463975437,0.0011447041277634,0.0293501463975437,0.0182190287287441,2649.3018435616054,2282,143132,0.0156931244584427,"selected calibrated PD ascending, then frozen base_order ascending"
logit_T,identity,63.75,0.6375,False,145986,83013,63.749623360800705,0.029460187775942,0.0011447041277634,0.029460187775942,0.0182628563583613,2666.121348331738,2301,143685,0.0157617853766799,"selected calibrated PD ascending, then frozen base_order ascending"
logit_T,identity,64.0,0.64,False,146559,82440,63.99984279407334,0.0295811909760007,0.0011447041277634,0.0295811909760007,0.0183068610298752,2683.0352456774885,2316,144243,0.0158025095695249,"selected calibrated PD ascending, then frozen base_order ascending"
logit_T,identity,64.25,0.6425,False,147131,81868,64.24962554421636,0.0297071890823392,0.0011447041277634,0.0297071890823392,0.0183509462873442,2699.9930782032516,2326,144805,0.0158090409227151,"selected calibrated PD ascending, then frozen base_order ascending"
logit_T,identity,64.5,0.645,False,147704,81295,64.49984497748899,0.029833699935984,0.0011447041277634,0.029833699935984,0.0183952486232228,2717.051802644513,2342,145362,0.0158560363971185,"selected calibrated PD ascending, then frozen base_order ascending"
logit_T,identity,64.75,0.6475,False,148276,80723,64.749627727632,0.0299524511811097,0.0011447041277634,0.0299524511811097,0.0184396104903309,2734.1516850643093,2353,145923,0.0158690550055302,"selected calibrated PD ascending, then frozen base_order ascending"
logit_T,identity,65.0,0.65,False,148849,80150,64.99984716090464,0.0300714715246623,0.0011447041277634,0.0300714715246623,0.0184841641324186,2751.3493469463783,2367,146482,0.0159020215117333,"selected calibrated PD ascending, then frozen base_order ascending"
logit_T,identity,65.25,0.6525,False,149421,79578,65.24962991104765,0.0301973040515277,0.0011447041277634,0.0301973040515277,0.0185287623509807,2768.5861992458977,2388,147033,0.0159816893207782,"selected calibrated PD ascending, then frozen base_order ascending"
logit_T,identity,65.5,0.655,False,149994,79005,65.49984934432028,0.0303386333403614,0.0011447041277634,0.0303386333403614,0.0185736038722052,2785.92913920755,2400,147594,0.016000640025601,"selected calibrated PD ascending, then frozen base_order ascending"
logit_T,identity,65.75,0.6575,False,150566,78433,65.7496320944633,0.0304730959457895,0.0011447041277634,0.0304730959457895,0.0186185558077177,2803.3214737448257,2416,148150,0.0160461193098043,"selected calibrated PD ascending, then frozen base_order ascending"
logit_T,identity,66.0,0.66,False,151139,77860,65.99985152773593,0.0306019387835278,0.0011447041277634,0.0306019387835278,0.0186637427805276,2820.819420106168,2437,148702,0.0161242300134313,"selected calibrated PD ascending, then frozen base_order ascending"
logit_T,identity,66.25,0.6625,False,151711,77288,66.24963427787894,0.0307352104587259,0.0011447041277634,0.0307352104587259,0.0187090030229625,2838.361557616664,2461,149250,0.016221631918582,"selected calibrated PD ascending, then frozen base_order ascending"
logit_T,identity,66.5,0.665,False,152284,76715,66.49985371115157,0.0308622329602089,0.0011447041277634,0.0308622329602089,0.0187545080599142,2856.011505395978,2478,149806,0.0162722282051955,"selected calibrated PD ascending, then frozen base_order ascending"
logit_T,identity,66.75,0.6675,False,152856,76143,66.74963646129459,0.0310064525116506,0.0011447041277634,0.0310064525116506,0.0188000781279647,2873.7047423281815,2496,150360,0.0163290940493013,"selected calibrated PD ascending, then frozen base_order ascending"
logit_T,identity,67.0,0.67,False,153429,75570,66.99985589456722,0.0311348956195067,0.0011447041277634,0.0311348956195067,0.0188459128648009,2891.5095649335412,2515,150914,0.0163919467636496,"selected calibrated PD ascending, then frozen base_order ascending"
logit_T,identity,67.25,0.6725,False,154001,74998,67.24963864471025,0.031273779739537,0.0011447041277634,0.031273779739537,0.0188918139653591,2909.358242479278,2535,151466,0.0164609320718696,"selected calibrated PD ascending, then frozen base_order ascending"
logit_T,identity,67.5,0.675,False,154574,74425,67.49985807798288,0.0314065410228948,0.0011447041277634,0.0314065410228948,0.0189379545964645,2927.315393793908,2546,152028,0.0164710753425543,"selected calibrated PD ascending, then frozen base_order ascending"
logit_T,identity,67.75,0.6775,False,155146,73853,67.74964082812589,0.0315471260180604,0.0011447041277634,0.0315471260180604,0.0189841856279581,2945.320463435202,2567,152579,0.0165457053356193,"selected calibrated PD ascending, then frozen base_order ascending"
logit_T,identity,68.0,0.68,False,155719,73280,67.99986026139852,0.0316926830176933,0.0011447041277634,0.0316926830176933,0.0190306850056249,2963.439238390915,2590,153129,0.0166325239694578,"selected calibrated PD ascending, then frozen base_order ascending"
logit_T,identity,68.25,0.6825,False,156291,72708,68.24964301154154,0.0318388343643854,0.0011447041277634,0.0318388343643854,0.0190772860412098,2981.608112666728,2605,153686,0.0166676264148287,"selected calibrated PD ascending, then frozen base_order ascending"
logit_T,identity,68.5,0.685,False,156864,72135,68.49986244481417,0.0319922111246411,0.0011447041277634,0.0319922111246411,0.0191241858502859,2999.8962892192567,2630,154234,0.016766115871073,"selected calibrated PD ascending, then frozen base_order ascending"
logit_T,identity,68.75,0.6875,False,157436,71563,68.74964519495718,0.0321318122325505,0.0011447041277634,0.0321318122325505,0.0191711944094106,3018.236163039971,2656,154780,0.0168703473157346,"selected calibrated PD ascending, then frozen base_order ascending"
logit_T,identity,69.0,0.69,False,158009,70990,68.99986462822982,0.0322804173300811,0.0011447041277634,0.0322804173300811,0.0192184564597485,3036.689086748416,2677,155332,0.0169420729198969,"selected calibrated PD ascending, then frozen base_order ascending"
logit_T,identity,69.25,0.6925,False,158581,70418,69.24964737837283,0.0324339582869871,0.0011447041277634,0.0324339582869871,0.0192658470588545,3055.197292440215,2694,155887,0.0169881637775017,"selected calibrated PD ascending, then frozen base_order ascending"
logit_T,identity,69.5,0.695,False,159154,69845,69.49986681164546,0.0325871863068546,0.0011447041277634,0.0325871863068546,0.0193135389309448,3073.826975015598,2707,156447,0.0170086834135491,"selected calibrated PD ascending, then frozen base_order ascending"
logit_T,identity,69.75,0.6975,False,159726,69273,69.74964956178847,0.0327460955662148,0.0011447041277634,0.0327460955662148,0.0193613608806886,3092.512728028883,2729,156997,0.0170855089340495,"selected calibrated PD ascending, then frozen base_order ascending"
logit_T,identity,70.0,0.7,True,160299,68700,69.99986899506112,0.032898515957002,0.0011447041277634,0.032898515957002,0.0194094828013496,3111.3206835735486,2748,157551,0.0171429640858645,"selected calibrated PD ascending, then frozen base_order ascending"
logit_T,identity,70.25,0.7025,False,160871,68128,70.24965174520413,0.0330686551010605,0.0011447041277634,0.0330686551010605,0.0194577404442817,3130.1861630120457,2762,158109,0.0171690360599486,"selected calibrated PD ascending, then frozen base_order ascending"
logit_T,identity,70.5,0.705,False,161444,67555,70.49987117847677,0.0332218528021212,0.0011447041277634,0.0332218528021212,0.0195063327456687,3149.180383791748,2796,158648,0.0173186987438368,"selected calibrated PD ascending, then frozen base_order ascending"
logit_T,identity,70.75,0.7075,False,162016,66983,70.74965392861978,0.033378655803026,0.0011447041277634,0.033378655803026,0.0195550263833647,3168.2271545272206,2809,159207,0.0173377937981433,"selected calibrated PD ascending, then frozen base_order ascending"
logit_T,identity,71.0,0.71,False,162589,66410,70.99987336189241,0.0335336996721271,0.0011447041277634,0.0335336996721271,0.019604012068419,3187.3967181921894,2834,159755,0.0174304534747123,"selected calibrated PD ascending, then frozen base_order ascending"
logit_T,identity,71.25,0.7125,False,163161,65838,71.24965611203542,0.0336925199229703,0.0011447041277634,0.0336925199229703,0.01965313517331,3206.6251880124455,2853,160308,0.0174857962380716,"selected calibrated PD ascending, then frozen base_order ascending"
logit_T,identity,71.5,0.715,False,163734,65265,71.49987554530806,0.0338510866552466,0.0011447041277634,0.0338510866552466,0.0197025554585224,3225.9782154457157,2881,160853,0.017595612395715,"selected calibrated PD ascending, then frozen base_order ascending"
logit_T,identity,71.75,0.7175,False,164306,64693,71.74965829545107,0.0340230534780372,0.0011447041277634,0.0340230534780372,0.0197521181605513,3245.3915264875427,2906,161400,0.0176865117524618,"selected calibrated PD ascending, then frozen base_order ascending"
logit_T,identity,72.0,0.72,False,164879,64120,71.9998777287237,0.0341851721169999,0.0011447041277634,0.0341851721169999,0.0198019828310319,3264.931127197714,2927,161952,0.0177524123751357,"selected calibrated PD ascending, then frozen base_order ascending"
logit_T,identity,72.25,0.7225,False,165451,63548,72.24966047886672,0.0343593373686475,0.0011447041277634,0.0343593373686475,0.0198520183346472,3284.5362854857212,2943,162508,0.0177877438033012,"selected calibrated PD ascending, then frozen base_order ascending"
logit_T,identity,72.5,0.725,False,166024,62975,72.49987991213935,0.0345295920791082,0.0011447041277634,0.0345295920791082,0.019902376380774,3304.272136241631,2960,163064,0.017828747650942,"selected calibrated PD ascending, then frozen base_order ascending"
logit_T,identity,72.75,0.7275,False,166596,62403,72.74966266228236,0.0347086420637569,0.0011447041277634,0.0347086420637569,0.0199529105468569,3324.0750854641747,2984,163612,0.0179115945160748,"selected calibrated PD ascending, then frozen base_order ascending"
logit_T,identity,73.0,0.73,False,167169,61830,72.99988209555501,0.0348754708510498,0.0011447041277634,0.0348754708510498,0.0200037676561503,3344.009835310999,3003,164166,0.0179638569351973,"selected calibrated PD ascending, then frozen base_order ascending"
logit_T,identity,73.25,0.7325,False,167741,61258,73.24966484569802,0.0350398904111535,0.0011447041277634,0.0350398904111535,0.0200547605760668,3364.005593790031,3019,164722,0.0179979849887624,"selected calibrated PD ascending, then frozen base_order ascending"
logit_T,identity,73.5,0.735,False,168314,60685,73.49988427897065,0.0352039661198234,0.0011447041277634,0.0352039661198234,0.0201060612842382,3384.131598995279,3040,165274,0.0180614803284337,"selected calibrated PD ascending, then frozen base_order ascending"
logit_T,identity,73.75,0.7375,False,168886,60113,73.74966702911367,0.035379149027899,0.0011447041277634,0.035379149027899,0.0201574910713698,3404.318037079367,3065,165821,0.0181483367478654,"selected calibrated PD ascending, then frozen base_order ascending"
logit_T,identity,74.0,0.74,False,169459,59540,73.9998864623863,0.0355562268086704,0.0011447041277634,0.0355562268086704,0.0202092565311664,3424.640402514943,3093,166366,0.0182522025976784,"selected calibrated PD ascending, then frozen base_order ascending"
logit_T,identity,74.25,0.7425,False,170031,58968,74.24966921252931,0.0357410109195641,0.0011447041277634,0.0357410109195641,0.0202612114690599,3445.0340472957287,3112,166919,0.0183025448300604,"selected calibrated PD ascending, then frozen base_order ascending"
logit_T,identity,74.5,0.745,False,170604,58395,74.49988864580195,0.0359250688475317,0.0011447041277634,0.0359250688475317,0.0203135132785565,3465.56661937486,3132,167472,0.0183583034395442,"selected calibrated PD ascending, then frozen base_order ascending"
logit_T,identity,74.75,0.7475,False,171176,57823,74.74967139594496,0.0361080750515496,0.0011447041277634,0.0361080750515496,0.0203659946145316,3486.1694941370765,3152,168024,0.0184137963265878,"selected calibrated PD ascending, then frozen base_order ascending"
logit_T,identity,75.0,0.75,False,171749,57250,74.99989082921759,0.0362891004563405,0.0011447041277634,0.0362891004563405,0.0204188146267766,3506.9109933342543,3178,168571,0.0185037467467059,"selected calibrated PD ascending, then frozen base_order ascending"
logit_T,identity,75.25,0.7525,False,172321,56678,75.2496735793606,0.0364933475721402,0.0011447041277634,0.0364933475721402,0.0204718194101527,3527.724392576923,3198,169123,0.0185583881244886,"selected calibrated PD ascending, then frozen base_order ascending"
logit_T,identity,75.5,0.755,False,172894,56105,75.49989301263324,0.036684020766888,0.0011447041277634,0.036684020766888,0.020525226460715,3548.6885036988756,3218,169676,0.0186125602970606,"selected calibrated PD ascending, then frozen base_order ascending"
logit_T,identity,75.75,0.7575,False,173466,55533,75.74967576277626,0.0368755814415986,0.0011447041277634,0.0368755814415986,0.0205788330061515,3569.7278462450886,3243,170223,0.018695306284805,"selected calibrated PD ascending, then frozen base_order ascending"
logit_T,identity,76.0,0.76,False,174039,54960,75.9998951960489,0.0370698873830385,0.0011447041277634,0.0370698873830385,0.0206328031736695,3590.9124315422714,3265,170774,0.018760162951982,"selected calibrated PD ascending, then frozen base_order ascending"
logit_T,identity,76.25,0.7625,False,174611,54388,76.24967794619191,0.0372609182777017,0.0011447041277634,0.0372609182777017,0.0206869553338045,3612.169957790946,3287,171324,0.018824701765639,"selected calibrated PD ascending, then frozen base_order ascending"
logit_T,identity,76.5,0.765,False,175184,53815,76.49989737946454,0.0374554138780779,0.0011447041277634,0.0374554138780779,0.0207414892045016,3633.577044801414,3308,171876,0.0188830030139738,"selected calibrated PD ascending, then frozen base_order ascending"
logit_T,identity,76.75,0.7675,False,175756,53243,76.74968012960755,0.0376538352267425,0.0011447041277634,0.0376538352267425,0.0207962048319176,3655.057776438516,3329,172427,0.0189410318851134,"selected calibrated PD ascending, then frozen base_order ascending"
logit_T,identity,77.0,0.77,False,176329,52670,76.99989956288019,0.0378484593508609,0.0011447041277634,0.0378484593508609,0.0208512953333223,3676.688054829395,3350,172979,0.0189985765245648,"selected calibrated PD ascending, then frozen base_order ascending"
logit_T,identity,77.25,0.7725,False,176901,52098,77.2496823130232,0.0380577109734778,0.0011447041277634,0.0380577109734778,0.0209065805377431,3698.395003707309,3374,173527,0.0190728147381868,"selected calibrated PD ascending, then frozen base_order ascending"
logit_T,identity,77.5,0.775,False,177474,51525,77.49990174629583,0.0382646750002977,0.0011447041277634,0.0382646750002977,0.0209622959349075,3720.2625087517786,3393,174081,0.0191182933838196,"selected calibrated PD ascending, then frozen base_order ascending"
logit_T,identity,77.75,0.7775,False,178046,50953,77.74968449643885,0.0384823341695391,0.0011447041277634,0.0384823341695391,0.0210182359386725,3742.212835936892,3415,174631,0.0191804365164058,"selected calibrated PD ascending, then frozen base_order ascending"
logit_T,identity,78.0,0.78,False,178619,50380,77.99990392971148,0.0386976687529788,0.0011447041277634,0.0386976687529788,0.0210746098851673,3764.325743078706,3441,175178,0.0192644679457392,"selected calibrated PD ascending, then frozen base_order ascending"
logit_T,identity,78.25,0.7825,False,179191,49808,78.24968667985449,0.038917146606912,0.0011447041277634,0.038917146606912,0.0211312269802402,3786.525693816231,3472,175719,0.0193759731236501,"selected calibrated PD ascending, then frozen base_order ascending"
logit_T,identity,78.5,0.785,False,179764,49235,78.49990611312712,0.0391397996590732,0.0011447041277634,0.0391397996590732,0.0211882716324149,3808.8884617294343,3494,176270,0.019436594646314,"selected calibrated PD ascending, then frozen base_order ascending"
logit_T,identity,78.75,0.7875,False,180336,48663,78.74968886327015,0.0393518782780899,0.0011447041277634,0.0393518782780899,0.0212455404628231,3831.335784903673,3512,176824,0.0194747582290834,"selected calibrated PD ascending, then frozen base_order ascending"
logit_T,identity,79.0,0.79,False,180909,48090,78.99990829654278,0.0395899053740036,0.0011447041277634,0.0395899053740036,0.0213032643859182,3853.9522567920776,3540,177369,0.0195678490290698,"selected calibrated PD ascending, then frozen base_order ascending"
logit_T,identity,79.25,0.7925,False,181481,47518,79.2496910466858,0.0398100362988669,0.0011447041277634,0.0398100362988669,0.0213612512275922,3876.6612340346687,3571,177910,0.0196769909797719,"selected calibrated PD ascending, then frozen base_order ascending"
logit_T,identity,79.5,0.795,False,182054,46945,79.49991047995843,0.040038191835338,0.0011447041277634,0.040038191835338,0.0214196705516456,3899.5367026092968,3595,178459,0.0197468882858931,"selected calibrated PD ascending, then frozen base_order ascending"
logit_T,identity,79.75,0.7975,False,182626,46373,79.74969323010144,0.0402690479214475,0.0011447041277634,0.0402690479214475,0.0214783515729947,3922.5054343697407,3616,179010,0.0198000284734922,"selected calibrated PD ascending, then frozen base_order ascending"
logit_T,identity,80.0,0.8,True,183199,45800,79.99991266337408,0.0405140101283265,0.0011447041277634,0.0405140101283265,0.0215375085110208,3945.65002171051,3642,179557,0.0198800211791549,"selected calibrated PD ascending, then frozen base_order ascending"
logit_T_plus_AD,identity,40.0,0.4,True,91599,137400,39.99973799012223,0.0188035489633417,0.0004675787930436,0.0188035489633417,0.0120782798174852,1106.3583530018268,886,90713,0.0096725946789812,"selected calibrated PD ascending, then frozen base_order ascending"
logit_T_plus_AD,identity,40.25,0.4025,False,92172,136827,40.24995742339486,0.0188921212073613,0.0004675787930436,0.0188921212073613,0.0121203654330625,1117.1583226962423,894,91278,0.0096992579091264,"selected calibrated PD ascending, then frozen base_order ascending"
logit_T_plus_AD,identity,40.5,0.405,False,92744,136255,40.49974017353787,0.0189833621598975,0.0004675787930436,0.0189833621598975,0.0121624149068033,1127.991008116574,903,91841,0.0097364789096868,"selected calibrated PD ascending, then frozen base_order ascending"
logit_T_plus_AD,identity,40.75,0.4075,False,93317,135682,40.74995960681051,0.0190756928844735,0.0004675787930436,0.0190756928844735,0.0122045806102225,1138.894848804142,916,92401,0.0098160035149008,"selected calibrated PD ascending, then frozen base_order ascending"
logit_T_plus_AD,identity,41.0,0.41,False,93889,135110,40.999742356953526,0.0191644814187528,0.0004675787930436,0.0191644814187528,0.0122467098318513,1149.8313394026875,931,92958,0.0099159645964916,"selected calibrated PD ascending, then frozen base_order ascending"
logit_T_plus_AD,identity,41.25,0.4125,False,94462,134537,41.24996179022616,0.01925043483478,0.0004675787930436,0.01925043483478,0.0122889339007367,1160.8372741313929,946,93516,0.0100146090491414,"selected calibrated PD ascending, then frozen base_order ascending"
logit_T_plus_AD,identity,41.5,0.415,False,95034,133965,41.49974454036917,0.0193395321990667,0.0004675787930436,0.0193395321990667,0.0123310949454915,1171.87327704984,952,94082,0.0100174674327082,"selected calibrated PD ascending, then frozen base_order ascending"
logit_T_plus_AD,identity,41.75,0.4175,False,95607,133392,41.749963973641805,0.0194295350583484,0.0004675787930436,0.0194295350583484,0.012373365155226,1182.9803223956987,965,94642,0.0100934032026943,"selected calibrated PD ascending, then frozen base_order ascending"
logit_T_plus_AD,identity,42.0,0.42,False,96179,132820,41.99974672378482,0.0195211826622019,0.0004675787930436,0.0195211826622019,0.0124155962269982,1194.1196295164625,969,95210,0.0100749643893157,"selected calibrated PD ascending, then frozen base_order ascending"
logit_T_plus_AD,identity,42.25,0.4225,False,96752,132247,42.24996615705746,0.0196120096274659,0.0004675787930436,0.0196120096274659,0.0124579458042078,1205.3311724487194,975,95777,0.0100773110633371,"selected calibrated PD ascending, then frozen base_order ascending"
logit_T_plus_AD,identity,42.5,0.425,False,97324,131675,42.49974890720047,0.019701234293382,0.0004675787930436,0.019701234293382,0.0125002475604838,1216.5740935765311,982,96342,0.0100900086309646,"selected calibrated PD ascending, then frozen base_order ascending"
logit_T_plus_AD,identity,42.75,0.4275,False,97897,131102,42.7499683404731,0.0197945263228731,0.0004675787930436,0.0197945263228731,0.0125426652765971,1227.8893025830266,992,96905,0.010133099073516,"selected calibrated PD ascending, then frozen base_order ascending"
logit_T_plus_AD,identity,43.0,0.43,False,98469,130530,42.999751090616115,0.0198815754934553,0.0004675787930436,0.0198815754934553,0.0125850389611063,1239.2362014611806,999,97470,0.0101453249245955,"selected calibrated PD ascending, then frozen base_order ascending"
logit_T_plus_AD,identity,43.25,0.4325,False,99042,129957,43.24997052388875,0.0199744303336611,0.0004675787930436,0.0199744303336611,0.012627512056751,1250.6540491247413,1007,98035,0.0101674037277114,"selected calibrated PD ascending, then frozen base_order ascending"
logit_T_plus_AD,identity,43.5,0.435,False,99614,129385,43.49975327403176,0.0200742548123712,0.0004675787930436,0.0200742548123712,0.0126699913869765,1262.1085220222794,1016,98598,0.0101993695665267,"selected calibrated PD ascending, then frozen base_order ascending"
logit_T_plus_AD,identity,43.75,0.4375,False,100187,128812,43.7499727073044,0.0201665237065467,0.0004675787930436,0.0201665237065467,0.0127125902323989,1273.6362776133572,1022,99165,0.010200924271612,"selected calibrated PD ascending, then frozen base_order ascending"
logit_T_plus_AD,identity,44.0,0.44,False,100759,128240,43.999755457447414,0.0202645726143444,0.0004675787930436,0.0202645726143444,0.0127551945821116,1285.200650898984,1034,99725,0.0102621105806925,"selected calibrated PD ascending, then frozen base_order ascending"
logit_T_plus_AD,identity,44.25,0.4425,False,101332,127667,44.24997489072005,0.0203597741180336,0.0004675787930436,0.0203597741180336,0.0127979198150457,1296.8388106982131,1042,100290,0.0102830300398689,"selected calibrated PD ascending, then frozen base_order ascending"
logit_T_plus_AD,identity,44.5,0.445,False,101904,127095,44.49975764086306,0.0204572619636131,0.0004675787930436,0.0204572619636131,0.0128406366522697,1308.512237412893,1054,100850,0.010343067985555,"selected calibrated PD ascending, then frozen base_order ascending"
logit_T_plus_AD,identity,44.75,0.4475,False,102477,126522,44.74997707413569,0.0205549847511346,0.0004675787930436,0.0205549847511346,0.0128834928494312,1320.2616967311708,1072,101405,0.0104608839056568,"selected calibrated PD ascending, then frozen base_order ascending"
logit_T_plus_AD,identity,45.0,0.45,False,103049,125950,44.99975982427871,0.0206436010062787,0.0004675787930436,0.0206436010062787,0.0129263185305479,1332.0441982544305,1082,101967,0.0104998592902405,"selected calibrated PD ascending, then frozen base_order ascending"
logit_T_plus_AD,identity,45.25,0.4525,False,103622,125377,45.249979257551345,0.0207431004260479,0.0004675787930436,0.0207431004260479,0.0129692642541712,1343.9011005457287,1088,102534,0.0104997008357298,"selected calibrated PD ascending, then frozen base_order ascending"
logit_T_plus_AD,identity,45.5,0.455,False,104194,124805,45.49976200769436,0.0208371491140593,0.0004675787930436,0.0208371491140593,0.0130121988587106,1355.7930478844985,1099,103095,0.0105476323012841,"selected calibrated PD ascending, then frozen base_order ascending"
logit_T_plus_AD,identity,45.75,0.4575,False,104767,124232,45.74998144096699,0.0209337180910971,0.0004675787930436,0.0209337180910971,0.0130552624649486,1367.7606826652773,1110,103657,0.0105949392461366,"selected calibrated PD ascending, then frozen base_order ascending"
logit_T_plus_AD,identity,46.0,0.46,False,105339,123660,45.99976419111,0.021027681956793,0.0004675787930436,0.021027681956793,0.0130982915384865,1379.7609323726344,1115,104224,0.0105848735985722,"selected calibrated PD ascending, then frozen base_order ascending"
logit_T_plus_AD,identity,46.25,0.4625,False,105912,123087,46.24998362438264,0.0211277630231706,0.0004675787930436,0.0211277630231706,0.013141446336049,1391.8368643436256,1129,104783,0.0106597930357277,"selected calibrated PD ascending, then frozen base_order ascending"
logit_T_plus_AD,identity,46.5,0.465,False,106484,122515,46.499766374525656,0.0212324080620884,0.0004675787930436,0.0212324080620884,0.0131846252013036,1403.9516299356226,1140,105344,0.0107058337402802,"selected calibrated PD ascending, then frozen base_order ascending"
logit_T_plus_AD,identity,46.75,0.4675,False,107057,121942,46.74998580779829,0.0213271636735176,0.0004675787930436,0.0213271636735176,0.013227941463432,1416.1437292506494,1147,105910,0.0107139187535611,"selected calibrated PD ascending, then frozen base_order ascending"
logit_T_plus_AD,identity,47.0,0.47,False,107629,121370,46.9997685579413,0.021422601485281,0.0004675787930436,0.021422601485281,0.0132712338435893,1428.3696273516728,1153,106476,0.010712726124,"selected calibrated PD ascending, then frozen base_order ascending"
logit_T_plus_AD,identity,47.25,0.4725,False,108202,120797,47.249987991213935,0.0215249213783853,0.0004675787930436,0.0215249213783853,0.0133146645515604,1440.673333807949,1170,107032,0.0108131088149941,"selected calibrated PD ascending, then frozen base_order ascending"
logit_T_plus_AD,identity,47.5,0.475,False,108774,120225,47.49977074135695,0.0216249274481346,0.0004675787930436,0.0216249274481346,0.0133581040037387,1453.014404902682,1182,107592,0.0108665673782337,"selected calibrated PD ascending, then frozen base_order ascending"
logit_T_plus_AD,identity,47.75,0.4775,False,109347,119652,47.74999017462958,0.0217246848757542,0.0004675787930436,0.0217246848757542,0.0134016913630184,1465.4347454719837,1192,108155,0.0109010763898415,"selected calibrated PD ascending, then frozen base_order ascending"
logit_T_plus_AD,identity,48.0,0.48,False,109919,119080,47.9997729247726,0.0218260318533734,0.0004675787930436,0.0218260318533734,0.0134452723661163,1477.8908932111383,1199,108720,0.010908032278314,"selected calibrated PD ascending, then frozen base_order ascending"
logit_T_plus_AD,identity,48.25,0.4825,False,110492,118507,48.24999235804523,0.021925495784539,0.0004675787930436,0.021925495784539,0.0134889974384696,1490.4263049713877,1208,109284,0.0109329182203236,"selected calibrated PD ascending, then frozen base_order ascending"
logit_T_plus_AD,identity,48.5,0.485,False,111064,117935,48.499775108188246,0.0220197591869153,0.0004675787930436,0.0220197591869153,0.0135326825025183,1502.9938494596931,1217,109847,0.0109576460419217,"selected calibrated PD ascending, then frozen base_order ascending"
logit_T_plus_AD,identity,48.75,0.4875,False,111637,117362,48.74999454146088,0.0221199876724835,0.0004675787930436,0.0221199876724835,0.0135765096436715,1515.6408070905568,1228,110409,0.0109999372967743,"selected calibrated PD ascending, then frozen base_order ascending"
logit_T_plus_AD,identity,49.0,0.49,False,112209,116790,48.99977729160389,0.0222156318493383,0.0004675787930436,0.0222156318493383,0.0136203002079736,1528.3202660365102,1237,110972,0.0110240711529378,"selected calibrated PD ascending, then frozen base_order ascending"
logit_T_plus_AD,identity,49.25,0.4925,False,112782,116217,49.249996724876524,0.0223203561873334,0.0004675787930436,0.0223203561873334,0.0136642400037766,1541.080316105941,1250,111532,0.0110833289000017,"selected calibrated PD ascending, then frozen base_order ascending"
logit_T_plus_AD,identity,49.5,0.495,False,113354,115645,49.499779475019544,0.0224350430646585,0.0004675787930436,0.0224350430646585,0.0137082087015579,1553.8802891563987,1258,112096,0.0110979762513894,"selected calibrated PD ascending, then frozen base_order ascending"
logit_T_plus_AD,identity,49.75,0.4975,False,113927,115072,49.74999890829218,0.0225426829801137,0.0004675787930436,0.0225426829801137,0.0137523744488526,1566.7667638344396,1273,112654,0.0111738218332792,"selected calibrated PD ascending, then frozen base_order ascending"
logit_T_plus_AD,identity,50.0,0.5,True,114499,114500,49.99978165843519,0.0226436245078806,0.0004675787930436,0.0226436245078806,0.0137965324414673,1579.6891680155709,1283,113216,0.0112053380378867,"selected calibrated PD ascending, then frozen base_order ascending"
logit_T_plus_AD,identity,50.25,0.5025,False,115071,113928,50.2495644085782,0.0227455131040158,0.0004675787930436,0.0227455131040158,0.0138407682490853,1592.6710431905033,1296,113775,0.0112626117788148,"selected calibrated PD ascending, then frozen base_order ascending"
logit_T_plus_AD,identity,50.5,0.505,False,115644,113355,50.499783841850835,0.0228523043954729,0.0004675787930436,0.0228523043954729,0.0138851522267311,1605.734544108092,1305,114339,0.0112846321469336,"selected calibrated PD ascending, then frozen base_order ascending"
logit_T_plus_AD,identity,50.75,0.5075,False,116216,112783,50.749566591993855,0.022966824582324,0.0004675787930436,0.022966824582324,0.0139295620869855,1618.8379875011149,1321,114895,0.0113667653335168,"selected calibrated PD ascending, then frozen base_order ascending"
logit_T_plus_AD,identity,51.0,0.51,False,116789,112210,50.99978602526649,0.0230791859480057,0.0004675787930436,0.0230791859480057,0.0139741767563893,1632.0301292019565,1334,115455,0.0114223086078312,"selected calibrated PD ascending, then frozen base_order ascending"
logit_T_plus_AD,identity,51.25,0.5125,False,117361,111638,51.2495687754095,0.0231878731537214,0.0004675787930436,0.0231878731537214,0.0140188109583147,1645.261672878781,1352,116009,0.0115200109065192,"selected calibrated PD ascending, then frozen base_order ascending"
logit_T_plus_AD,identity,51.5,0.515,False,117934,111065,51.49978820868213,0.0232853650033456,0.0004675787930436,0.0232853650033456,0.014063593144938,1658.5757939551215,1367,116567,0.0115912289924873,"selected calibrated PD ascending, then frozen base_order ascending"
logit_T_plus_AD,identity,51.75,0.5175,False,118506,110493,51.749570958825146,0.0233914515999204,0.0004675787930436,0.0233914515999204,0.0141083568540309,1671.92493734379,1376,117130,0.0116112264357922,"selected calibrated PD ascending, then frozen base_order ascending"
logit_T_plus_AD,identity,52.0,0.52,False,119079,109920,51.99979039209778,0.0235057682140618,0.0004675787930436,0.0235057682140618,0.0141532970743275,1685.3604623138467,1387,117692,0.011647729658462,"selected calibrated PD ascending, then frozen base_order ascending"
logit_T_plus_AD,identity,52.25,0.5225,False,119651,109348,52.2495731422408,0.0236209371607866,0.0004675787930436,0.0236209371607866,0.0141982712667142,1698.837355333629,1401,118250,0.0117090538315601,"selected calibrated PD ascending, then frozen base_order ascending"
logit_T_plus_AD,identity,52.5,0.525,False,120224,108775,52.49979257551343,0.023731526749429,0.0004675787930436,0.023731526749429,0.0142434471996192,1712.4041961270264,1412,118812,0.0117447431461272,"selected calibrated PD ascending, then frozen base_order ascending"
logit_T_plus_AD,identity,52.75,0.5275,False,120796,108203,52.74957532565645,0.0238404924468598,0.0004675787930436,0.0238404924468598,0.0142886342456584,1726.0098623385622,1426,119370,0.0118050266565118,"selected calibrated PD ascending, then frozen base_order ascending"
logit_T_plus_AD,identity,53.0,0.53,False,121369,107630,52.99979475892908,0.0239496792485872,0.0004675787930436,0.0239496792485872,0.0143339847827334,1739.7013990955809,1439,119930,0.0118564048480254,"selected calibrated PD ascending, then frozen base_order ascending"
logit_T_plus_AD,identity,53.25,0.5325,False,121941,107058,53.24957750907209,0.0240557760050296,0.0004675787930436,0.0240557760050296,0.0143793404845306,1753.43115802415,1452,120489,0.0119073978399389,"selected calibrated PD ascending, then frozen base_order ascending"
logit_T_plus_AD,identity,53.5,0.535,False,122514,106485,53.49979694234472,0.024163825130463,0.0004675787930436,0.024163825130463,0.0144248459595602,1767.2455778895692,1471,121043,0.0120067910606134,"selected calibrated PD ascending, then frozen base_order ascending"
logit_T_plus_AD,identity,53.75,0.5375,False,123086,105913,53.74957969248774,0.0242837817264435,0.0004675787930436,0.0242837817264435,0.0144703898058421,1781.1023996418855,1485,121601,0.012064735225777,"selected calibrated PD ascending, then frozen base_order ascending"
logit_T_plus_AD,identity,54.0,0.54,False,123659,105340,53.999799125760376,0.0243978652835601,0.0004675787930436,0.0243978652835601,0.0145161265866436,1795.049697577772,1500,122159,0.0121301320567043,"selected calibrated PD ascending, then frozen base_order ascending"
logit_T_plus_AD,identity,54.25,0.5425,False,124231,104768,54.24958187590339,0.0245035534895769,0.0004675787930436,0.0245035534895769,0.0145618502582259,1809.0332194296689,1512,122719,0.0121708752243803,"selected calibrated PD ascending, then frozen base_order ascending"
logit_T_plus_AD,identity,54.5,0.545,False,124804,104195,54.49980130917602,0.0246134423567068,0.0004675787930436,0.0246134423567068,0.0146077446061055,1823.1049578203967,1520,123284,0.0121790968238197,"selected calibrated PD ascending, then frozen base_order ascending"
logit_T_plus_AD,identity,54.75,0.5475,False,125376,103623,54.749584059319034,0.0247255773473944,0.0004675787930436,0.0247255773473944,0.0146536588019376,1837.2171259517409,1536,123840,0.0122511485451761,"selected calibrated PD ascending, then frozen base_order ascending"
logit_T_plus_AD,identity,55.0,0.55,False,125949,103050,54.999803492591674,0.0248458642913674,0.0004675787930436,0.0248458642913674,0.0146997478565745,1851.4185427877117,1548,124401,0.0122906890884405,"selected calibrated PD ascending, then frozen base_order ascending"
logit_T_plus_AD,identity,55.25,0.5525,False,126521,102478,55.249586242734686,0.0249607723302952,0.0004675787930436,0.0249607723302952,0.0147458806970662,1865.6635716735168,1566,124955,0.0123773918954165,"selected calibrated PD ascending, then frozen base_order ascending"
logit_T_plus_AD,identity,55.5,0.555,False,127094,101905,55.49980567600732,0.0250822277311959,0.0004675787930436,0.0250822277311959,0.0147922146812377,1880.001732697231,1579,125515,0.0124238752419469,"selected calibrated PD ascending, then frozen base_order ascending"
logit_T_plus_AD,identity,55.75,0.5575,False,127666,101333,55.74958842615033,0.0252052677391363,0.0004675787930436,0.0252052677391363,0.0148385824707526,1894.3824697111077,1596,126070,0.0125013707643381,"selected calibrated PD ascending, then frozen base_order ascending"
logit_T_plus_AD,identity,56.0,0.56,False,128239,100760,55.999807859422965,0.0253264714916001,0.0004675787930436,0.0253264714916001,0.0148851772762204,1908.8602487252329,1607,126632,0.0125312892333845,"selected calibrated PD ascending, then frozen base_order ascending"
logit_T_plus_AD,identity,56.25,0.5625,False,128811,100188,56.24959060956598,0.0254487277739541,0.0004675787930436,0.0254487277739541,0.0149318180889782,1923.3824198593827,1625,127186,0.0126153822266731,"selected calibrated PD ascending, then frozen base_order ascending"
logit_T_plus_AD,identity,56.5,0.565,False,129384,99615,56.49981004283862,0.0255633669169724,0.0004675787930436,0.0255633669169724,0.0149786469840388,1937.9972613828847,1643,127741,0.0126986335250108,"selected calibrated PD ascending, then frozen base_order ascending"
logit_T_plus_AD,identity,56.75,0.5675,False,129956,99043,56.74959279298163,0.0256901279820991,0.0004675787930436,0.0256901279820991,0.0150255094731097,1952.655109087449,1654,128302,0.0127273846532672,"selected calibrated PD ascending, then frozen base_order ascending"
logit_T_plus_AD,identity,57.0,0.57,False,130529,98470,56.999812226254264,0.0258096173699843,0.0004675787930436,0.0258096173699843,0.0150725888225018,1967.4099464123376,1669,128860,0.0127864306016287,"selected calibrated PD ascending, then frozen base_order ascending"
logit_T_plus_AD,identity,57.25,0.5725,False,131101,97898,57.24959497639728,0.0259255889840497,0.0004675787930436,0.0259255889840497,0.0151196945725894,1982.2070781610537,1676,129425,0.0127840367350363,"selected calibrated PD ascending, then frozen base_order ascending"
logit_T_plus_AD,identity,57.5,0.575,False,131674,97325,57.49981440966991,0.0260414098410696,0.0004675787930436,0.0260414098410696,0.0151669635335526,1997.0947563170073,1686,129988,0.0128043501374606,"selected calibrated PD ascending, then frozen base_order ascending"
logit_T_plus_AD,identity,57.75,0.5775,False,132246,96753,57.74959715981292,0.026164891487934,0.0004675787930436,0.026164891487934,0.0152142708291346,2012.0264600697444,1698,130548,0.0128397078172496,"selected calibrated PD ascending, then frozen base_order ascending"
logit_T_plus_AD,identity,58.0,0.58,False,132819,96180,57.99981659308556,0.0262852286016716,0.0004675787930436,0.0262852286016716,0.0152617719878252,2027.053293650967,1714,131105,0.0129047801895813,"selected calibrated PD ascending, then frozen base_order ascending"
logit_T_plus_AD,identity,58.25,0.5825,False,133391,95608,58.249599343228574,0.0264073069787911,0.0004675787930436,0.0264073069787911,0.0153093015451526,2042.123042409457,1728,131663,0.0129543972232009,"selected calibrated PD ascending, then frozen base_order ascending"
logit_T_plus_AD,identity,58.5,0.585,False,133964,95035,58.49981877650121,0.026528850605148,0.0004675787930436,0.026528850605148,0.0153570249453914,2057.288489784415,1741,132223,0.0129960287838523,"selected calibrated PD ascending, then frozen base_order ascending"
logit_T_plus_AD,identity,58.75,0.5875,False,134536,94463,58.74960152664422,0.0266474994964007,0.0004675787930436,0.0266474994964007,0.0154047784232219,2072.4972699465884,1763,132773,0.0131042992210263,"selected calibrated PD ascending, then frozen base_order ascending"
logit_T_plus_AD,identity,59.0,0.59,False,135109,93890,58.99982095991685,0.0267702126488104,0.0004675787930436,0.0267702126488104,0.0154527234325349,2087.8020102463693,1785,133324,0.0132115551147591,"selected calibrated PD ascending, then frozen base_order ascending"
logit_T_plus_AD,identity,59.25,0.5925,False,135681,93318,59.24960371005987,0.0269003751364149,0.0004675787930436,0.0269003751364149,0.0155007040901282,2103.1510316526947,1800,133881,0.0132664116567537,"selected calibrated PD ascending, then frozen base_order ascending"
logit_T_plus_AD,identity,59.5,0.595,False,136254,92745,59.499823143332506,0.0270282257696919,0.0004675787930436,0.0270282257696919,0.0155489188564854,2118.602389871571,1817,134437,0.013335388318875,"selected calibrated PD ascending, then frozen base_order ascending"
logit_T_plus_AD,identity,59.75,0.5975,False,136826,92173,59.74960589347552,0.0271557636549345,0.0004675787930436,0.0271557636549345,0.0155971755771372,2134.0991455173803,1837,134989,0.0134258108838963,"selected calibrated PD ascending, then frozen base_order ascending"
logit_T_plus_AD,identity,60.0,0.6,True,137399,91600,59.99982532674815,0.0272855420993237,0.0004675787930436,0.0272855420993237,0.0156456522156468,2149.6969687776564,1857,135542,0.0135153822080218,"selected calibrated PD ascending, then frozen base_order ascending"
logit_T_plus_AD,identity,60.25,0.6025,False,137971,91028,60.24960807689117,0.0274223537240532,0.0004675787930436,0.0274223537240532,0.015694182158226,2165.342006552609,1869,136102,0.013546324952345,"selected calibrated PD ascending, then frozen base_order ascending"
logit_T_plus_AD,identity,60.5,0.605,False,138544,90455,60.4998275101638,0.0275624199787834,0.0004675787930436,0.0275624199787834,0.0157429891549365,2181.0966894815297,1883,136661,0.0135913500404203,"selected calibrated PD ascending, then frozen base_order ascending"
logit_T_plus_AD,identity,60.75,0.6075,False,139116,89883,60.74961026030682,0.0276869387870708,0.0004675787930436,0.0276869387870708,0.0157918306604156,2196.89631415438,1897,137219,0.0136361022456079,"selected calibrated PD ascending, then frozen base_order ascending"
logit_T_plus_AD,identity,61.0,0.61,False,139689,89310,60.99982969357945,0.0278196889419496,0.0004675787930436,0.0278196889419496,0.0158409002895325,2212.7995205445154,1913,137776,0.0136947075288676,"selected calibrated PD ascending, then frozen base_order ascending"
logit_T_plus_AD,identity,61.25,0.6125,False,140261,88738,61.24961244372246,0.0279538102295583,0.0004675787930436,0.0279538102295583,0.0158900210178557,2228.7502379854695,1922,138339,0.0137030250746822,"selected calibrated PD ascending, then frozen base_order ascending"
logit_T_plus_AD,identity,61.5,0.615,False,140834,88165,61.499831876995096,0.0280879831908782,0.0004675787930436,0.0280879831908782,0.0159393794233289,2244.8065617051107,1940,138894,0.0137750827215019,"selected calibrated PD ascending, then frozen base_order ascending"
logit_T_plus_AD,identity,61.75,0.6175,False,141406,87593,61.74961462713811,0.028218737751737,0.0004675787930436,0.028218737751737,0.015988793047785,2260.9112697150936,1956,139450,0.0138325106431127,"selected calibrated PD ascending, then frozen base_order ascending"
logit_T_plus_AD,identity,62.0,0.62,False,141979,87020,61.99983406041074,0.028365821303214,0.0004675787930436,0.028365821303214,0.0160384521266891,2277.1233944951987,1968,140011,0.0138612048260658,"selected calibrated PD ascending, then frozen base_order ascending"
logit_T_plus_AD,identity,62.25,0.6225,False,142551,86448,62.24961681055376,0.0285038554798764,0.0004675787930436,0.0285038554798764,0.0160882019344013,2293.3892739508424,1987,140564,0.0139388710005541,"selected calibrated PD ascending, then frozen base_order ascending"
logit_T_plus_AD,identity,62.5,0.625,False,143124,85875,62.499836243826394,0.028649690339788,0.0004675787930436,0.028649690339788,0.0161382109671668,2309.765306464794,2007,141117,0.0140228053995137,"selected calibrated PD ascending, then frozen base_order ascending"
logit_T_plus_AD,identity,62.75,0.6275,False,143696,85303,62.749618993969406,0.0287951350238595,0.0004675787930436,0.0287951350238595,0.0161882922380368,2326.192841436947,2021,141675,0.0140644137623872,"selected calibrated PD ascending, then frozen base_order ascending"
logit_T_plus_AD,identity,63.0,0.63,False,144269,84730,62.99983842724204,0.0289304430285584,0.0004675787930436,0.0289304430285584,0.016238632852036,2342.7313229303873,2040,142229,0.0141402518905655,"selected calibrated PD ascending, then frozen base_order ascending"
logit_T_plus_AD,identity,63.25,0.6325,False,144841,84158,63.24962117738505,0.0290778136747732,0.0004675787930436,0.0290778136747732,0.0162890527224654,2359.322685374615,2059,142782,0.014215588127671,"selected calibrated PD ascending, then frozen base_order ascending"
logit_T_plus_AD,identity,63.5,0.635,False,145414,83585,63.499840610657685,0.0292174909973506,0.0004675787930436,0.0292174909973506,0.0163397196925183,2376.02399936787,2080,143334,0.0143039872364421,"selected calibrated PD ascending, then frozen base_order ascending"
logit_T_plus_AD,identity,63.75,0.6375,False,145986,83013,63.749623360800705,0.0293647676823711,0.0004675787930436,0.0293647676823711,0.0163904653021604,2392.7784676011993,2093,143893,0.014336991218336,"selected calibrated PD ascending, then frozen base_order ascending"
logit_T_plus_AD,identity,64.0,0.64,False,146559,82440,63.99984279407334,0.0295074807653176,0.0004675787930436,0.0295074807653176,0.0164414742116407,2409.6460189838617,2111,144448,0.0144037554841394,"selected calibrated PD ascending, then frozen base_order ascending"
logit_T_plus_AD,identity,64.25,0.6425,False,147131,81868,64.24962554421636,0.0296520762633677,0.0004675787930436,0.0296520762633677,0.0164925359383368,2426.5633051434443,2124,145007,0.0144361147548783,"selected calibrated PD ascending, then frozen base_order ascending"
logit_T_plus_AD,identity,64.5,0.645,False,147704,81295,64.49984497748899,0.0297997723022237,0.0004675787930436,0.0297997723022237,0.016543864610917,2443.594978490885,2143,145561,0.014508747224178,"selected calibrated PD ascending, then frozen base_order ascending"
logit_T_plus_AD,identity,64.75,0.6475,False,148276,80723,64.749627727632,0.0299534937738507,0.0004675787930436,0.0299534937738507,0.0165952890352937,2460.683076997213,2159,146117,0.0145606841295961,"selected calibrated PD ascending, then frozen base_order ascending"
logit_T_plus_AD,identity,65.0,0.65,False,148849,80150,64.99984716090464,0.0301046354945011,0.0004675787930436,0.0301046354945011,0.0166470038950363,2477.889882772261,2180,146669,0.0146457147847818,"selected calibrated PD ascending, then frozen base_order ascending"
logit_T_plus_AD,identity,65.25,0.6525,False,149421,79578,65.24962991104765,0.0302580101009948,0.0004675787930436,0.0302580101009948,0.0166988239600113,2495.1549749288615,2194,147227,0.0146833443759578,"selected calibrated PD ascending, then frozen base_order ascending"
logit_T_plus_AD,identity,65.5,0.655,False,149994,79005,65.49984934432028,0.0304036604632643,0.0004675787930436,0.0304036604632643,0.0167509064749805,2512.535465808237,2212,147782,0.0147472565569289,"selected calibrated PD ascending, then frozen base_order ascending"
logit_T_plus_AD,identity,65.75,0.6575,False,150566,78433,65.7496320944633,0.0305514881640278,0.0004675787930436,0.0305514881640278,0.0168030570990487,2529.9690951753755,2226,148340,0.0147842142316326,"selected calibrated PD ascending, then frozen base_order ascending"
logit_T_plus_AD,identity,66.0,0.66,False,151139,77860,65.99985152773593,0.030716548160126,0.0004675787930436,0.030716548160126,0.0168554767078658,2547.5198941501376,2246,148893,0.0148604926590754,"selected calibrated PD ascending, then frozen base_order ascending"
logit_T_plus_AD,identity,66.25,0.6625,False,151711,77288,66.24963427787894,0.0308649149393478,0.0004675787930436,0.0308649149393478,0.0169080278101557,2565.1338071065434,2257,149454,0.0148769700285411,"selected calibrated PD ascending, then frozen base_order ascending"
logit_T_plus_AD,identity,66.5,0.665,False,152284,76715,66.49985371115157,0.031017716061937,0.0004675787930436,0.031017716061937,0.0169608382972758,2582.8642992623627,2281,150003,0.0149785926295605,"selected calibrated PD ascending, then frozen base_order ascending"
logit_T_plus_AD,identity,66.75,0.6675,False,152856,76143,66.74963646129459,0.0311760598573744,0.0004675787930436,0.0311760598573744,0.0170137488839562,2600.6535994060214,2302,150554,0.0150599256816873,"selected calibrated PD ascending, then frozen base_order ascending"
logit_T_plus_AD,identity,67.0,0.67,False,153429,75570,66.99985589456722,0.0313291664483563,0.0004675787930436,0.0313291664483563,0.0170669226484531,2618.560875029514,2320,151109,0.0151210005931082,"selected calibrated PD ascending, then frozen base_order ascending"
logit_T_plus_AD,identity,67.25,0.6725,False,154001,74998,67.24963864471025,0.0314901986560191,0.0004675787930436,0.0314901986560191,0.0171201881518064,2636.526095566346,2331,151670,0.0151362653489263,"selected calibrated PD ascending, then frozen base_order ascending"
logit_T_plus_AD,identity,67.5,0.675,False,154574,74425,67.49985807798288,0.0316457549723732,0.0004675787930436,0.0316457549723732,0.0171737389483731,2654.6135242058385,2349,152225,0.015196604862396,"selected calibrated PD ascending, then frozen base_order ascending"
logit_T_plus_AD,identity,67.75,0.6775,False,155146,73853,67.74964082812589,0.031802931576263,0.0004675787930436,0.031802931576263,0.0172273862675219,2672.7600698609604,2365,152781,0.0152437059286091,"selected calibrated PD ascending, then frozen base_order ascending"
logit_T_plus_AD,identity,68.0,0.68,False,155719,73280,67.99986026139852,0.0319751523797267,0.0004675787930436,0.0319751523797267,0.0172813208659325,2691.0300039221493,2384,153335,0.0153096282406128,"selected calibrated PD ascending, then frozen base_order ascending"
logit_T_plus_AD,identity,68.25,0.6825,False,156291,72708,68.24964301154154,0.0321321287242393,0.0004675787930436,0.0321321287242393,0.017335384152129,2709.364524520406,2411,153880,0.0154263521252023,"selected calibrated PD ascending, then frozen base_order ascending"
logit_T_plus_AD,identity,68.5,0.685,False,156864,72135,68.49986244481417,0.0323038859435338,0.0004675787930436,0.0323038859435338,0.0173897536531613,2727.8263170494984,2430,154434,0.0154911260709914,"selected calibrated PD ascending, then frozen base_order ascending"
logit_T_plus_AD,identity,68.75,0.6875,False,157436,71563,68.74964519495718,0.0324654273323513,0.0004675787930436,0.0324654273323513,0.0174442292812298,2746.3496811197015,2452,154984,0.0155745826875682,"selected calibrated PD ascending, then frozen base_order ascending"
logit_T_plus_AD,identity,69.0,0.69,False,158009,70990,68.99986462822982,0.0326286886094798,0.0004675787930436,0.0326286886094798,0.0174989968722936,2764.998996794247,2475,155534,0.0156636647279585,"selected calibrated PD ascending, then frozen base_order ascending"
logit_T_plus_AD,identity,69.25,0.6925,False,158581,70418,69.24964737837283,0.032798113979156,0.0004675787930436,0.032798113979156,0.0175538699501508,2783.7102505648754,2494,156087,0.0157269786418297,"selected calibrated PD ascending, then frozen base_order ascending"
logit_T_plus_AD,identity,69.5,0.695,False,159154,69845,69.49986681164546,0.0329663483343571,0.0004675787930436,0.0329663483343571,0.0176090634724808,2802.552887899218,2514,156640,0.0157960214634881,"selected calibrated PD ascending, then frozen base_order ascending"
logit_T_plus_AD,identity,69.75,0.6975,False,159726,69273,69.74964956178847,0.0331510663861262,0.0004675787930436,0.0331510663861262,0.0176643921603514,2821.4627022042932,2537,157189,0.0158834504088251,"selected calibrated PD ascending, then frozen base_order ascending"
logit_T_plus_AD,identity,70.0,0.7,True,160299,68700,69.99986899506112,0.0333284300948022,0.0004675787930436,0.0333284300948022,0.0177200603943301,2840.5079611507213,2555,157744,0.0159389640609111,"selected calibrated PD ascending, then frozen base_order ascending"
logit_T_plus_AD,identity,70.25,0.7025,False,160871,68128,70.24965174520413,0.0335067772833752,0.0004675787930436,0.0335067772833752,0.0177758672585386,2859.621541748375,2580,158291,0.0160376947989382,"selected calibrated PD ascending, then frozen base_order ascending"
logit_T_plus_AD,identity,70.5,0.705,False,161444,67555,70.49987117847677,0.0336789928594807,0.0004675787930436,0.0336789928594807,0.0178320170154296,2878.87215503903,2602,158842,0.0161170436807809,"selected calibrated PD ascending, then frozen base_order ascending"
logit_T_plus_AD,identity,70.75,0.7075,False,162016,66983,70.74965392861978,0.033854969419455,0.0004675787930436,0.033854969419455,0.0178882722165281,2898.1863114330267,2621,159395,0.0161774145763381,"selected calibrated PD ascending, then frozen base_order ascending"
logit_T_plus_AD,identity,71.0,0.71,False,162589,66410,70.99987336189241,0.0340282102737372,0.0004675787930436,0.0340282102737372,0.0179448366321144,2917.6330431788565,2642,159947,0.0162495617784721,"selected calibrated PD ascending, then frozen base_order ascending"
logit_T_plus_AD,identity,71.25,0.7125,False,163161,65838,71.24965611203542,0.0342185410701699,0.0004675787930436,0.0342185410701699,0.0180015593880251,2937.1524313095697,2661,160500,0.016309044440767,"selected calibrated PD ascending, then frozen base_order ascending"
logit_T_plus_AD,identity,71.5,0.715,False,163734,65265,71.49987554530806,0.034404422511124,0.0004675787930436,0.034404422511124,0.0180586299327182,2956.81171340369,2695,161039,0.0164596235357347,"selected calibrated PD ascending, then frozen base_order ascending"
logit_T_plus_AD,identity,71.75,0.7175,False,164306,64693,71.74965829545107,0.0345921749818262,0.0004675787930436,0.0345921749818262,0.0181158612495501,2976.544698468581,2719,161587,0.0165483914160164,"selected calibrated PD ascending, then frozen base_order ascending"
logit_T_plus_AD,identity,72.0,0.72,False,164879,64120,71.9998777287237,0.0347823042478105,0.0004675787930436,0.0347823042478105,0.0181734410384659,2996.4187849812342,2732,162147,0.0165697268906288,"selected calibrated PD ascending, then frozen base_order ascending"
logit_T_plus_AD,identity,72.25,0.7225,False,165451,63548,72.24966047886672,0.0349578085303021,0.0004675787930436,0.0349578085303021,0.018231154179695,3016.3626901847197,2748,162703,0.0166091471190866,"selected calibrated PD ascending, then frozen base_order ascending"
logit_T_plus_AD,identity,72.5,0.725,False,166024,62975,72.49987991213935,0.0351662873303964,0.0004675787930436,0.0351662873303964,0.0182892398617448,3036.4527588063306,2767,163257,0.0166662651182961,"selected calibrated PD ascending, then frozen base_order ascending"
logit_T_plus_AD,identity,72.75,0.7275,False,166596,62403,72.74966266228236,0.0353601595283446,0.0004675787930436,0.0353601595283446,0.0183475183901516,3056.6231737256985,2791,163805,0.0167531033158059,"selected calibrated PD ascending, then frozen base_order ascending"
logit_T_plus_AD,identity,73.0,0.73,False,167169,61830,72.99988209555501,0.0355686948968105,0.0004675787930436,0.0355686948968105,0.0184061945055901,3076.945129305006,2807,164362,0.0167913907482846,"selected calibrated PD ascending, then frozen base_order ascending"
logit_T_plus_AD,identity,73.25,0.7325,False,167741,61258,73.24966484569802,0.0357655402109459,0.0004675787930436,0.0357655402109459,0.0184650620093338,3097.347966507673,2834,164907,0.0168950942226408,"selected calibrated PD ascending, then frozen base_order ascending"
logit_T_plus_AD,identity,73.5,0.735,False,168314,60685,73.49988427897065,0.0359794788997893,0.0004675787930436,0.0359794788997893,0.0185243241413697,3117.9030935305104,2852,165462,0.0169445203607543,"selected calibrated PD ascending, then frozen base_order ascending"
logit_T_plus_AD,identity,73.75,0.7375,False,168886,60113,73.74966702911367,0.0361982639668871,0.0004675787930436,0.0361982639668871,0.018583834971778,3138.549553043711,2877,166009,0.0170351598119441,"selected calibrated PD ascending, then frozen base_order ascending"
logit_T_plus_AD,identity,74.0,0.74,False,169459,59540,73.9998864623863,0.0364056768784822,0.0004675787930436,0.0364056768784822,0.0186437458602977,3159.3505297402,2899,166560,0.0171073829067798,"selected calibrated PD ascending, then frozen base_order ascending"
logit_T_plus_AD,identity,74.25,0.7425,False,170031,58968,74.24966921252931,0.0366077227246822,0.0004675787930436,0.0366077227246822,0.0187038455366344,3180.233560439486,2923,167108,0.0171909828207797,"selected calibrated PD ascending, then frozen base_order ascending"
logit_T_plus_AD,identity,74.5,0.745,False,170604,58395,74.49988864580195,0.0368387035317239,0.0004675787930436,0.0368387035317239,0.0187643636984731,3201.2755044143196,2947,167657,0.0172739208928278,"selected calibrated PD ascending, then frozen base_order ascending"
logit_T_plus_AD,identity,74.75,0.7475,False,171176,57823,74.74967139594496,0.0370546362912858,0.0004675787930436,0.0370546362912858,0.0188251133903664,3222.4076097093666,2979,168197,0.0174031406271907,"selected calibrated PD ascending, then frozen base_order ascending"
logit_T_plus_AD,identity,75.0,0.75,False,171749,57250,74.99989082921759,0.0372872177894643,0.0004675787930436,0.0372872177894643,0.0188863001261036,3243.7031603581677,3005,168744,0.0174964628615013,"selected calibrated PD ascending, then frozen base_order ascending"
logit_T_plus_AD,identity,75.25,0.7525,False,172321,56678,75.2496735793606,0.0375211883414932,0.0004675787930436,0.0375211883414932,0.0189477649914655,3265.0978110943274,3024,169297,0.017548644680567,"selected calibrated PD ascending, then frozen base_order ascending"
logit_T_plus_AD,identity,75.5,0.755,False,172894,56105,75.49989301263324,0.0377310083841701,0.0004675787930436,0.0377310083841701,0.0190096686608245,3286.657653444591,3054,169840,0.017664002221014,"selected calibrated PD ascending, then frozen base_order ascending"
logit_T_plus_AD,identity,75.75,0.7575,False,173466,55533,75.74967576277626,0.0379506869873935,0.0004675787930436,0.0379506869873935,0.0190717593166006,3308.3018016134556,3084,170382,0.0177787001487323,"selected calibrated PD ascending, then frozen base_order ascending"
logit_T_plus_AD,identity,76.0,0.76,False,174039,54960,75.9998951960489,0.0381809339845551,0.0004675787930436,0.0381809339845551,0.019134310064447,3330.116189306302,3112,170927,0.0178810496497911,"selected calibrated PD ascending, then frozen base_order ascending"
logit_T_plus_AD,identity,76.25,0.7625,False,174611,54388,76.24967794619191,0.0384122527649031,0.0004675787930436,0.0384122527649031,0.0191970796948739,3352.0212826016405,3134,171477,0.0179484683095566,"selected calibrated PD ascending, then frozen base_order ascending"
logit_T_plus_AD,identity,76.5,0.765,False,175184,53815,76.49989737946454,0.0386445572643509,0.0004675787930436,0.0386445572643509,0.0192602977126387,3374.095994490898,3157,172027,0.0180210521508813,"selected calibrated PD ascending, then frozen base_order ascending"
logit_T_plus_AD,identity,76.75,0.7675,False,175756,53243,76.74968012960755,0.0388859114962917,0.0004675787930436,0.0388859114962917,0.0193237901068352,3396.2720540169325,3189,172567,0.0181444730194132,"selected calibrated PD ascending, then frozen base_order ascending"
logit_T_plus_AD,identity,77.0,0.77,False,176329,52670,76.99989956288019,0.039134567092854,0.0004675787930436,0.039134567092854,0.0193877682848636,3418.6257939017146,3210,173119,0.0182046061623442,"selected calibrated PD ascending, then frozen base_order ascending"
logit_T_plus_AD,identity,77.25,0.7725,False,176901,52098,77.2496823130232,0.0393863056360917,0.0004675787930436,0.0393863056360917,0.0194520268451419,3441.0830009324477,3238,173663,0.0183040231541935,"selected calibrated PD ascending, then frozen base_order ascending"
logit_T_plus_AD,identity,77.5,0.775,False,177474,51525,77.49990174629583,0.039652706071313,0.0004675787930436,0.039652706071313,0.0195168236184914,3463.7287548681434,3265,174209,0.018397060977946,"selected calibrated PD ascending, then frozen base_order ascending"
logit_T_plus_AD,identity,77.75,0.7775,False,178046,50953,77.74968449643885,0.0398880528355484,0.0004675787930436,0.0398880528355484,0.0195819085490127,3486.480489517529,3288,174758,0.018467137705986,"selected calibrated PD ascending, then frozen base_order ascending"
logit_T_plus_AD,identity,78.0,0.78,False,178619,50380,77.99990392971148,0.040152652910052,0.0004675787930436,0.040152652910052,0.0196474746707511,3509.41227821489,3321,175298,0.0185926469188608,"selected calibrated PD ascending, then frozen base_order ascending"
logit_T_plus_AD,identity,78.25,0.7825,False,179191,49808,78.24968667985449,0.0404146480081372,0.0004675787930436,0.0404146480081372,0.0197133327699021,3532.4518123715297,3353,175838,0.0187118772706218,"selected calibrated PD ascending, then frozen base_order ascending"
logit_T_plus_AD,identity,78.5,0.785,False,179764,49235,78.49990611312712,0.0406975589328173,0.0004675787930436,0.0406975589328173,0.0197797841937931,3555.6931258130285,3373,176391,0.0187634899089917,"selected calibrated PD ascending, then frozen base_order ascending"
logit_T_plus_AD,identity,78.75,0.7875,False,180336,48663,78.74968886327015,0.040950616693142,0.0004675787930436,0.040950616693142,0.0198465407285597,3579.045768825549,3393,176943,0.0188148788927335,"selected calibrated PD ascending, then frozen base_order ascending"
logit_T_plus_AD,identity,79.0,0.79,False,180909,48090,78.99990829654278,0.0412038539481147,0.0004675787930436,0.0412038539481147,0.0199137867756597,3602.583251797834,3411,177498,0.0188547833441122,"selected calibrated PD ascending, then frozen base_order ascending"
logit_T_plus_AD,identity,79.25,0.7925,False,181481,47518,79.2496910466858,0.0414718118725725,0.0004675787930436,0.0414718118725725,0.0199813163543419,3626.229273302324,3438,178043,0.0189441318925948,"selected calibrated PD ascending, then frozen base_order ascending"
logit_T_plus_AD,identity,79.5,0.795,False,182054,46945,79.49991047995843,0.0417498494489262,0.0004675787930436,0.0417498494489262,0.0200493880361318,3650.071289529949,3459,178595,0.0189998571852307,"selected calibrated PD ascending, then frozen base_order ascending"
logit_T_plus_AD,identity,79.75,0.7975,False,182626,46373,79.74969323010144,0.0420485522178464,0.0004675787930436,0.0420485522178464,0.0201178217079793,3674.0373072414304,3495,179131,0.0191374722109666,"selected calibrated PD ascending, then frozen base_order ascending"
logit_T_plus_AD,identity,80.0,0.8,True,183199,45800,79.99991266337408,0.0423460966610435,0.0004675787930436,0.0423460966610435,0.0201868858613549,3698.2173029143705,3525,179674,0.0192413714048657,"selected calibrated PD ascending, then frozen base_order ascending"
lightgbm_T,identity,40.0,0.4,True,91599,137400,39.99973799012223,0.0155550709617544,0.0011122705239385,0.0155550709617544,0.0092248138114245,844.9837203126806,750,90849,0.0081878623129073,"selected calibrated PD ascending, then frozen base_order ascending"
lightgbm_T,identity,40.25,0.4025,False,92172,136827,40.24995742339486,0.0156557906900421,0.0011122705239385,0.0156557906900421,0.0092644814311759,853.9257824743468,758,91414,0.0082237555873801,"selected calibrated PD ascending, then frozen base_order ascending"
lightgbm_T,identity,40.5,0.405,False,92744,136255,40.49974017353787,0.0157461188308941,0.0011122705239385,0.0157461188308941,0.0093041881906707,862.907629555565,766,91978,0.0082592944017941,"selected calibrated PD ascending, then frozen base_order ascending"
lightgbm_T,identity,40.75,0.4075,False,93317,135682,40.74995960681051,0.0158390012309418,0.0011122705239385,0.0158390012309418,0.0093440222989825,871.9561288741513,773,92544,0.0082835924858278,"selected calibrated PD ascending, then frozen base_order ascending"
lightgbm_T,identity,41.0,0.41,False,93889,135110,40.999742356953526,0.0159361169647864,0.0011122705239385,0.0159361169647864,0.0093838873783985,881.0438020704597,782,93107,0.0083289842260541,"selected calibrated PD ascending, then frozen base_order ascending"
lightgbm_T,identity,41.25,0.4125,False,94462,134537,41.24996179022616,0.0160384383904169,0.0011122705239385,0.0160384383904169,0.0094239425401725,890.2044602297814,788,93674,0.0083419787851199,"selected calibrated PD ascending, then frozen base_order ascending"
lightgbm_T,identity,41.5,0.415,False,95034,133965,41.49974454036917,0.0161321582155928,0.0011122705239385,0.0161321582155928,0.0094640435269812,899.4059125431348,796,94238,0.0083759496601216,"selected calibrated PD ascending, then frozen base_order ascending"
lightgbm_T,identity,41.75,0.4175,False,95607,133392,41.749963973641805,0.0162219406185087,0.0011122705239385,0.0162219406185087,0.009504271550669,908.6748901448152,813,94794,0.0085035614547051,"selected calibrated PD ascending, then frozen base_order ascending"
lightgbm_T,identity,42.0,0.42,False,96179,132820,41.99974672378482,0.0163228518679931,0.0011122705239385,0.0163228518679931,0.009544518015541,917.982198216726,821,95358,0.0085361669387288,"selected calibrated PD ascending, then frozen base_order ascending"
lightgbm_T,identity,42.25,0.4225,False,96752,132247,42.24996615705746,0.0164202264139712,0.0011122705239385,0.0164202264139712,0.0095849513445747,927.363212490298,832,95920,0.0085993054407144,"selected calibrated PD ascending, then frozen base_order ascending"
lightgbm_T,identity,42.5,0.425,False,97324,131675,42.49974890720047,0.0165149257692205,0.0011122705239385,0.0165149257692205,0.0096254175656912,936.7841391633352,836,96488,0.0085898647815543,"selected calibrated PD ascending, then frozen base_order ascending"
lightgbm_T,identity,42.75,0.4275,False,97897,131102,42.7499683404731,0.0166156401647588,0.0011122705239385,0.0166156401647588,0.0096660294960819,946.2752895779316,844,97053,0.0086213060665801,"selected calibrated PD ascending, then frozen base_order ascending"
lightgbm_T,identity,43.0,0.43,False,98469,130530,42.999751090616115,0.0167196566056995,0.0011122705239385,0.0167196566056995,0.0097067022823119,955.809267036974,854,97615,0.0086727802658704,"selected calibrated PD ascending, then frozen base_order ascending"
lightgbm_T,identity,43.25,0.4325,False,99042,129957,43.24997052388875,0.0168206750183415,0.0011122705239385,0.0168206750183415,0.0097475685877063,965.418688063617,864,98178,0.0087235718180165,"selected calibrated PD ascending, then frozen base_order ascending"
lightgbm_T,identity,43.5,0.435,False,99614,129385,43.49975327403176,0.0169243138997542,0.0011122705239385,0.0169243138997542,0.009788484683322,975.0701132444382,872,98742,0.0087537896279639,"selected calibrated PD ascending, then frozen base_order ascending"
lightgbm_T,identity,43.75,0.4375,False,100187,128812,43.7499727073044,0.0170244662109583,0.0011122705239385,0.0170244662109583,0.0098295824383683,984.7963757528136,883,99304,0.0088135187199936,"selected calibrated PD ascending, then frozen base_order ascending"
lightgbm_T,identity,44.0,0.44,False,100759,128240,43.999755457447414,0.017132830366539,0.0011122705239385,0.017132830366539,0.0098707378232648,994.5656723343454,898,99861,0.0089123552238509,"selected calibrated PD ascending, then frozen base_order ascending"
lightgbm_T,identity,44.25,0.4425,False,101332,127667,44.24997489072005,0.0172392553576857,0.0011122705239385,0.0172392553576857,0.0099120979260225,1004.4127070397204,906,100426,0.0089409071171989,"selected calibrated PD ascending, then frozen base_order ascending"
lightgbm_T,identity,44.5,0.445,False,101904,127095,44.49975764086306,0.0173457130391011,0.0011122705239385,0.0173457130391011,0.0099535384929832,1014.3053865889648,914,100990,0.0089692259381378,"selected calibrated PD ascending, then frozen base_order ascending"
lightgbm_T,identity,44.75,0.4475,False,102477,126522,44.74997707413569,0.0174516260857106,0.0011122705239385,0.0174516260857106,0.0099951767172411,1024.2757244527168,928,101549,0.0090556905451955,"selected calibrated PD ascending, then frozen base_order ascending"
lightgbm_T,identity,45.0,0.45,False,103049,125950,44.99975982427871,0.0175572030062144,0.0011122705239385,0.0175572030062144,0.0100368550658454,1034.2878776803043,941,102108,0.0091315781812535,"selected calibrated PD ascending, then frozen base_order ascending"
lightgbm_T,identity,45.25,0.4525,False,103622,125377,45.249979257551345,0.0176621072593543,0.0011122705239385,0.0176621072593543,0.0100787263005289,1044.377776713407,947,102675,0.0091389859296288,"selected calibrated PD ascending, then frozen base_order ascending"
lightgbm_T,identity,45.5,0.455,False,104194,124805,45.49976200769436,0.0177681066340641,0.0011122705239385,0.0177681066340641,0.0101206537520008,1054.5113970359753,953,103241,0.009146399984644,"selected calibrated PD ascending, then frozen base_order ascending"
lightgbm_T,identity,45.75,0.4575,False,104767,124232,45.74998144096699,0.0178696270600185,0.0011122705239385,0.0178696270600185,0.0101627560256486,1064.721460539137,961,103806,0.0091727356896732,"selected calibrated PD ascending, then frozen base_order ascending"
lightgbm_T,identity,46.0,0.46,False,105339,123660,45.99976419111,0.0179766414957205,0.0011122705239385,0.0179766414957205,0.0102048956261015,1074.973500357906,972,104367,0.0092273516931051,"selected calibrated PD ascending, then frozen base_order ascending"
lightgbm_T,identity,46.25,0.4625,False,105912,123087,46.24998362438264,0.018087237060511,0.0011122705239385,0.018087237060511,0.0102472377330618,1085.3054427840473,979,104933,0.0092435229246921,"selected calibrated PD ascending, then frozen base_order ascending"
lightgbm_T,identity,46.5,0.465,False,106484,122515,46.499766374525656,0.0181977468152465,0.0011122705239385,0.0181977468152465,0.0102896466459049,1095.682733442547,984,105500,0.0092408249126629,"selected calibrated PD ascending, then frozen base_order ascending"
lightgbm_T,identity,46.75,0.4675,False,107057,121942,46.74998580779829,0.0183083233165724,0.0011122705239385,0.0183083233165724,0.0103322590493327,1106.1406570444135,994,106063,0.0092847735318568,"selected calibrated PD ascending, then frozen base_order ascending"
lightgbm_T,identity,47.0,0.47,False,107629,121370,46.9997685579413,0.0184259945473868,0.0011122705239385,0.0184259945473868,0.010374967002367,1116.6473234977605,1008,106621,0.0093655055793512,"selected calibrated PD ascending, then frozen base_order ascending"
lightgbm_T,identity,47.25,0.4725,False,108202,120797,47.249987991213935,0.018542982992447,0.0011122705239385,0.018542982992447,0.0104179085499019,1127.2385409164874,1021,107181,0.0094360547864179,"selected calibrated PD ascending, then frozen base_order ascending"
lightgbm_T,identity,47.5,0.475,False,108774,120225,47.49977074135695,0.0186640158896311,0.0011122705239385,0.0186640158896311,0.0104609618011456,1137.880658957814,1034,107740,0.0095059481126004,"selected calibrated PD ascending, then frozen base_order ascending"
lightgbm_T,identity,47.75,0.4775,False,109347,119652,47.74999017462958,0.0187802025070115,0.0011122705239385,0.0187802025070115,0.0105042440375843,1148.6075727777306,1047,108300,0.0095750226343658,"selected calibrated PD ascending, then frozen base_order ascending"
lightgbm_T,identity,48.0,0.48,False,109919,119080,47.9997729247726,0.0188981799145088,0.0011122705239385,0.0188981799145088,0.0105476125145364,1159.3830199853269,1056,108863,0.0096070743001664,"selected calibrated PD ascending, then frozen base_order ascending"
lightgbm_T,identity,48.25,0.4825,False,110492,118507,48.24999235804523,0.0190223499965223,0.0011122705239385,0.0190223499965223,0.0105912394303036,1170.2472271331103,1069,109423,0.0096749085906671,"selected calibrated PD ascending, then frozen base_order ascending"
lightgbm_T,identity,48.5,0.485,False,111064,117935,48.499775108188246,0.0191443526004738,0.0011122705239385,0.0191443526004738,0.010634983771075,1181.163837550681,1075,109989,0.0096791039400705,"selected calibrated PD ascending, then frozen base_order ascending"
lightgbm_T,identity,48.75,0.4875,False,111637,117362,48.74999454146088,0.0192612480999755,0.0011122705239385,0.0192612480999755,0.0106789571567325,1192.1667401061543,1087,110550,0.0097369151804509,"selected calibrated PD ascending, then frozen base_order ascending"
lightgbm_T,identity,49.0,0.49,False,112209,116790,48.99977729160389,0.0193856343425758,0.0011122705239385,0.0193856343425758,0.0107230236455248,1203.2197602406984,1100,111109,0.0098031352208824,"selected calibrated PD ascending, then frozen base_order ascending"
lightgbm_T,identity,49.25,0.4925,False,112782,116217,49.249996724876524,0.0195123566302054,0.0011122705239385,0.0195123566302054,0.0107673607855072,1214.3644841110831,1113,111669,0.0098685960525615,"selected calibrated PD ascending, then frozen base_order ascending"
lightgbm_T,identity,49.5,0.495,False,113354,115645,49.499779475019544,0.0196273468257611,0.0011122705239385,0.0196273468257611,0.0108117777252602,1225.5582522691475,1124,112230,0.0099158388764401,"selected calibrated PD ascending, then frozen base_order ascending"
lightgbm_T,identity,49.75,0.4975,False,113927,115072,49.74999890829218,0.0197480147595457,0.0011122705239385,0.0197480147595457,0.0108564258695168,1236.840030036444,1139,112788,0.009997630061355,"selected calibrated PD ascending, then frozen base_order ascending"
lightgbm_T,identity,50.0,0.5,True,114499,114500,49.99978165843519,0.0198736850170374,0.0011122705239385,0.0198736850170374,0.0109011540003388,1248.171231884801,1147,113352,0.0100175547384693,"selected calibrated PD ascending, then frozen base_order ascending"
lightgbm_T,identity,50.25,0.5025,False,115071,113928,50.2495644085782,0.0199941897616998,0.0011122705239385,0.0199941897616998,0.0109460535050356,1259.5733228779518,1163,113908,0.0101068036255876,"selected calibrated PD ascending, then frozen base_order ascending"
lightgbm_T,identity,50.5,0.505,False,115644,113355,50.499783841850835,0.0201224243206878,0.0011122705239385,0.0201224243206878,0.0109912172381743,1271.0683262914383,1178,114466,0.0101864342291861,"selected calibrated PD ascending, then frozen base_order ascending"
lightgbm_T,identity,50.75,0.5075,False,116216,112783,50.749566591993855,0.0202521165316168,0.0011122705239385,0.0202521165316168,0.0110364944820247,1282.6172427229933,1185,115031,0.0101965305981964,"selected calibrated PD ascending, then frozen base_order ascending"
lightgbm_T,identity,51.0,0.51,False,116789,112210,50.99978602526649,0.0203865602436934,0.0011122705239385,0.0203865602436934,0.0110820375549873,1294.2600840094167,1197,115592,0.0102492529262173,"selected calibrated PD ascending, then frozen base_order ascending"
lightgbm_T,identity,51.25,0.5125,False,117361,111638,51.2495687754095,0.020512392829884,0.0011122705239385,0.020512392829884,0.0111276956649605,1305.9574909354387,1208,116153,0.0102930274963573,"selected calibrated PD ascending, then frozen base_order ascending"
lightgbm_T,identity,51.5,0.515,False,117934,111065,51.49978820868213,0.0206431953201621,0.0011122705239385,0.0206431953201621,0.0111736068311837,1317.748148028819,1215,116719,0.0103023725134397,"selected calibrated PD ascending, then frozen base_order ascending"
lightgbm_T,identity,51.75,0.5175,False,118506,110493,51.749570958825146,0.0207683971395998,0.0011122705239385,0.0207683971395998,0.0112196217242857,1329.592492058209,1227,117279,0.0103539061313351,"selected calibrated PD ascending, then frozen base_order ascending"
lightgbm_T,identity,52.0,0.52,False,119079,109920,51.99979039209778,0.0209004972288065,0.0011122705239385,0.0209004972288065,0.0112658806536421,1341.5298023550497,1240,117839,0.0104132550659646,"selected calibrated PD ascending, then frozen base_order ascending"
lightgbm_T,identity,52.25,0.5225,False,119651,109348,52.2495731422408,0.0210251452808594,0.0011122705239385,0.0210251452808594,0.0113122243777154,1353.5189590180346,1251,118400,0.0104554078110504,"selected calibrated PD ascending, then frozen base_order ascending"
lightgbm_T,identity,52.5,0.525,False,120224,108775,52.49979257551343,0.0211517541478323,0.0011122705239385,0.0211517541478323,0.0113588192298221,1365.6026830861351,1261,118963,0.0104887543252595,"selected calibrated PD ascending, then frozen base_order ascending"
lightgbm_T,identity,52.75,0.5275,False,120796,108203,52.74957532565645,0.0212902189995576,0.0011122705239385,0.0212902189995576,0.0114055219668273,1377.7414315048754,1272,119524,0.010530150004967,"selected calibrated PD ascending, then frozen base_order ascending"
lightgbm_T,identity,53.0,0.53,False,121369,107630,52.99979475892908,0.0214203259732769,0.0011122705239385,0.0214203259732769,0.011452496326523,1389.978026653771,1281,120088,0.0105545897222519,"selected calibrated PD ascending, then frozen base_order ascending"
lightgbm_T,identity,53.25,0.5325,False,121941,107058,53.24957750907209,0.0215593715170796,0.0011122705239385,0.0215593715170796,0.0114995902734236,1402.2715375315472,1288,120653,0.0105624851362544,"selected calibrated PD ascending, then frozen base_order ascending"
lightgbm_T,identity,53.5,0.535,False,122514,106485,53.49979694234472,0.0216927654785535,0.0011122705239385,0.0216927654785535,0.0115469453146716,1414.6624582816776,1296,121218,0.0105783828786914,"selected calibrated PD ascending, then frozen base_order ascending"
lightgbm_T,identity,53.75,0.5375,False,123086,105913,53.74957969248774,0.0218356530863383,0.0011122705239385,0.0218356530863383,0.0115944258651142,1427.1115020334482,1311,121775,0.0106510894821506,"selected calibrated PD ascending, then frozen base_order ascending"
lightgbm_T,identity,54.0,0.54,False,123659,105340,53.999799125760376,0.0219742340522825,0.0011122705239385,0.0219742340522825,0.0116422181567117,1439.665055040824,1324,122335,0.0107068632287176,"selected calibrated PD ascending, then frozen base_order ascending"
lightgbm_T,identity,54.25,0.5425,False,124231,104768,54.24958187590339,0.022112129030228,0.0011122705239385,0.022112129030228,0.0116901052856471,1452.2734697412327,1338,122893,0.0107702586310985,"selected calibrated PD ascending, then frozen base_order ascending"
lightgbm_T,identity,54.5,0.545,False,124804,104195,54.49980130917602,0.0222433681844824,0.0011122705239385,0.0222433681844824,0.0117382698508643,1464.9830304672685,1353,123451,0.0108409986859395,"selected calibrated PD ascending, then frozen base_order ascending"
lightgbm_T,identity,54.75,0.5475,False,125376,103623,54.749584059319034,0.0223906907194429,0.0011122705239385,0.0223906907194429,0.0117865391362853,1477.7491307509144,1369,124007,0.0109191551812149,"selected calibrated PD ascending, then frozen base_order ascending"
lightgbm_T,identity,55.0,0.55,False,125949,103050,54.999803492591674,0.0225362106583488,0.0011122705239385,0.0225362106583488,0.0118351085443247,1490.6200860491576,1384,124565,0.0109885747405695,"selected calibrated PD ascending, then frozen base_order ascending"
lightgbm_T,identity,55.25,0.5525,False,126521,102478,55.249586242734686,0.0226689492802209,0.0011122705239385,0.0226689492802209,0.0118837935072897,1503.5494383358073,1399,125122,0.0110574529129551,"selected calibrated PD ascending, then frozen base_order ascending"
lightgbm_T,identity,55.5,0.555,False,127094,101905,55.49980567600732,0.0228137367372099,0.0011122705239385,0.0228137367372099,0.0119327289496931,1516.578253132303,1416,125678,0.0111413599383133,"selected calibrated PD ascending, then frozen base_order ascending"
lightgbm_T,identity,55.75,0.5575,False,127666,101333,55.74958842615033,0.0229554090119122,0.0011122705239385,0.0229554090119122,0.0119817984086201,1529.668275634904,1432,126234,0.0112167687559726,"selected calibrated PD ascending, then frozen base_order ascending"
lightgbm_T,identity,56.0,0.56,False,128239,100760,55.999807859422965,0.0231122832828179,0.0011122705239385,0.0231122832828179,0.0120311777218698,1542.8661998748669,1446,126793,0.0112758209281107,"selected calibrated PD ascending, then frozen base_order ascending"
lightgbm_T,identity,56.25,0.5625,False,128811,100188,56.24959060956598,0.0232668319516068,0.0011122705239385,0.0232668319516068,0.0120807162905557,1556.1291461027822,1459,127352,0.0113266724115176,"selected calibrated PD ascending, then frozen base_order ascending"
lightgbm_T,identity,56.5,0.565,False,129384,99615,56.49981004283862,0.0234076897768404,0.0011122705239385,0.0234076897768404,0.0121305757641567,1569.5024146696585,1469,127915,0.0113537995424472,"selected calibrated PD ascending, then frozen base_order ascending"
lightgbm_T,identity,56.75,0.5675,False,129956,99043,56.74959279298163,0.0235512473005306,0.0011122705239385,0.0235512473005306,0.0121805181105779,1582.9314115782638,1485,128471,0.0114269445042937,"selected calibrated PD ascending, then frozen base_order ascending"
lightgbm_T,identity,57.0,0.57,False,130529,98470,56.999812226254264,0.0237029135208698,0.0011122705239385,0.0237029135208698,0.0122307673455807,1596.4698308513057,1497,129032,0.0114687157643129,"selected calibrated PD ascending, then frozen base_order ascending"
lightgbm_T,identity,57.25,0.5725,False,131101,97898,57.24959497639728,0.0238628369011877,0.0011122705239385,0.0238628369011877,0.012281167929414,1610.0733967141166,1518,129583,0.0115788590476045,"selected calibrated PD ascending, then frozen base_order ascending"
lightgbm_T,identity,57.5,0.575,False,131674,97325,57.49981440966991,0.0240158231902251,0.0011122705239385,0.0240158231902251,0.0123318965569383,1623.7901472382937,1535,130139,0.0116575785652444,"selected calibrated PD ascending, then frozen base_order ascending"
lightgbm_T,identity,57.75,0.5775,False,132246,96753,57.74959715981292,0.0241787817434324,0.0011122705239385,0.0241787817434324,0.0123827942685568,1637.575010839572,1554,130692,0.0117508280023592,"selected calibrated PD ascending, then frozen base_order ascending"
lightgbm_T,identity,58.0,0.58,False,132819,96180,57.99981659308556,0.0243398309159626,0.0011122705239385,0.0243398309159626,0.0124340309707877,1651.4755595090644,1573,131246,0.011843185086471,"selected calibrated PD ascending, then frozen base_order ascending"
lightgbm_T,identity,58.25,0.5825,False,133391,95608,58.249599343228574,0.0244868820855915,0.0011122705239385,0.0244868820855915,0.0124854072472207,1665.4409581140203,1588,131803,0.0119048511518768,"selected calibrated PD ascending, then frozen base_order ascending"
lightgbm_T,identity,58.5,0.585,False,133964,95035,58.49981877650121,0.0246666724201358,0.0011122705239385,0.0246666724201358,0.0125371251942619,1679.5234395241123,1601,132363,0.0119509719028992,"selected calibrated PD ascending, then frozen base_order ascending"
lightgbm_T,identity,58.75,0.5875,False,134536,94463,58.74960152664422,0.0248315295461489,0.0011122705239385,0.0248315295461489,0.0125890580380351,1693.681512205091,1613,132923,0.0119893560088006,"selected calibrated PD ascending, then frozen base_order ascending"
lightgbm_T,identity,59.0,0.59,False,135109,93890,58.99982095991685,0.0250047742383137,0.0011122705239385,0.0250047742383137,0.0126413478386702,1707.9598651348952,1630,133479,0.012064333242049,"selected calibrated PD ascending, then frozen base_order ascending"
lightgbm_T,identity,59.25,0.5925,False,135681,93318,59.24960371005987,0.0251611342067945,0.0011122705239385,0.0251611342067945,0.0126938029342581,1722.3078759230775,1643,134038,0.0121092857511368,"selected calibrated PD ascending, then frozen base_order ascending"
lightgbm_T,identity,59.5,0.595,False,136254,92745,59.499823143332506,0.0253190084769572,0.0011122705239385,0.0253190084769572,0.0127465573960369,1736.769431439624,1660,134594,0.0121831285687025,"selected calibrated PD ascending, then frozen base_order ascending"
lightgbm_T,identity,59.75,0.5975,False,136826,92173,59.74960589347552,0.0254753457002746,0.0011122705239385,0.0254753457002746,0.0127994565133959,1751.2984369019168,1671,135155,0.012212591174192,"selected calibrated PD ascending, then frozen base_order ascending"
lightgbm_T,identity,60.0,0.6,True,137399,91600,59.99982532674815,0.025643627662589,0.0011122705239385,0.025643627662589,0.0128526826094168,1765.9457378512616,1689,135710,0.0122926658854867,"selected calibrated PD ascending, then frozen base_order ascending"
lightgbm_T,identity,60.25,0.6025,False,137971,91028,60.24960807689117,0.0258173820508424,0.0011122705239385,0.0258173820508424,0.0129060666759914,1780.662925353217,1711,136260,0.0124011567648273,"selected calibrated PD ascending, then frozen base_order ascending"
lightgbm_T,identity,60.5,0.605,False,138544,90455,60.4998275101638,0.0259667622419209,0.0011122705239385,0.0259667622419209,0.0129597825748623,1795.5001170517314,1725,136819,0.0124509181198752,"selected calibrated PD ascending, then frozen base_order ascending"
lightgbm_T,identity,60.75,0.6075,False,139116,89883,60.74961026030682,0.0261289674917035,0.0011122705239385,0.0261289674917035,0.0130135946477733,1810.3992330196425,1743,137373,0.012529112395411,"selected calibrated PD ascending, then frozen base_order ascending"
lightgbm_T,identity,61.0,0.61,False,139689,89310,60.99982969357945,0.0262912402858766,0.0011122705239385,0.0262912402858766,0.0130677414166287,1825.419730747459,1757,137932,0.0125779409975015,"selected calibrated PD ascending, then frozen base_order ascending"
lightgbm_T,identity,61.25,0.6125,False,140261,88738,61.24961244372246,0.0264615244631201,0.0011122705239385,0.0264615244631201,0.0131220246015291,1840.508292635084,1775,138486,0.0126549789321336,"selected calibrated PD ascending, then frozen base_order ascending"
lightgbm_T,identity,61.5,0.615,False,140834,88165,61.499831876995096,0.026627938717482,0.0011122705239385,0.026627938717482,0.0131766382038595,1855.718664802356,1788,139046,0.0126957978897141,"selected calibrated PD ascending, then frozen base_order ascending"
lightgbm_T,identity,61.75,0.6175,False,141406,87593,61.74961462713811,0.026794993792003,0.0011122705239385,0.026794993792003,0.0132313716261293,1870.995336164452,1808,139598,0.01278587895846,"selected calibrated PD ascending, then frozen base_order ascending"
lightgbm_T,identity,62.0,0.62,False,141979,87020,61.99983406041074,0.0269561246770953,0.0011122705239385,0.0269561246770953,0.0132864322109733,1886.3943588817815,1826,140153,0.0128610569168679,"selected calibrated PD ascending, then frozen base_order ascending"
lightgbm_T,identity,62.25,0.6225,False,142551,86448,62.24961681055376,0.0271118419573158,0.0011122705239385,0.0271118419573158,0.0133415990515317,1901.8582863948989,1845,140706,0.0129427362838563,"selected calibrated PD ascending, then frozen base_order ascending"
lightgbm_T,identity,62.5,0.625,False,143124,85875,62.499836243826394,0.0272848605937423,0.0011122705239385,0.0272848605937423,0.0133970706035614,1917.4423330641312,1857,141267,0.0129747631424499,"selected calibrated PD ascending, then frozen base_order ascending"
lightgbm_T,identity,62.75,0.6275,False,143696,85303,62.749618993969406,0.0274643327939599,0.0011122705239385,0.0274643327939599,0.0134527171044382,1933.1016370393536,1880,141816,0.0130831755929183,"selected calibrated PD ascending, then frozen base_order ascending"
lightgbm_T,identity,63.0,0.63,False,144269,84730,62.99983842724204,0.0276227800023608,0.0011122705239385,0.0276227800023608,0.0135086800670664,1948.8837645956037,1894,142375,0.0131282534709466,"selected calibrated PD ascending, then frozen base_order ascending"
lightgbm_T,identity,63.25,0.6325,False,144841,84158,63.24962117738505,0.0278013604804449,0.0011122705239385,0.0278013604804449,0.0135647825227257,1964.7366653741187,1906,142935,0.0131592573925891,"selected calibrated PD ascending, then frozen base_order ascending"
lightgbm_T,identity,63.5,0.635,False,145414,83585,63.499840610657685,0.0279779356453077,0.0011122705239385,0.0279779356453077,0.0136212268119215,1980.7170756287655,1924,143490,0.0132311881937089,"selected calibrated PD ascending, then frozen base_order ascending"
lightgbm_T,identity,63.75,0.6375,False,145986,83013,63.749623360800705,0.0281595457409541,0.0011122705239385,0.0281595457409541,0.0136778414134972,1996.773356590808,1939,144047,0.0132820955434082,"selected calibrated PD ascending, then frozen base_order ascending"
lightgbm_T,identity,64.0,0.64,False,146559,82440,63.99984279407334,0.0283327358943998,0.0011122705239385,0.0283327358943998,0.0137348004101694,2012.95861331403,1953,144606,0.0133256913597936,"selected calibrated PD ascending, then frozen base_order ascending"
lightgbm_T,identity,64.25,0.6425,False,147131,81868,64.24962554421636,0.0285215994543871,0.0011122705239385,0.0285215994543871,0.0137919304112767,2029.2205133415623,1966,145165,0.0133622418117188,"selected calibrated PD ascending, then frozen base_order ascending"
lightgbm_T,identity,64.5,0.645,False,147704,81295,64.49984497748899,0.0286967930437368,0.0011122705239385,0.0286967930437368,0.0138494120457624,2045.6135568072912,1990,145714,0.0134728917294047,"selected calibrated PD ascending, then frozen base_order ascending"
lightgbm_T,identity,64.75,0.6475,False,148276,80723,64.749627727632,0.0288694547281848,0.0011122705239385,0.0288694547281848,0.0139070378855802,2062.0799495222977,2006,146270,0.0135288246243491,"selected calibrated PD ascending, then frozen base_order ascending"
lightgbm_T,identity,65.0,0.65,False,148849,80150,64.99984716090464,0.0290480786495249,0.0011122705239385,0.0290480786495249,0.0139649778459479,2078.6729873915,2020,146829,0.0135707999381923,"selected calibrated PD ascending, then frozen base_order ascending"
lightgbm_T,identity,65.25,0.6525,False,149421,79578,65.24962991104765,0.0292313293603893,0.0011122705239385,0.0292313293603893,0.0140230825140656,2095.343012334199,2034,147387,0.0136125444214668,"selected calibrated PD ascending, then frozen base_order ascending"
lightgbm_T,identity,65.5,0.655,False,149994,79005,65.49984934432028,0.0294067802686386,0.0011122705239385,0.0294067802686386,0.0140815181367957,2112.1432314105455,2043,147951,0.0136205448217928,"selected calibrated PD ascending, then frozen base_order ascending"
lightgbm_T,identity,65.75,0.6575,False,150566,78433,65.7496320944633,0.0295995048211157,0.0011122705239385,0.0295995048211157,0.0141401001684763,2129.0183219668083,2059,148507,0.0136750660839764,"selected calibrated PD ascending, then frozen base_order ascending"
lightgbm_T,identity,66.0,0.66,False,151139,77860,65.99985152773593,0.0297966017650251,0.0011122705239385,0.0297966017650251,0.0141990730812154,2146.0337064218165,2069,149070,0.013689385267866,"selected calibrated PD ascending, then frozen base_order ascending"
lightgbm_T,identity,66.25,0.6625,False,151711,77288,66.24963427787894,0.0299824281655844,0.0011122705239385,0.0299824281655844,0.0142582255606979,2163.1296580390463,2089,149622,0.0137696014132132,"selected calibrated PD ascending, then frozen base_order ascending"
lightgbm_T,identity,66.5,0.665,False,152284,76715,66.49985371115157,0.0301766520493264,0.0011122705239385,0.0301766520493264,0.0143177757669245,2180.368164890343,2113,150171,0.0138753907173439,"selected calibrated PD ascending, then frozen base_order ascending"
lightgbm_T,identity,66.75,0.6675,False,152856,76143,66.74963646129459,0.0303609881151214,0.0011122705239385,0.0303609881151214,0.0143774657146285,2197.6818992752583,2131,150725,0.0139412257287904,"selected calibrated PD ascending, then frozen base_order ascending"
lightgbm_T,identity,67.0,0.67,False,153429,75570,66.99985589456722,0.030566995658567,0.0011122705239385,0.030566995658567,0.0144375485980204,2215.138643845678,2152,151277,0.0140260315846417,"selected calibrated PD ascending, then frozen base_order ascending"
lightgbm_T,identity,67.25,0.6725,False,154001,74998,67.24963864471025,0.030777503562287,0.0011122705239385,0.030777503562287,0.0144978386335271,2232.6816474018133,2173,151828,0.014110297985078,"selected calibrated PD ascending, then frozen base_order ascending"
lightgbm_T,identity,67.5,0.675,False,154574,74425,67.49985807798288,0.0309720452284771,0.0011122705239385,0.0309720452284771,0.0145585442866058,2250.372424557818,2194,152380,0.01419384890085,"selected calibrated PD ascending, then frozen base_order ascending"
lightgbm_T,identity,67.75,0.6775,False,155146,73853,67.74964082812589,0.0311626991698026,0.0011122705239385,0.0311626991698026,0.0146194035244566,2268.1419792053553,2212,152934,0.0142575380609232,"selected calibrated PD ascending, then frozen base_order ascending"
lightgbm_T,identity,68.0,0.68,False,155719,73280,67.99986026139852,0.031371216951167,0.0011122705239385,0.031371216951167,0.0146806694935237,2286.0591728620307,2226,153493,0.0142949800602367,"selected calibrated PD ascending, then frozen base_order ascending"
lightgbm_T,identity,68.25,0.6825,False,156291,72708,68.24964301154154,0.0315734165935975,0.0011122705239385,0.0315734165935975,0.0147421218702735,2304.060969226926,2240,154051,0.0143322392204285,"selected calibrated PD ascending, then frozen base_order ascending"
lightgbm_T,identity,68.5,0.685,False,156864,72135,68.49986244481417,0.0317691894426686,0.0011122705239385,0.0317691894426686,0.0148039686656883,2322.20974077454,2261,154603,0.0144137596899224,"selected calibrated PD ascending, then frozen base_order ascending"
lightgbm_T,identity,68.75,0.6875,False,157436,71563,68.74964519495718,0.0319795263237049,0.0011122705239385,0.0319795263237049,0.0148659817664223,2340.4407053784635,2289,155147,0.0145392413425137,"selected calibrated PD ascending, then frozen base_order ascending"
lightgbm_T,identity,69.0,0.69,False,158009,70990,68.99986462822982,0.0321928078093666,0.0011122705239385,0.0321928078093666,0.0149284353553144,2358.8271420578867,2307,155702,0.0146004341524849,"selected calibrated PD ascending, then frozen base_order ascending"
lightgbm_T,identity,69.25,0.6925,False,158581,70418,69.24964737837283,0.0324182393718316,0.0011122705239385,0.0324182393718316,0.0149911169699577,2377.306320212862,2321,156260,0.0146360534994734,"selected calibrated PD ascending, then frozen base_order ascending"
lightgbm_T,identity,69.5,0.695,False,159154,69845,69.49986681164546,0.0326348245180906,0.0011122705239385,0.0326348245180906,0.0150542556965401,2395.9450111271444,2339,156815,0.0146964575191324,"selected calibrated PD ascending, then frozen base_order ascending"
lightgbm_T,identity,69.75,0.6975,False,159726,69273,69.74964956178847,0.0328420357342259,0.0011122705239385,0.0328420357342259,0.0151175926033093,2414.672596156189,2352,157374,0.0147252169339994,"selected calibrated PD ascending, then frozen base_order ascending"
lightgbm_T,identity,70.0,0.7,True,160299,68700,69.99986899506112,0.0330828023286133,0.0011122705239385,0.0330828023286133,0.015181393128283,2433.5621370706526,2372,157927,0.0147973474569398,"selected calibrated PD ascending, then frozen base_order ascending"
lightgbm_T,identity,70.25,0.7025,False,160871,68128,70.24965174520413,0.0333013886130502,0.0011122705239385,0.0333013886130502,0.0152454377855135,2452.548821993355,2391,158480,0.0148628404125044,"selected calibrated PD ascending, then frozen base_order ascending"
lightgbm_T,identity,70.5,0.705,False,161444,67555,70.49987117847677,0.033517575628955,0.0011122705239385,0.033517575628955,0.015309895233217,2471.690726031488,2410,159034,0.0149277768142513,"selected calibrated PD ascending, then frozen base_order ascending"
lightgbm_T,identity,70.75,0.7075,False,162016,66983,70.74965392861978,0.0337349266580771,0.0011122705239385,0.0337349266580771,0.0153745699873145,2490.9263310647525,2429,159587,0.01499234643492,"selected calibrated PD ascending, then frozen base_order ascending"
lightgbm_T,identity,71.0,0.71,False,162589,66410,70.99987336189241,0.0339778213823452,0.0011122705239385,0.0339778213823452,0.0154397120348631,2510.327340036372,2450,160139,0.0150686700822318,"selected calibrated PD ascending, then frozen base_order ascending"
lightgbm_T,identity,71.25,0.7125,False,163161,65838,71.24965611203542,0.0342111602112533,0.0011122705239385,0.0342111602112533,0.0155051037968538,2529.828240598471,2468,160693,0.0151261637278516,"selected calibrated PD ascending, then frozen base_order ascending"
lightgbm_T,identity,71.5,0.715,False,163734,65265,71.49987554530806,0.0344489133391906,0.0011122705239385,0.0344489133391906,0.015570987398357,2549.5000506825904,2499,161235,0.0152625600058631,"selected calibrated PD ascending, then frozen base_order ascending"
lightgbm_T,identity,71.75,0.7175,False,164306,64693,71.74965829545107,0.03468378516167,0.0011122705239385,0.03468378516167,0.0156371059584439,2569.2703316080992,2515,161791,0.0153068055944396,"selected calibrated PD ascending, then frozen base_order ascending"
lightgbm_T,identity,72.0,0.72,False,164879,64120,71.9998777287237,0.034917096142234,0.0011122705239385,0.034917096142234,0.0157037004867373,2589.210432552774,2531,162348,0.0153506510835218,"selected calibrated PD ascending, then frozen base_order ascending"
lightgbm_T,identity,72.25,0.7225,False,165451,63548,72.24966047886672,0.0351800264435615,0.0011122705239385,0.0351800264435615,0.0157705670822908,2609.2560943320977,2557,162894,0.0154547267771122,"selected calibrated PD ascending, then frozen base_order ascending"
lightgbm_T,identity,72.5,0.725,False,166024,62975,72.49987991213935,0.0354305102806369,0.0011122705239385,0.0354305102806369,0.0158379955925438,2629.487380256494,2579,163445,0.015533898713439,"selected calibrated PD ascending, then frozen base_order ascending"
lightgbm_T,identity,72.75,0.7275,False,166596,62403,72.74966266228236,0.0356685159917128,0.0011122705239385,0.0356685159917128,0.0159056776804483,2649.8222788519793,2598,163998,0.0155946121155369,"selected calibrated PD ascending, then frozen base_order ascending"
lightgbm_T,identity,73.0,0.73,False,167169,61830,72.99988209555501,0.0359245249226377,0.0011122705239385,0.0359245249226377,0.0159738555629288,2670.3334605992495,2612,164557,0.0156249065317134,"selected calibrated PD ascending, then frozen base_order ascending"
lightgbm_T,identity,73.25,0.7325,False,167741,61258,73.24966484569802,0.0361647757291373,0.0011122705239385,0.0361647757291373,0.0160423036984285,2690.9520646781116,2631,165110,0.0156848951657615,"selected calibrated PD ascending, then frozen base_order ascending"
lightgbm_T,identity,73.5,0.735,False,168314,60685,73.49988427897065,0.0364297966473275,0.0011122705239385,0.0364297966473275,0.0161112620663672,2711.7509634385315,2661,165653,0.0158097365638033,"selected calibrated PD ascending, then frozen base_order ascending"
lightgbm_T,identity,73.75,0.7375,False,168886,60113,73.74966702911367,0.0367027346928647,0.0011122705239385,0.0367027346928647,0.0161805411953166,2732.6668803122425,2681,166205,0.015874613644707,"selected calibrated PD ascending, then frozen base_order ascending"
lightgbm_T,identity,74.0,0.74,False,169459,59540,73.9998864623863,0.0369719197942506,0.0011122705239385,0.0369719197942506,0.016250407555281,2753.777813910364,2700,166759,0.0159330575537445,"selected calibrated PD ascending, then frozen base_order ascending"
lightgbm_T,identity,74.25,0.7425,False,170031,58968,74.24966921252931,0.0372481063107683,0.0011122705239385,0.0372481063107683,0.0163205873535324,2775.0057883084673,2719,167312,0.0159912016044133,"selected calibrated PD ascending, then frozen base_order ascending"
lightgbm_T,identity,74.5,0.745,False,170604,58395,74.49988864580195,0.0375210229710028,0.0011122705239385,0.0375210229710028,0.0163913327729941,2796.426936403889,2742,167862,0.0160723078005205,"selected calibrated PD ascending, then frozen base_order ascending"
lightgbm_T,identity,74.75,0.7475,False,171176,57823,74.74967139594496,0.0377892487419999,0.0011122705239385,0.0377892487419999,0.0164623917284357,2817.9663665067255,2754,168422,0.0160887040239285,"selected calibrated PD ascending, then frozen base_order ascending"
lightgbm_T,identity,75.0,0.75,False,171749,57250,74.99989082921759,0.0380716089784147,0.0011122705239385,0.0380716089784147,0.016534013949503,2839.7003618131994,2781,168968,0.0161922340159185,"selected calibrated PD ascending, then frozen base_order ascending"
lightgbm_T,identity,75.25,0.7525,False,172321,56678,75.2496735793606,0.0383466546893483,0.0011122705239385,0.0383466546893483,0.0166059366664176,2861.5516122937565,2806,169515,0.0162835638140447,"selected calibrated PD ascending, then frozen base_order ascending"
lightgbm_T,identity,75.5,0.755,False,172894,56105,75.49989301263324,0.0386358564487375,0.0011122705239385,0.0386358564487375,0.0166784704671218,2883.6074729425654,2830,170064,0.0163684107025113,"selected calibrated PD ascending, then frozen base_order ascending"
lightgbm_T,identity,75.75,0.7575,False,173466,55533,75.74967576277626,0.0389283558265526,0.0011122705239385,0.0389283558265526,0.0167513585925283,2905.7911696115293,2858,170608,0.0164758511754464,"selected calibrated PD ascending, then frozen base_order ascending"
lightgbm_T,identity,76.0,0.76,False,174039,54960,75.9998951960489,0.0392106972023307,0.0011122705239385,0.0392106972023307,0.0168248495690669,2928.179994150842,2884,171155,0.0165709984543694,"selected calibrated PD ascending, then frozen base_order ascending"
lightgbm_T,identity,76.25,0.7625,False,174611,54388,76.24967794619191,0.0395034227421754,0.0011122705239385,0.0395034227421754,0.0168986694197154,2950.6935660459394,2902,171709,0.016619800585301,"selected calibrated PD ascending, then frozen base_order ascending"
lightgbm_T,identity,76.5,0.765,False,175184,53815,76.49989737946454,0.0397882037432729,0.0011122705239385,0.0397882037432729,0.0169730608135696,2973.408685564378,2925,172259,0.0166967302950041,"selected calibrated PD ascending, then frozen base_order ascending"
lightgbm_T,identity,76.75,0.7675,False,175756,53243,76.74968012960755,0.0400704116876658,0.0011122705239385,0.0400704116876658,0.0170477735389715,2996.248486115477,2938,172818,0.0167163567673365,"selected calibrated PD ascending, then frozen base_order ascending"
lightgbm_T,identity,77.0,0.77,False,176329,52670,76.99989956288019,0.0404077258706357,0.0011122705239385,0.0404077258706357,0.0171231330261363,3019.3049233655925,2962,173367,0.0167981443778391,"selected calibrated PD ascending, then frozen base_order ascending"
lightgbm_T,identity,77.25,0.7725,False,176901,52098,77.2496823130232,0.0407397647636286,0.0011122705239385,0.0407397647636286,0.0171989589709072,3042.513040912468,2982,173919,0.016856886054912,"selected calibrated PD ascending, then frozen base_order ascending"
lightgbm_T,identity,77.5,0.775,False,177474,51525,77.49990174629583,0.0410576958627356,0.0011122705239385,0.0410576958627356,0.0172754632877058,3065.9455715223035,3013,174461,0.0169771346788825,"selected calibrated PD ascending, then frozen base_order ascending"
lightgbm_T,identity,77.75,0.7775,False,178046,50953,77.74968449643885,0.0413732479759949,0.0011122705239385,0.0413732479759949,0.0173523955862472,3089.524624548977,3041,175005,0.0170798557676106,"selected calibrated PD ascending, then frozen base_order ascending"
lightgbm_T,identity,78.0,0.78,False,178619,50380,77.99990392971148,0.0417120754853984,0.0011122705239385,0.0417120754853984,0.017430026440111,3113.3338927062036,3063,175556,0.0171482317110721,"selected calibrated PD ascending, then frozen base_order ascending"
lightgbm_T,identity,78.25,0.7825,False,179191,49808,78.24968667985449,0.0420043573815436,0.0011122705239385,0.0420043573815436,0.0175080022150541,3137.276424917766,3084,176107,0.0172106858045325,"selected calibrated PD ascending, then frozen base_order ascending"
lightgbm_T,identity,78.5,0.785,False,179764,49235,78.49990611312712,0.0423445056676793,0.0011122705239385,0.0423445056676793,0.0175866411209202,3161.4449544611,3103,176661,0.0172615206604214,"selected calibrated PD ascending, then frozen base_order ascending"
lightgbm_T,identity,78.75,0.7875,False,180336,48663,78.74968886327015,0.0426919626076905,0.0011122705239385,0.0426919626076905,0.0176657247508534,3185.7661386699083,3123,177213,0.0173176736758051,"selected calibrated PD ascending, then frozen base_order ascending"
lightgbm_T,identity,79.0,0.79,False,180909,48090,78.99990829654278,0.0430363015444387,0.0011122705239385,0.0430363015444387,0.0177455117332058,3210.322782142532,3158,177751,0.0174562901790402,"selected calibrated PD ascending, then frozen base_order ascending"
lightgbm_T,identity,79.25,0.7925,False,181481,47518,79.2496910466858,0.0433839251804373,0.0011122705239385,0.0433839251804373,0.0178257561899188,3235.0360591026565,3183,178298,0.0175390261239468,"selected calibrated PD ascending, then frozen base_order ascending"
lightgbm_T,identity,79.5,0.795,False,182054,46945,79.49991047995843,0.0437057630457436,0.0011122705239385,0.0437057630457436,0.0179066965482082,3259.98573338751,3200,178854,0.017577202368528,"selected calibrated PD ascending, then frozen base_order ascending"
lightgbm_T,identity,79.75,0.7975,False,182626,46373,79.74969323010144,0.044066399876175,0.0011122705239385,0.044066399876175,0.0179880764849292,3285.090456136692,3220,179406,0.0176316625234084,"selected calibrated PD ascending, then frozen base_order ascending"
lightgbm_T,identity,80.0,0.8,True,183199,45800,79.99991266337408,0.0444493084238902,0.0011122705239385,0.0444493084238902,0.0180702452996694,3310.4508686541344,3250,179949,0.0177402715080322,"selected calibrated PD ascending, then frozen base_order ascending"
lightgbm_T_plus_AD,identity,40.0,0.4,True,91599,137400,39.99973799012223,0.0143596441414341,0.0005420412747592,0.0143596441414341,0.0078183441320599,716.1525041525567,628,90971,0.006855970043341,"selected calibrated PD ascending, then frozen base_order ascending"
lightgbm_T_plus_AD,identity,40.25,0.4025,False,92172,136827,40.24995742339486,0.0144588099374947,0.0005420412747592,0.0144588099374947,0.0078593123614143,724.408538976284,638,91534,0.0069218417740745,"selected calibrated PD ascending, then frozen base_order ascending"
lightgbm_T_plus_AD,identity,40.5,0.405,False,92744,136255,40.49974017353787,0.014555013577107,0.0005420412747592,0.014555013577107,0.0079003142805649,732.7067476367166,643,92101,0.0069330630552919,"selected calibrated PD ascending, then frozen base_order ascending"
lightgbm_T_plus_AD,identity,40.75,0.4075,False,93317,135682,40.74995960681051,0.0146610819231845,0.0005420412747592,0.0146610819231845,0.0079415054176794,741.0774610615915,652,92665,0.0069869369996892,"selected calibrated PD ascending, then frozen base_order ascending"
lightgbm_T_plus_AD,identity,41.0,0.41,False,93889,135110,40.999742356953526,0.014766206145601,0.0005420412747592,0.014766206145601,0.0079827735929324,749.4946298668355,660,93229,0.0070295774797899,"selected calibrated PD ascending, then frozen base_order ascending"
lightgbm_T_plus_AD,identity,41.25,0.4125,False,94462,134537,41.24996179022616,0.0148637424739326,0.0005420412747592,0.0148637424739326,0.0080242153066982,757.9834263013264,668,93794,0.007071626685863,"selected calibrated PD ascending, then frozen base_order ascending"
lightgbm_T_plus_AD,identity,41.5,0.415,False,95034,133965,41.49974454036917,0.0149650384370435,0.0005420412747592,0.0149650384370435,0.008065692199851,766.5149925206478,677,94357,0.0071237662310331,"selected calibrated PD ascending, then frozen base_order ascending"
lightgbm_T_plus_AD,identity,41.75,0.4175,False,95607,133392,41.749963973641805,0.0150686439071167,0.0005420412747592,0.0150686439071167,0.0081073403314982,775.1184870735492,686,94921,0.0071752068363195,"selected calibrated PD ascending, then frozen base_order ascending"
lightgbm_T_plus_AD,identity,42.0,0.42,False,96179,132820,41.99974672378482,0.0151688740992327,0.0005420412747592,0.0151688740992327,0.0081490390911756,783.7664307501841,692,95487,0.007194917809501,"selected calibrated PD ascending, then frozen base_order ascending"
lightgbm_T_plus_AD,identity,42.25,0.4225,False,96752,132247,42.24996615705746,0.0152707217226724,0.0005420412747592,0.0152707217226724,0.0081909292216859,792.488784056556,700,96052,0.0072349925582933,"selected calibrated PD ascending, then frozen base_order ascending"
lightgbm_T_plus_AD,identity,42.5,0.425,False,97324,131675,42.49974890720047,0.0153762451346462,0.0005420412747592,0.0153762451346462,0.0082328554835845,801.2544270843788,702,96622,0.0072130204266162,"selected calibrated PD ascending, then frozen base_order ascending"
lightgbm_T_plus_AD,identity,42.75,0.4275,False,97897,131102,42.7499683404731,0.0154869637627048,0.0005420412747592,0.0154869637627048,0.0082749961507431,810.0972981693058,713,97184,0.0072831649590896,"selected calibrated PD ascending, then frozen base_order ascending"
lightgbm_T_plus_AD,identity,43.0,0.43,False,98469,130530,42.999751090616115,0.0155905667427059,0.0005420412747592,0.0155905667427059,0.0083171825768586,818.9846511606895,720,97749,0.0073119458916004,"selected calibrated PD ascending, then frozen base_order ascending"
lightgbm_T_plus_AD,identity,43.25,0.4325,False,99042,129957,43.24997052388875,0.0156992226277852,0.0005420412747592,0.0156992226277852,0.0083595735195038,827.9488805186979,729,98313,0.0073605137214515,"selected calibrated PD ascending, then frozen base_order ascending"
lightgbm_T_plus_AD,identity,43.5,0.435,False,99614,129385,43.49975327403176,0.0158037175213318,0.0005420412747592,0.0158037175213318,0.0084020053470813,836.9573606441638,743,98871,0.0074587909330013,"selected calibrated PD ascending, then frozen base_order ascending"
lightgbm_T_plus_AD,identity,43.75,0.4375,False,100187,128812,43.7499727073044,0.0159136407475114,0.0005420412747592,0.0159136407475114,0.0084446504358193,846.0441932134335,755,99432,0.0075359078523161,"selected calibrated PD ascending, then frozen base_order ascending"
lightgbm_T_plus_AD,identity,44.0,0.44,False,100759,128240,43.999755457447414,0.0160258421238941,0.0005420412747592,0.0160258421238941,0.0084873695213239,855.1788655990754,761,99998,0.0075526751952679,"selected calibrated PD ascending, then frozen base_order ascending"
lightgbm_T_plus_AD,identity,44.25,0.4425,False,101332,127667,44.24997489072005,0.016140978873528,0.0005420412747592,0.016140978873528,0.0085303240343467,864.3947950484276,767,100565,0.0075691785418229,"selected calibrated PD ascending, then frozen base_order ascending"
lightgbm_T_plus_AD,identity,44.5,0.445,False,101904,127095,44.49975764086306,0.0162465840460285,0.0005420412747592,0.0162465840460285,0.0085733312125824,873.6567438870061,778,101126,0.0076346365206468,"selected calibrated PD ascending, then frozen base_order ascending"
lightgbm_T_plus_AD,identity,44.75,0.4475,False,102477,126522,44.74997707413569,0.0163636027306721,0.0005420412747592,0.0163636027306721,0.0086165610884619,882.999330662313,790,101687,0.0077090469080866,"selected calibrated PD ascending, then frozen base_order ascending"
lightgbm_T_plus_AD,identity,45.0,0.45,False,103049,125950,44.99975982427871,0.016483105250829,0.0005420412747592,0.016483105250829,0.0086599005171925,892.3940883961777,801,102248,0.0077730011936069,"selected calibrated PD ascending, then frozen base_order ascending"
lightgbm_T_plus_AD,identity,45.25,0.4525,False,103622,125377,45.249979257551345,0.0165991241263889,0.0005420412747592,0.0165991241263889,0.0087034822854807,901.872241386083,805,102817,0.0077686205632008,"selected calibrated PD ascending, then frozen base_order ascending"
lightgbm_T_plus_AD,identity,45.5,0.455,False,104194,124805,45.49976200769436,0.0167093239169118,0.0005420412747592,0.0167093239169118,0.008747115820675,911.39698581942,815,103379,0.0078219475209704,"selected calibrated PD ascending, then frozen base_order ascending"
lightgbm_T_plus_AD,identity,45.75,0.4575,False,104767,124232,45.74998144096699,0.0168157442596452,0.0005420412747592,0.0168157442596452,0.0087909459644049,921.0010358528184,832,103935,0.0079414319394465,"selected calibrated PD ascending, then frozen base_order ascending"
lightgbm_T_plus_AD,identity,46.0,0.46,False,105339,123660,45.99976419111,0.0169327157989861,0.0005420412747592,0.0169327157989861,0.0088348459877239,930.6538415008548,844,104495,0.0080122271903093,"selected calibrated PD ascending, then frozen base_order ascending"
lightgbm_T_plus_AD,identity,46.25,0.4625,False,105912,123087,46.24998362438264,0.0170490718641205,0.0005420412747592,0.0170490718641205,0.0088789697973139,940.3894491731122,849,105063,0.0080160888284613,"selected calibrated PD ascending, then frozen base_order ascending"
lightgbm_T_plus_AD,identity,46.5,0.465,False,106484,122515,46.499766374525656,0.0171625764308875,0.0005420412747592,0.0171625764308875,0.0089231572761569,950.1734793943006,863,105621,0.0081045039630367,"selected calibrated PD ascending, then frozen base_order ascending"
lightgbm_T_plus_AD,identity,46.75,0.4675,False,107057,121942,46.74998580779829,0.0172822947514621,0.0005420412747592,0.0172822947514621,0.0089675783931781,960.0420400384764,871,106186,0.0081358528634278,"selected calibrated PD ascending, then frozen base_order ascending"
lightgbm_T_plus_AD,identity,47.0,0.47,False,107629,121370,46.9997685579413,0.0174060482666707,0.0005420412747592,0.0174060482666707,0.0090120986109804,969.9631614012176,883,106746,0.0082041085581023,"selected calibrated PD ascending, then frozen base_order ascending"
lightgbm_T_plus_AD,identity,47.25,0.4725,False,108202,120797,47.249987991213935,0.0175276177521391,0.0005420412747592,0.0175276177521391,0.0090568735518935,979.9718320619864,892,107310,0.0082438402247647,"selected calibrated PD ascending, then frozen base_order ascending"
lightgbm_T_plus_AD,identity,47.5,0.475,False,108774,120225,47.49977074135695,0.0176521138884057,0.0005420412747592,0.0176521138884057,0.009101745861427,990.0333043308626,899,107875,0.0082648427013808,"selected calibrated PD ascending, then frozen base_order ascending"
lightgbm_T_plus_AD,identity,47.75,0.4775,False,109347,119652,47.74999017462958,0.0177709211547671,0.0005420412747592,0.0177709211547671,0.0091468603790642,1000.1817418695434,909,108438,0.0083129852670855,"selected calibrated PD ascending, then frozen base_order ascending"
lightgbm_T_plus_AD,identity,48.0,0.48,False,109919,119080,47.9997729247726,0.0178805155296785,0.0005420412747592,0.0178805155296785,0.0091920187531455,1010.377509327007,922,108997,0.008387994796168,"selected calibrated PD ascending, then frozen base_order ascending"
lightgbm_T_plus_AD,identity,48.25,0.4825,False,110492,118507,48.24999235804523,0.0180061420233676,0.0005420412747592,0.0180061420233676,0.009237402218597,1020.659045937228,930,109562,0.0084168989610107,"selected calibrated PD ascending, then frozen base_order ascending"
lightgbm_T_plus_AD,identity,48.5,0.485,False,111064,117935,48.499775108188246,0.0181256398327547,0.0005420412747592,0.0181256398327547,0.009282881541295,1030.9939555023952,939,110125,0.0084545847439314,"selected calibrated PD ascending, then frozen base_order ascending"
lightgbm_T_plus_AD,identity,48.75,0.4875,False,111637,117362,48.74999454146088,0.0182534537507146,0.0005420412747592,0.0182534537507146,0.0093285970888208,1041.4165932046913,951,110686,0.0085186810824368,"selected calibrated PD ascending, then frozen base_order ascending"
lightgbm_T_plus_AD,identity,49.0,0.49,False,112209,116790,48.99977729160389,0.0183606257761461,0.0005420412747592,0.0183606257761461,0.0093743820253977,1051.8900326878604,961,111248,0.0085643754066073,"selected calibrated PD ascending, then frozen base_order ascending"
lightgbm_T_plus_AD,identity,49.25,0.4925,False,112782,116217,49.249996724876524,0.0184802494300118,0.0005420412747592,0.0184802494300118,0.0094203646696725,1062.447568175007,974,111808,0.0086361298788813,"selected calibrated PD ascending, then frozen base_order ascending"
lightgbm_T_plus_AD,identity,49.5,0.495,False,113354,115645,49.499779475019544,0.0185983441514946,0.0005420412747592,0.0185983441514946,0.0094663785865026,1073.051878294417,986,112368,0.0086984138186565,"selected calibrated PD ascending, then frozen base_order ascending"
lightgbm_T_plus_AD,identity,49.75,0.4975,False,113927,115072,49.74999890829218,0.0187218651393193,0.0005420412747592,0.0187218651393193,0.0095126164146959,1083.74385027707,997,112930,0.0087512178851369,"selected calibrated PD ascending, then frozen base_order ascending"
lightgbm_T_plus_AD,identity,50.0,0.5,True,114499,114500,49.99978165843519,0.0188483316528711,0.0005420412747592,0.0188483316528711,0.0095589252221687,1094.4873790130962,1010,113489,0.0088210377383208,"selected calibrated PD ascending, then frozen base_order ascending"
lightgbm_T_plus_AD,identity,50.25,0.5025,False,115071,113928,50.2495644085782,0.0189695424111899,0.0005420412747592,0.0189695424111899,0.0096053926945856,1105.3021427586611,1023,114048,0.0088901634642959,"selected calibrated PD ascending, then frozen base_order ascending"
lightgbm_T_plus_AD,identity,50.5,0.505,False,115644,113355,50.499783841850835,0.0190958652052652,0.0005420412747592,0.0190958652052652,0.0096521114389141,1116.208775241792,1030,114614,0.0089066445297637,"selected calibrated PD ascending, then frozen base_order ascending"
lightgbm_T_plus_AD,identity,50.75,0.5075,False,116216,112783,50.749566591993855,0.0192197006502489,0.0005420412747592,0.0192197006502489,0.0096988950254939,1127.1667842828035,1041,115175,0.0089574585255042,"selected calibrated PD ascending, then frozen base_order ascending"
lightgbm_T_plus_AD,identity,51.0,0.51,False,116789,112210,50.99978602526649,0.0193548673758602,0.0005420412747592,0.0193548673758602,0.0097459451117832,1138.21918366005,1053,115736,0.0090162600929882,"selected calibrated PD ascending, then frozen base_order ascending"
lightgbm_T_plus_AD,identity,51.25,0.5125,False,117361,111638,51.2495687754095,0.0194865440913629,0.0005420412747592,0.0194865440913629,0.0097930962404,1149.3275678695948,1063,116298,0.0090575233680694,"selected calibrated PD ascending, then frozen base_order ascending"
lightgbm_T_plus_AD,identity,51.5,0.515,False,117934,111065,51.49978820868213,0.0196178838745805,0.0005420412747592,0.0196178838745805,0.0098405233843188,1160.532284806265,1076,116858,0.0091237471806264,"selected calibrated PD ascending, then frozen base_order ascending"
lightgbm_T_plus_AD,identity,51.75,0.5175,False,118506,110493,51.749570958825146,0.0197410220721214,0.0005420412747592,0.0197410220721214,0.0098880192171735,1171.7896053503723,1088,117418,0.0091809697399287,"selected calibrated PD ascending, then frozen base_order ascending"
lightgbm_T_plus_AD,identity,52.0,0.52,False,119079,109920,51.99979039209778,0.0198715553130733,0.0005420412747592,0.0198715553130733,0.0099357372603074,1183.137657220152,1097,117982,0.0092123716188412,"selected calibrated PD ascending, then frozen base_order ascending"
lightgbm_T_plus_AD,identity,52.25,0.5225,False,119651,109348,52.2495731422408,0.0200214115324744,0.0005420412747592,0.0200214115324744,0.0099835947059467,1194.5470901612318,1103,118548,0.0092184770708142,"selected calibrated PD ascending, then frozen base_order ascending"
lightgbm_T_plus_AD,identity,52.5,0.525,False,120224,108775,52.49979257551343,0.020154554470807,0.0005420412747592,0.020154554470807,0.010031746634467,1206.056707382162,1114,119110,0.0092660367314346,"selected calibrated PD ascending, then frozen base_order ascending"
lightgbm_T_plus_AD,identity,52.75,0.5275,False,120796,108203,52.74957532565645,0.0202864622721114,0.0005420412747592,0.0202864622721114,0.010079992916461,1217.6228243368262,1126,119670,0.0093215007119441,"selected calibrated PD ascending, then frozen base_order ascending"
lightgbm_T_plus_AD,identity,53.0,0.53,False,121369,107630,52.99979475892908,0.0204260731082188,0.0005420412747592,0.0204260731082188,0.010128511452271,1229.2873064506837,1135,120234,0.0093516466313473,"selected calibrated PD ascending, then frozen base_order ascending"
lightgbm_T_plus_AD,identity,53.25,0.5325,False,121941,107058,53.24957750907209,0.0205647008448264,0.0005420412747592,0.0205647008448264,0.0101771355416328,1241.0100850822546,1148,120793,0.0094143889257919,"selected calibrated PD ascending, then frozen base_order ascending"
lightgbm_T_plus_AD,identity,53.5,0.535,False,122514,106485,53.49979694234472,0.0207016789971492,0.0005420412747592,0.0207016789971492,0.0102260219929613,1252.8308584456688,1160,121354,0.0094683056630262,"selected calibrated PD ascending, then frozen base_order ascending"
lightgbm_T_plus_AD,identity,53.75,0.5375,False,123086,105913,53.74957969248774,0.0208520001784441,0.0005420412747592,0.0208520001784441,0.0102750626557405,1264.7163620444758,1170,121916,0.0095055489657637,"selected calibrated PD ascending, then frozen base_order ascending"
lightgbm_T_plus_AD,identity,54.0,0.54,False,123659,105340,53.999799125760376,0.0210007196795795,0.0005420412747592,0.0210007196795795,0.0103244227479573,1276.7077925896535,1192,122467,0.0096394116077277,"selected calibrated PD ascending, then frozen base_order ascending"
lightgbm_T_plus_AD,identity,54.25,0.5425,False,124231,104768,54.24958187590339,0.0211476402197348,0.0005420412747592,0.0211476402197348,0.0103739179022765,1288.762194917716,1203,123028,0.0096835733432074,"selected calibrated PD ascending, then frozen base_order ascending"
lightgbm_T_plus_AD,identity,54.5,0.545,False,124804,104195,54.49980130917602,0.0212873310401199,0.0005420412747592,0.0212873310401199,0.0104237017883642,1300.919677995009,1213,123591,0.0097192397679561,"selected calibrated PD ascending, then frozen base_order ascending"
lightgbm_T_plus_AD,identity,54.75,0.5475,False,125376,103623,54.749584059319034,0.0214333869285226,0.0005420412747592,0.0214333869285226,0.0104736027792587,1313.1384220523505,1227,124149,0.0097865620214395,"selected calibrated PD ascending, then frozen base_order ascending"
lightgbm_T_plus_AD,identity,55.0,0.55,False,125949,103050,54.999803492591674,0.0215818098009414,0.0005420412747592,0.0215818098009414,0.0105237832071584,1325.4599711583935,1238,124711,0.0098293753820991,"selected calibrated PD ascending, then frozen base_order ascending"
lightgbm_T_plus_AD,identity,55.25,0.5525,False,126521,102478,55.249586242734686,0.0217255175163654,0.0005420412747592,0.0217255175163654,0.0105741125638633,1337.8472956925584,1246,125275,0.0098481674978857,"selected calibrated PD ascending, then frozen base_order ascending"
lightgbm_T_plus_AD,identity,55.5,0.555,False,127094,101905,55.49980567600732,0.0218740805313514,0.0005420412747592,0.0218740805313514,0.0106247217077514,1350.338380724961,1258,125836,0.009898185594914,"selected calibrated PD ascending, then frozen base_order ascending"
lightgbm_T_plus_AD,identity,55.75,0.5575,False,127666,101333,55.74958842615033,0.022021969031871,0.0005420412747592,0.022021969031871,0.0106754519070678,1362.8922431677292,1265,126401,0.0099086679303808,"selected calibrated PD ascending, then frozen base_order ascending"
lightgbm_T_plus_AD,identity,56.0,0.56,False,128239,100760,55.999807859422965,0.0221733984149591,0.0005420412747592,0.0221733984149591,0.0107264898597053,1375.554333118759,1279,126960,0.0099735649841311,"selected calibrated PD ascending, then frozen base_order ascending"
lightgbm_T_plus_AD,identity,56.25,0.5625,False,128811,100188,56.24959060956598,0.0223270106158873,0.0005420412747592,0.0223270106158873,0.0107776575338724,1388.2808445956466,1293,127518,0.0100379625963621,"selected calibrated PD ascending, then frozen base_order ascending"
lightgbm_T_plus_AD,identity,56.5,0.565,False,129384,99615,56.49981004283862,0.022476715794837,0.0005420412747592,0.022476715794837,0.010829139391823,1401.1173710716384,1303,128081,0.0100707970073579,"selected calibrated PD ascending, then frozen base_order ascending"
lightgbm_T_plus_AD,identity,56.75,0.5675,False,129956,99043,56.74959279298163,0.0226214841113486,0.0005420412747592,0.0226214841113486,0.0108807314026903,1414.016330168025,1323,128633,0.0101803687401889,"selected calibrated PD ascending, then frozen base_order ascending"
lightgbm_T_plus_AD,identity,57.0,0.57,False,130529,98470,56.999812226254264,0.0227647146334177,0.0005420412747592,0.0227647146334177,0.0109325970814315,1427.0209644421773,1341,129188,0.0102735790513985,"selected calibrated PD ascending, then frozen base_order ascending"
lightgbm_T_plus_AD,identity,57.25,0.5725,False,131101,97898,57.24959497639728,0.0229215525101385,0.0005420412747592,0.0229215525101385,0.0109845771763009,1440.0890523902308,1355,129746,0.0103355428257602,"selected calibrated PD ascending, then frozen base_order ascending"
lightgbm_T_plus_AD,identity,57.5,0.575,False,131674,97325,57.49981440966991,0.0230861811412972,0.0005420412747592,0.0230861811412972,0.0110368726436268,1453.2691684769193,1368,130306,0.0103892947734556,"selected calibrated PD ascending, then frozen base_order ascending"
lightgbm_T_plus_AD,identity,57.75,0.5775,False,132246,96753,57.74959715981292,0.0232397733860178,0.0005420412747592,0.0232397733860178,0.0110893277305347,1466.5192350523034,1377,130869,0.0104124132298897,"selected calibrated PD ascending, then frozen base_order ascending"
lightgbm_T_plus_AD,identity,58.0,0.58,False,132819,96180,57.99981659308556,0.0233911296217045,0.0005420412747592,0.0233911296217045,0.0111420824659445,1479.8802510442883,1396,131423,0.0105105444251199,"selected calibrated PD ascending, then frozen base_order ascending"
lightgbm_T_plus_AD,identity,58.25,0.5825,False,133391,95608,58.249599343228574,0.0235539521112532,0.0005420412747592,0.0235539521112532,0.0111949510691089,1493.3057180595167,1408,131983,0.01055543477446,"selected calibrated PD ascending, then frozen base_order ascending"
lightgbm_T_plus_AD,identity,58.5,0.585,False,133964,95035,58.49981877650121,0.0237173083105537,0.0005420412747592,0.0237173083105537,0.0112481662422534,1506.849342477244,1422,132542,0.0106147920336806,"selected calibrated PD ascending, then frozen base_order ascending"
lightgbm_T_plus_AD,identity,58.75,0.5875,False,134536,94463,58.74960152664422,0.0238880819728601,0.0005420412747592,0.0238880819728601,0.0113015443415769,1520.4645695383997,1440,133096,0.0107034548373669,"selected calibrated PD ascending, then frozen base_order ascending"
lightgbm_T_plus_AD,identity,59.0,0.59,False,135109,93890,58.99982095991685,0.0240539166875531,0.0005420412747592,0.0240539166875531,0.0113552783637599,1534.2003044492449,1462,133647,0.0108208927606599,"selected calibrated PD ascending, then frozen base_order ascending"
lightgbm_T_plus_AD,identity,59.25,0.5925,False,135681,93318,59.24960371005987,0.0242213254550172,0.0005420412747592,0.0242213254550172,0.0114091626313703,1548.0065949869554,1476,134205,0.010878457558538,"selected calibrated PD ascending, then frozen base_order ascending"
lightgbm_T_plus_AD,identity,59.5,0.595,False,136254,92745,59.499823143332506,0.0243890875503123,0.0005420412747592,0.0243890875503123,0.0114634002156514,1561.9341329833765,1487,134767,0.0109134410732895,"selected calibrated PD ascending, then frozen base_order ascending"
lightgbm_T_plus_AD,identity,59.75,0.5975,False,136826,92173,59.74960589347552,0.0245492583555054,0.0005420412747592,0.0245492583555054,0.0115177789727621,1575.9316257271475,1502,135324,0.0109774458070834,"selected calibrated PD ascending, then frozen base_order ascending"
lightgbm_T_plus_AD,identity,60.0,0.6,True,137399,91600,59.99982532674815,0.0247247083090574,0.0005420412747592,0.0247247083090574,0.0115724882384925,1590.048311480636,1517,135882,0.011040837269558,"selected calibrated PD ascending, then frozen base_order ascending"
lightgbm_T_plus_AD,identity,60.25,0.6025,False,137971,91028,60.24960807689117,0.0248958673270584,0.0005420412747592,0.0248958673270584,0.0116273730287355,1604.2402841476792,1534,136437,0.0111182784788107,"selected calibrated PD ascending, then frozen base_order ascending"
lightgbm_T_plus_AD,identity,60.5,0.605,False,138544,90455,60.4998275101638,0.0250635180586947,0.0005420412747592,0.0250635180586947,0.011682603633719,1618.5546378299723,1556,136988,0.0112310890403048,"selected calibrated PD ascending, then frozen base_order ascending"
lightgbm_T_plus_AD,identity,60.75,0.6075,False,139116,89883,60.74961026030682,0.0252338755077651,0.0005420412747592,0.0252338755077651,0.0117379657927284,1632.9388492212074,1568,137548,0.0112711693838235,"selected calibrated PD ascending, then frozen base_order ascending"
lightgbm_T_plus_AD,identity,61.0,0.61,False,139689,89310,60.99982969357945,0.0254042837229583,0.0005420412747592,0.0254042837229583,0.0117936792770841,1647.4472645366025,1581,138108,0.0113179992698064,"selected calibrated PD ascending, then frozen base_order ascending"
lightgbm_T_plus_AD,identity,61.25,0.6125,False,140261,88738,61.24961244372246,0.02557814034651,0.0005420412747592,0.02557814034651,0.0118495368890001,1662.0278935880451,1595,138666,0.0113716571249313,"selected calibrated PD ascending, then frozen base_order ascending"
lightgbm_T_plus_AD,identity,61.5,0.615,False,140834,88165,61.499831876995096,0.0257626872280276,0.0005420412747592,0.0257626872280276,0.0119057819848075,1676.7389000483815,1610,139224,0.0114318985472258,"selected calibrated PD ascending, then frozen base_order ascending"
lightgbm_T_plus_AD,identity,61.75,0.6175,False,141406,87593,61.74961462713811,0.025942861266009,0.0005420412747592,0.025942861266009,0.0119622031136543,1691.5272934894042,1625,139781,0.0114917330240583,"selected calibrated PD ascending, then frozen base_order ascending"
lightgbm_T_plus_AD,identity,62.0,0.62,False,141979,87020,61.99983406041074,0.0261260399964954,0.0005420412747592,0.0261260399964954,0.0120190013339655,1706.445790395097,1645,140334,0.0115862204973975,"selected calibrated PD ascending, then frozen base_order ascending"
lightgbm_T_plus_AD,identity,62.25,0.6225,False,142551,86448,62.24961681055376,0.0263126632417002,0.0005420412747592,0.0263126632417002,0.0120759731977825,1721.442055317099,1664,140887,0.0116730152717273,"selected calibrated PD ascending, then frozen base_order ascending"
lightgbm_T_plus_AD,identity,62.5,0.625,False,143124,85875,62.499836243826394,0.0264884470441576,0.0005420412747592,0.0264884470441576,0.0121333339167211,1736.5712834967906,1671,141453,0.0116751907436907,"selected calibrated PD ascending, then frozen base_order ascending"
lightgbm_T_plus_AD,identity,62.75,0.6275,False,143696,85303,62.749618993969406,0.026670861269125,0.0005420412747592,0.026670861269125,0.0121908316561002,1751.7737456549814,1680,142016,0.0116913484021823,"selected calibrated PD ascending, then frozen base_order ascending"
lightgbm_T_plus_AD,identity,63.0,0.63,False,144269,84730,62.99983842724204,0.0268661353422454,0.0005420412747592,0.0268661353422454,0.0122487437181574,1767.114007474851,1697,142572,0.0117627487540635,"selected calibrated PD ascending, then frozen base_order ascending"
lightgbm_T_plus_AD,identity,63.25,0.6325,False,144841,84158,63.24962117738505,0.0270608338313195,0.0005420412747592,0.0270608338313195,0.0123068481960789,1782.5361995682713,1715,143126,0.0118405700043495,"selected calibrated PD ascending, then frozen base_order ascending"
lightgbm_T_plus_AD,identity,63.5,0.635,False,145414,83585,63.499840610657685,0.0272594742582628,0.0005420412747592,0.0272594742582628,0.0123653861625279,1798.1002634378403,1731,143683,0.0119039432241737,"selected calibrated PD ascending, then frozen base_order ascending"
lightgbm_T_plus_AD,identity,63.75,0.6375,False,145986,83013,63.749623360800705,0.0274403904747105,0.0005420412747592,0.0274403904747105,0.0124241094615412,1813.7460438525536,1748,144238,0.0119737509076212,"selected calibrated PD ascending, then frozen base_order ascending"
lightgbm_T_plus_AD,identity,64.0,0.64,False,146559,82440,63.99984279407334,0.0276223013585177,0.0005420412747592,0.0276223013585177,0.0124831686496409,1829.5207141227215,1763,144796,0.0120292851343145,"selected calibrated PD ascending, then frozen base_order ascending"
lightgbm_T_plus_AD,identity,64.25,0.6425,False,147131,81868,64.24962554421636,0.027813471607684,0.0005420412747592,0.027813471607684,0.0125423954103082,1845.3751791140617,1787,145344,0.0121456389204178,"selected calibrated PD ascending, then frozen base_order ascending"
lightgbm_T_plus_AD,identity,64.5,0.645,False,147704,81295,64.49984497748899,0.0280083795961977,0.0005420412747592,0.0280083795961977,0.0126020183397443,1861.368516853592,1798,145906,0.0121729946379244,"selected calibrated PD ascending, then frozen base_order ascending"
lightgbm_T_plus_AD,identity,64.75,0.6475,False,148276,80723,64.749627727632,0.0282058356027253,0.0005420412747592,0.0282058356027253,0.0126618395687972,1877.4469239029795,1815,146461,0.0122406862877336,"selected calibrated PD ascending, then frozen base_order ascending"
lightgbm_T_plus_AD,identity,65.0,0.65,False,148849,80150,64.99984716090464,0.0284151835559352,0.0005420412747592,0.0284151835559352,0.0127220726518635,1893.6677921572405,1830,147019,0.0122943385578673,"selected calibrated PD ascending, then frozen base_order ascending"
lightgbm_T_plus_AD,identity,65.25,0.6525,False,149421,79578,65.24962991104765,0.0286117776966428,0.0005420412747592,0.0286117776966428,0.0127825154847367,1909.976246244852,1845,147576,0.0123476619752243,"selected calibrated PD ascending, then frozen base_order ascending"
lightgbm_T_plus_AD,identity,65.5,0.655,False,149994,79005,65.49984934432028,0.0288129062345939,0.0005420412747592,0.0288129062345939,0.0128433852642217,1926.4307293216752,1859,148135,0.0123938290864967,"selected calibrated PD ascending, then frozen base_order ascending"
lightgbm_T_plus_AD,identity,65.75,0.6575,False,150566,78433,65.7496320944633,0.029025114270141,0.0005420412747592,0.029025114270141,0.0129044291002899,1942.9682719142552,1872,148694,0.0124330858228285,"selected calibrated PD ascending, then frozen base_order ascending"
lightgbm_T_plus_AD,identity,66.0,0.66,False,151139,77860,65.99985152773593,0.0292351727609581,0.0005420412747592,0.0292351727609581,0.0129659529827544,1959.6611678605225,1886,149253,0.0124785793210223,"selected calibrated PD ascending, then frozen base_order ascending"
lightgbm_T_plus_AD,identity,66.25,0.6625,False,151711,77288,66.24963427787894,0.0294460615929743,0.0005420412747592,0.0294460615929743,0.0130276979689387,1976.445086565659,1904,149807,0.012550177640382,"selected calibrated PD ascending, then frozen base_order ascending"
lightgbm_T_plus_AD,identity,66.5,0.665,False,152284,76715,66.49985371115157,0.0296495214160919,0.0005420412747592,0.0296495214160919,0.0130898491151761,1993.374582655479,1921,150363,0.0126145885319534,"selected calibrated PD ascending, then frozen base_order ascending"
lightgbm_T_plus_AD,identity,66.75,0.6675,False,152856,76143,66.74963646129459,0.0298539062208483,0.0005420412747592,0.0298539062208483,0.0131521974515707,2010.3922936573056,1939,150917,0.0126851415711519,"selected calibrated PD ascending, then frozen base_order ascending"
lightgbm_T_plus_AD,identity,67.0,0.67,False,153429,75570,66.99985589456722,0.0300718585354977,0.0005420412747592,0.0300718585354977,0.0132149777249002,2027.5608173537237,1958,151471,0.0127616030867697,"selected calibrated PD ascending, then frozen base_order ascending"
lightgbm_T_plus_AD,identity,67.25,0.6725,False,154001,74998,67.24963864471025,0.0302933662175661,0.0005420412747592,0.0302933662175661,0.013278007904393,2044.8264952844352,1975,152026,0.0128245920481035,"selected calibrated PD ascending, then frozen base_order ascending"
lightgbm_T_plus_AD,identity,67.5,0.675,False,154574,74425,67.49985807798288,0.0304973601522566,0.0005420412747592,0.0304973601522566,0.0133414830061583,2062.246394193927,1993,152581,0.0128935008474905,"selected calibrated PD ascending, then frozen base_order ascending"
lightgbm_T_plus_AD,identity,67.75,0.6775,False,155146,73853,67.74964082812589,0.0307219442003276,0.0005420412747592,0.0307219442003276,0.0134051526597421,2079.7558145483526,2014,153132,0.0129813208203885,"selected calibrated PD ascending, then frozen base_order ascending"
lightgbm_T_plus_AD,identity,68.0,0.68,False,155719,73280,67.99986026139852,0.0309436941158239,0.0005420412747592,0.0309436941158239,0.0134692705988777,2097.4213483866365,2031,153688,0.0130427243945825,"selected calibrated PD ascending, then frozen base_order ascending"
lightgbm_T_plus_AD,identity,68.25,0.6825,False,156291,72708,68.24964301154154,0.0311818263538884,0.0005420412747592,0.0311818263538884,0.0135336763426607,2115.1918092707942,2054,154237,0.0131421514994465,"selected calibrated PD ascending, then frozen base_order ascending"
lightgbm_T_plus_AD,identity,68.5,0.685,False,156864,72135,68.49986244481417,0.0314021155332488,0.0005420412747592,0.0314021155332488,0.0135985381367434,2133.121086282117,2077,154787,0.0132407690738474,"selected calibrated PD ascending, then frozen base_order ascending"
lightgbm_T_plus_AD,identity,68.75,0.6875,False,157436,71563,68.74964519495718,0.0316416265763545,0.0005420412747592,0.0316416265763545,0.0136636691853071,2151.153421858022,2097,155339,0.013319698163063,"selected calibrated PD ascending, then frozen base_order ascending"
lightgbm_T_plus_AD,identity,69.0,0.69,False,158009,70990,68.99986462822982,0.0318925790090033,0.0005420412747592,0.0318925790090033,0.0137293278683529,2169.357367150581,2111,155898,0.0133599984810991,"selected calibrated PD ascending, then frozen base_order ascending"
lightgbm_T_plus_AD,identity,69.25,0.6925,False,158581,70418,69.24964737837283,0.0321339741212825,0.0005420412747592,0.0321339741212825,0.013795285946661,2187.6702407074495,2133,156448,0.0134505394719417,"selected calibrated PD ascending, then frozen base_order ascending"
lightgbm_T_plus_AD,identity,69.5,0.695,False,159154,69845,69.49986681164546,0.0323698166712104,0.0005420412747592,0.0323698166712104,0.0138617353109802,2206.1506216837556,2148,157006,0.0134963620141498,"selected calibrated PD ascending, then frozen base_order ascending"
lightgbm_T_plus_AD,identity,69.75,0.6975,False,159726,69273,69.74964956178847,0.0325998793971308,0.0005420412747592,0.0325998793971308,0.0139284271261426,2224.731951150268,2165,157561,0.0135544620162027,"selected calibrated PD ascending, then frozen base_order ascending"
lightgbm_T_plus_AD,identity,70.0,0.7,True,160299,68700,69.99986899506112,0.0328315178995062,0.0005420412747592,0.0328315178995062,0.0139955846837543,2243.4782292211344,2183,158116,0.0136183008003792,"selected calibrated PD ascending, then frozen base_order ascending"
lightgbm_T_plus_AD,identity,70.25,0.7025,False,160871,68128,70.24965174520413,0.0330741708918723,0.0005420412747592,0.0330741708918723,0.0140629937670004,2262.327870291128,2198,158673,0.0136631213829714,"selected calibrated PD ascending, then frozen base_order ascending"
lightgbm_T_plus_AD,identity,70.5,0.705,False,161444,67555,70.49987117847677,0.0333365082244326,0.0005420412747592,0.0333365082244326,0.0141309254664144,2281.3531309998116,2222,159222,0.0137632863407745,"selected calibrated PD ascending, then frozen base_order ascending"
lightgbm_T_plus_AD,identity,70.75,0.7075,False,162016,66983,70.74965392861978,0.0335989463950408,0.0005420412747592,0.0335989463950408,0.0141992172134176,2300.500376049072,2235,159781,0.0137949338336954,"selected calibrated PD ascending, then frozen base_order ascending"
lightgbm_T_plus_AD,identity,71.0,0.71,False,162589,66410,70.99987336189241,0.0338710779983888,0.0005420412747592,0.0338710779983888,0.0142680660297284,2319.830587707523,2250,160339,0.0138385745653149,"selected calibrated PD ascending, then frozen base_order ascending"
lightgbm_T_plus_AD,identity,71.25,0.7125,False,163161,65838,71.24965611203542,0.0341424476252691,0.0005420412747592,0.0341424476252691,0.0143372634229173,2339.282237346615,2275,160886,0.0139432830149361,"selected calibrated PD ascending, then frozen base_order ascending"
lightgbm_T_plus_AD,identity,71.5,0.715,False,163734,65265,71.49987554530806,0.0344056145533403,0.0005420412747592,0.0344056145533403,0.0144070546705996,2358.924689435965,2290,161444,0.0139860994051327,"selected calibrated PD ascending, then frozen base_order ascending"
lightgbm_T_plus_AD,identity,71.75,0.7175,False,164306,64693,71.74965829545107,0.0346807272234334,0.0005420412747592,0.0346807272234334,0.0144771551157455,2378.6834484476863,2305,162001,0.0140287025428164,"selected calibrated PD ascending, then frozen base_order ascending"
lightgbm_T_plus_AD,identity,72.0,0.72,False,164879,64120,71.9998777287237,0.034953328725882,0.0005420412747592,0.034953328725882,0.0145478470351933,2398.6344713156423,2326,162553,0.014107315061348,"selected calibrated PD ascending, then frozen base_order ascending"
lightgbm_T_plus_AD,identity,72.25,0.7225,False,165451,63548,72.24966047886672,0.0352277912823108,0.0005420412747592,0.0352277912823108,0.0146188414048725,2418.701929277569,2348,163103,0.0141915128950565,"selected calibrated PD ascending, then frozen base_order ascending"
lightgbm_T_plus_AD,identity,72.5,0.725,False,166024,62975,72.49987991213935,0.0355097937053938,0.0005420412747592,0.0355097937053938,0.0146904665072162,2438.9700113940667,2369,163655,0.0142690213463113,"selected calibrated PD ascending, then frozen base_order ascending"
lightgbm_T_plus_AD,identity,72.75,0.7275,False,166596,62403,72.74966266228236,0.0357766993515476,0.0005420412747592,0.0357766993515476,0.0147624169987099,2459.3596223170857,2395,164201,0.0143760954644769,"selected calibrated PD ascending, then frozen base_order ascending"
lightgbm_T_plus_AD,identity,73.0,0.73,False,167169,61830,72.99988209555501,0.0360518583767174,0.0005420412747592,0.0360518583767174,0.0148348925563536,2479.9341537530895,2416,164753,0.0144524403448007,"selected calibrated PD ascending, then frozen base_order ascending"
lightgbm_T_plus_AD,identity,73.25,0.7325,False,167741,61258,73.24966484569802,0.0363574612356157,0.0005420412747592,0.0363574612356157,0.0149077724290202,2500.6446550162923,2429,165312,0.0144806576805909,"selected calibrated PD ascending, then frozen base_order ascending"
lightgbm_T_plus_AD,identity,73.5,0.735,False,168314,60685,73.49988427897065,0.0366291771571319,0.0005420412747592,0.0366291771571319,0.0149812440794097,2521.5531159817765,2457,165857,0.0145977161733426,"selected calibrated PD ascending, then frozen base_order ascending"
lightgbm_T_plus_AD,identity,73.75,0.7375,False,168886,60113,73.74966702911367,0.0369167593227251,0.0005420412747592,0.0369167593227251,0.0150550570235065,2542.588360471929,2476,166410,0.0146607770922397,"selected calibrated PD ascending, then frozen base_order ascending"
lightgbm_T_plus_AD,identity,74.0,0.74,False,169459,59540,73.9998864623863,0.037204352319885,0.0005420412747592,0.037204352319885,0.0151294762380361,2563.825913821376,2498,166961,0.0147410288034273,"selected calibrated PD ascending, then frozen base_order ascending"
lightgbm_T_plus_AD,identity,74.25,0.7425,False,170031,58968,74.24966921252931,0.0375093391460663,0.0005420412747592,0.0375093391460663,0.0152042522772873,2585.1942189594447,2516,167515,0.0147973016685192,"selected calibrated PD ascending, then frozen base_order ascending"
lightgbm_T_plus_AD,identity,74.5,0.745,False,170604,58395,74.49988864580195,0.0378091499998171,0.0005420412747592,0.0378091499998171,0.015279676094789,2606.773860475384,2543,168061,0.0149058638718904,"selected calibrated PD ascending, then frozen base_order ascending"
lightgbm_T_plus_AD,identity,74.75,0.7475,False,171176,57823,74.74967139594496,0.038102049155531,0.0005420412747592,0.038102049155531,0.0153554669865122,2628.487416883226,2566,168610,0.0149904192176473,"selected calibrated PD ascending, then frozen base_order ascending"
lightgbm_T_plus_AD,identity,75.0,0.75,False,171749,57250,74.99989082921759,0.0384287528245418,0.0005420412747592,0.0384287528245418,0.0154318940805601,2650.4123764421324,2587,169162,0.0150626786764406,"selected calibrated PD ascending, then frozen base_order ascending"
lightgbm_T_plus_AD,identity,75.25,0.7525,False,172321,56678,75.2496735793606,0.038734214265768,0.0005420412747592,0.038734214265768,0.0155087514458458,2672.4835578995985,2618,169703,0.0151925766447502,"selected calibrated PD ascending, then frozen base_order ascending"
lightgbm_T_plus_AD,identity,75.5,0.755,False,172894,56105,75.49989301263324,0.0390413572028124,0.0005420412747592,0.0390413572028124,0.0155862233934241,2694.7645073826666,2648,170246,0.0153157425937279,"selected calibrated PD ascending, then frozen base_order ascending"
lightgbm_T_plus_AD,identity,75.75,0.7575,False,173466,55533,75.74967576277626,0.0393581020377139,0.0005420412747592,0.0393581020377139,0.0156640976716197,2717.1883667052,2666,170800,0.0153690060300001,"selected calibrated PD ascending, then frozen base_order ascending"
lightgbm_T_plus_AD,identity,76.0,0.76,False,174039,54960,75.9998951960489,0.0396825291893177,0.0005420412747592,0.0396825291893177,0.0157426590219542,2739.836633521894,2695,171344,0.0154850349634277,"selected calibrated PD ascending, then frozen base_order ascending"
lightgbm_T_plus_AD,identity,76.25,0.7625,False,174611,54388,76.24967794619191,0.0400014129764507,0.0005420412747592,0.0400014129764507,0.0158216105936704,2762.627247371384,2724,171887,0.015600391727898,"selected calibrated PD ascending, then frozen base_order ascending"
lightgbm_T_plus_AD,identity,76.5,0.765,False,175184,53815,76.49989737946454,0.0403081582682983,0.0005420412747592,0.0403081582682983,0.0159012314955609,2785.6413383183453,2748,172436,0.0156863640515115,"selected calibrated PD ascending, then frozen base_order ascending"
lightgbm_T_plus_AD,identity,76.75,0.7675,False,175756,53243,76.74968012960755,0.0406472648983705,0.0005420412747592,0.0406472648983705,0.0159812094442245,2808.793447079134,2773,172983,0.015777555247047,"selected calibrated PD ascending, then frozen base_order ascending"
lightgbm_T_plus_AD,identity,77.0,0.77,False,176329,52670,76.99989956288019,0.0409772760317727,0.0005420412747592,0.0409772760317727,0.0160619071470094,2832.180025325027,2803,173526,0.0158964208950314,"selected calibrated PD ascending, then frozen base_order ascending"
lightgbm_T_plus_AD,identity,77.25,0.7725,False,176901,52098,77.2496823130232,0.0413237348155733,0.0005420412747592,0.0413237348155733,0.0161430462352498,2855.721022061935,2832,174069,0.0160089541608018,"selected calibrated PD ascending, then frozen base_order ascending"
lightgbm_T_plus_AD,identity,77.5,0.775,False,177474,51525,77.49990174629583,0.0416703964896657,0.0005420412747592,0.0416703964896657,0.0162249166892793,2879.5008645131597,2851,174623,0.0160643249151988,"selected calibrated PD ascending, then frozen base_order ascending"
lightgbm_T_plus_AD,identity,77.75,0.7775,False,178046,50953,77.74968449643885,0.0420069155018398,0.0005420412747592,0.0420069155018398,0.0163072023147354,2903.4321433293803,2868,175178,0.0161081967581411,"selected calibrated PD ascending, then frozen base_order ascending"
lightgbm_T_plus_AD,identity,78.0,0.78,False,178619,50380,77.99990392971148,0.0423648020879632,0.0005420412747592,0.0423648020879632,0.016390225396461,2927.605670090482,2892,175727,0.0161908867477703,"selected calibrated PD ascending, then frozen base_order ascending"
lightgbm_T_plus_AD,identity,78.25,0.7825,False,179191,49808,78.24968667985449,0.0427143442006178,0.0005420412747592,0.0427143442006178,0.0164736937191865,2951.937651234752,2914,176277,0.0162619774430635,"selected calibrated PD ascending, then frozen base_order ascending"
lightgbm_T_plus_AD,identity,78.5,0.785,False,179764,49235,78.49990611312712,0.0430512751175499,0.0005420412747592,0.0430512751175499,0.0165578811568165,2976.5109482739763,2942,176822,0.016365901960348,"selected calibrated PD ascending, then frozen base_order ascending"
lightgbm_T_plus_AD,identity,78.75,0.7875,False,180336,48663,78.74968886327015,0.0434148764838268,0.0005420412747592,0.0434148764838268,0.016642481069999,3001.23846623934,2958,177378,0.0164027149321266,"selected calibrated PD ascending, then frozen base_order ascending"
lightgbm_T_plus_AD,identity,79.0,0.79,False,180909,48090,78.99990829654278,0.0437795879398661,0.0005420412747592,0.0437795879398661,0.0167278777096742,3026.223628579454,2981,177928,0.0164778977275867,"selected calibrated PD ascending, then frozen base_order ascending"
lightgbm_T_plus_AD,identity,79.25,0.7925,False,181481,47518,79.2496910466858,0.0441606850577955,0.0005420412747592,0.0441606850577955,0.0168137580360273,3051.3776221362727,3001,178480,0.0165361663204412,"selected calibrated PD ascending, then frozen base_order ascending"
lightgbm_T_plus_AD,identity,79.5,0.795,False,182054,46945,79.49991047995843,0.0445628929150178,0.0005420412747592,0.0445628929150178,0.0169004898796669,3076.801784552881,3032,179022,0.0166543992441802,"selected calibrated PD ascending, then frozen base_order ascending"
lightgbm_T_plus_AD,identity,79.75,0.7975,False,182626,46373,79.74969323010144,0.044944682408952,0.0005420412747592,0.044944682408952,0.0169877387266122,3102.402772686282,3063,179563,0.0167719820836025,"selected calibrated PD ascending, then frozen base_order ascending"
lightgbm_T_plus_AD,identity,80.0,0.8,True,183199,45800,79.99991266337408,0.0453401150390473,0.0005420412747592,0.0453401150390473,0.0170758042540251,3128.270263533159,3096,180103,0.0168996555658054,"selected calibrated PD ascending, then frozen base_order ascending"
mlp_T,logistic,40.0,0.4,True,91599,137400,39.99973799012223,0.0153768841027184,0.0007554453046783,0.0153768841027184,0.0086460622166991,791.9706529874277,780,90819,0.0085153768054236,"selected calibrated PD ascending, then frozen base_order ascending"
mlp_T,logistic,40.25,0.4025,False,92172,136827,40.24995742339486,0.0154921913377803,0.0007554453046783,0.0154921913377803,0.0086882476272537,800.8131602992335,788,91384,0.0085492340407065,"selected calibrated PD ascending, then frozen base_order ascending"
mlp_T,logistic,40.5,0.405,False,92744,136255,40.49974017353787,0.0155957786304137,0.0007554453046783,0.0155957786304137,0.0087305282978917,809.7041164596747,801,91943,0.0086366773052704,"selected calibrated PD ascending, then frozen base_order ascending"
mlp_T,logistic,40.75,0.4075,False,93317,135682,40.74995960681051,0.015693591292234,0.0007554453046783,0.015693591292234,0.0087729919059894,818.6692856912136,809,92508,0.0086693742833567,"selected calibrated PD ascending, then frozen base_order ascending"
mlp_T,logistic,41.0,0.41,False,93889,135110,40.999742356953526,0.0158014509128411,0.0007554453046783,0.0158014509128411,0.00881546953861,827.6756195105605,817,93072,0.0087017648499824,"selected calibrated PD ascending, then frozen base_order ascending"
mlp_T,logistic,41.25,0.4125,False,94462,134537,41.24996179022616,0.0159056879264757,0.0007554453046783,0.0159056879264757,0.0088581590653721,836.7594216331839,826,93636,0.0087442569498846,"selected calibrated PD ascending, then frozen base_order ascending"
mlp_T,logistic,41.5,0.415,False,95034,133965,41.49974454036917,0.0160137843246769,0.0007554453046783,0.0160137843246769,0.0089009038737739,845.8884987402338,834,94200,0.008775806553444,"selected calibrated PD ascending, then frozen base_order ascending"
mlp_T,logistic,41.75,0.4175,False,95607,133392,41.749963973641805,0.0161243724765773,0.0007554453046783,0.0161243724765773,0.0089438655940917,855.0961578543325,849,94758,0.0088801029213342,"selected calibrated PD ascending, then frozen base_order ascending"
mlp_T,logistic,42.0,0.42,False,96179,132820,41.99974672378482,0.0162309276053734,0.0007554453046783,0.0162309276053734,0.0089868887323615,864.3499713898046,858,95321,0.0089208663013755,"selected calibrated PD ascending, then frozen base_order ascending"
mlp_T,logistic,42.25,0.4225,False,96752,132247,42.24996615705746,0.0163393042775866,0.0007554453046783,0.0163393042775866,0.0090301196800742,873.6821392865438,869,95883,0.0089817264759384,"selected calibrated PD ascending, then frozen base_order ascending"
mlp_T,logistic,42.5,0.425,False,97324,131675,42.49974890720047,0.0164531855156312,0.0007554453046783,0.0164531855156312,0.0090734195103537,883.0614804256716,885,96439,0.0090933377173153,"selected calibrated PD ascending, then frozen base_order ascending"
mlp_T,logistic,42.75,0.4275,False,97897,131102,42.7499683404731,0.0165662158862305,0.0007554453046783,0.0165662158862305,0.0091169486772843,892.5219246601014,891,97006,0.0091014024944584,"selected calibrated PD ascending, then frozen base_order ascending"
mlp_T,logistic,43.0,0.43,False,98469,130530,42.999751090616115,0.0166809026361754,0.0007554453046783,0.0166809026361754,0.009160549619182,902.030160451238,902,97567,0.0091602433253105,"selected calibrated PD ascending, then frozen base_order ascending"
mlp_T,logistic,43.25,0.4325,False,99042,129957,43.24997052388875,0.0167909369293393,0.0007554453046783,0.0167909369293393,0.0092043877351327,911.6209700630222,909,98133,0.0091779245168716,"selected calibrated PD ascending, then frozen base_order ascending"
mlp_T,logistic,43.5,0.435,False,99614,129385,43.49975327403176,0.0169010056380138,0.0007554453046783,0.0169010056380138,0.0092482656966968,921.2567391107568,916,98698,0.0091954946091914,"selected calibrated PD ascending, then frozen base_order ascending"
mlp_T,logistic,43.75,0.4375,False,100187,128812,43.7499727073044,0.0170207622298271,0.0007554453046783,0.0170207622298271,0.0092923837144139,930.9760471959946,928,99259,0.0092626787906614,"selected calibrated PD ascending, then frozen base_order ascending"
mlp_T,logistic,44.0,0.44,False,100759,128240,43.999755457447414,0.0171351291118825,0.0007554453046783,0.0171351291118825,0.0093365673379896,940.7431884085026,940,99819,0.0093291914369932,"selected calibrated PD ascending, then frozen base_order ascending"
mlp_T,logistic,44.25,0.4425,False,101332,127667,44.24997489072005,0.0172542465799975,0.0007554453046783,0.0172542465799975,0.0093809937512766,950.5948588043644,950,100382,0.0093751233568862,"selected calibrated PD ascending, then frozen base_order ascending"
mlp_T,logistic,44.5,0.445,False,101904,127095,44.49975764086306,0.0173801057690483,0.0007554453046783,0.0173801057690483,0.0094255420902422,960.5004411640476,955,100949,0.0093715653948814,"selected calibrated PD ascending, then frozen base_order ascending"
mlp_T,logistic,44.75,0.4475,False,102477,126522,44.74997707413569,0.0174944659121165,0.0007554453046783,0.0174944659121165,0.0094703270965275,970.4907098708486,966,101511,0.0094265054597617,"selected calibrated PD ascending, then frozen base_order ascending"
mlp_T,logistic,45.0,0.45,False,103049,125950,44.99975982427871,0.0176134817586728,0.0007554453046783,0.0176134817586728,0.0095152004700494,980.5318932381298,971,102078,0.0094227018214635,"selected calibrated PD ascending, then frozen base_order ascending"
mlp_T,logistic,45.25,0.4525,False,103622,125377,45.249979257551345,0.0177277143979084,0.0007554453046783,0.0177277143979084,0.0095603158227005,990.6590461798718,980,102642,0.0094574511204184,"selected calibrated PD ascending, then frozen base_order ascending"
mlp_T,logistic,45.5,0.455,False,104194,124805,45.49976200769436,0.0178438809546278,0.0007554453046783,0.0178438809546278,0.0096054757013744,1000.8329352290144,988,103206,0.0094823118413728,"selected calibrated PD ascending, then frozen base_order ascending"
mlp_T,logistic,45.75,0.4575,False,104767,124232,45.74998144096699,0.0179709767707847,0.0007554453046783,0.0179709767707847,0.0096508851800532,1011.0942876586436,997,103770,0.0095163553408993,"selected calibrated PD ascending, then frozen base_order ascending"
mlp_T,logistic,46.0,0.46,False,105339,123660,45.99976419111,0.0180898178815478,0.0007554453046783,0.0180898178815478,0.0096963876742943,1021.4077812224966,1008,104331,0.0095691054595164,"selected calibrated PD ascending, then frozen base_order ascending"
mlp_T,logistic,46.25,0.4625,False,105912,123087,46.24998362438264,0.0182154500361719,0.0007554453046783,0.0182154500361719,0.0097421298720592,1031.8084590095348,1022,104890,0.0096495203565223,"selected calibrated PD ascending, then frozen base_order ascending"
mlp_T,logistic,46.5,0.465,False,106484,122515,46.499766374525656,0.0183347442653483,0.0007554453046783,0.0183347442653483,0.009787966908406,1042.261868274708,1031,105453,0.0096822057773937,"selected calibrated PD ascending, then frozen base_order ascending"
mlp_T,logistic,46.75,0.4675,False,107057,121942,46.74998580779829,0.0184676903349606,0.0007554453046783,0.0184676903349606,0.0098340606264856,1052.805028489678,1041,106016,0.0097237919986549,"selected calibrated PD ascending, then frozen base_order ascending"
mlp_T,logistic,47.0,0.47,False,107629,121370,46.9997685579413,0.0185918698275742,0.0007554453046783,0.0185918698275742,0.0098802766797533,1063.404298765169,1052,106577,0.0097743173308309,"selected calibrated PD ascending, then frozen base_order ascending"
mlp_T,logistic,47.25,0.4725,False,108202,120797,47.249987991213935,0.0187223349485385,0.0007554453046783,0.0187223349485385,0.0099267408313844,1074.0932114374605,1057,107145,0.0097687658268793,"selected calibrated PD ascending, then frozen base_order ascending"
mlp_T,logistic,47.5,0.475,False,108774,120225,47.49977074135695,0.0188516608037631,0.0007554453046783,0.0188516608037631,0.0099733267962921,1084.838648939877,1066,107708,0.0098001360619265,"selected calibrated PD ascending, then frozen base_order ascending"
mlp_T,logistic,47.75,0.4775,False,109347,119652,47.74999017462958,0.0189888931107737,0.0007554453046783,0.0189888931107737,0.0100202113354434,1095.6800488967376,1081,108266,0.009885959377029,"selected calibrated PD ascending, then frozen base_order ascending"
mlp_T,logistic,48.0,0.48,False,109919,119080,47.9997729247726,0.0191199256747504,0.0007554453046783,0.0191199256747504,0.0100672282255223,1106.5796593211912,1094,108825,0.0099527834132406,"selected calibrated PD ascending, then frozen base_order ascending"
mlp_T,logistic,48.25,0.4825,False,110492,118507,48.24999235804523,0.0192558220055688,0.0007554453046783,0.0192558220055688,0.0101145333186426,1117.575015443458,1100,109392,0.0099554718893675,"selected calibrated PD ascending, then frozen base_order ascending"
mlp_T,logistic,48.5,0.485,False,111064,117935,48.499775108188246,0.0193923682500052,0.0007554453046783,0.0193923682500052,0.0101619671264173,1128.6287169284112,1120,109944,0.0100842757329107,"selected calibrated PD ascending, then frozen base_order ascending"
mlp_T,logistic,48.75,0.4875,False,111637,117362,48.74999454146088,0.0195225228790004,0.0007554453046783,0.0195225228790004,0.0102096786421596,1139.7778945747805,1135,110502,0.0101668801562206,"selected calibrated PD ascending, then frozen base_order ascending"
mlp_T,logistic,49.0,0.49,False,112209,116790,48.99977729160389,0.0196754822798711,0.0007554453046783,0.0196754822798711,0.0102575403573431,1150.9883459571154,1145,111064,0.0102041725708276,"selected calibrated PD ascending, then frozen base_order ascending"
mlp_T,logistic,49.25,0.4925,False,112782,116217,49.249996724876524,0.0198147382345932,0.0007554453046783,0.0198147382345932,0.0103057329009125,1162.301168030715,1156,111626,0.0102498625667216,"selected calibrated PD ascending, then frozen base_order ascending"
mlp_T,logistic,49.5,0.495,False,113354,115645,49.499779475019544,0.0199516817280789,0.0007554453046783,0.0199516817280789,0.0103540596046108,1173.6740724210586,1171,112183,0.0103304691497432,"selected calibrated PD ascending, then frozen base_order ascending"
mlp_T,logistic,49.75,0.4975,False,113927,115072,49.74999890829218,0.0200869705622647,0.0007554453046783,0.0200869705622647,0.0104026683928628,1185.1448019936895,1182,112745,0.0103750647344352,"selected calibrated PD ascending, then frozen base_order ascending"
mlp_T,logistic,50.0,0.5,True,114499,114500,49.99978165843519,0.0202161146061752,0.0007554453046783,0.0202161146061752,0.0104513721006349,1196.671654150603,1199,113300,0.0104717071764818,"selected calibrated PD ascending, then frozen base_order ascending"
mlp_T,logistic,50.25,0.5025,False,115071,113928,50.2495644085782,0.0203538101521191,0.0007554453046783,0.0203538101521191,0.0105002620395811,1208.2756531566474,1208,113863,0.0104978665345743,"selected calibrated PD ascending, then frozen base_order ascending"
mlp_T,logistic,50.5,0.505,False,115644,113355,50.499783841850835,0.0205008178193692,0.0007554453046783,0.0205008178193692,0.0105494335528249,1219.9786937828935,1213,114431,0.0104890871986441,"selected calibrated PD ascending, then frozen base_order ascending"
mlp_T,logistic,50.75,0.5075,False,116216,112783,50.749566591993855,0.020632795345379,0.0007554453046783,0.020632795345379,0.0105987502346913,1231.744357274885,1223,114993,0.0105235079507124,"selected calibrated PD ascending, then frozen base_order ascending"
mlp_T,logistic,51.0,0.51,False,116789,112210,50.99978602526649,0.020773711282974,0.0007554453046783,0.020773711282974,0.0106483367034661,1243.6085952611138,1233,115556,0.0105575011345246,"selected calibrated PD ascending, then frozen base_order ascending"
mlp_T,logistic,51.25,0.5125,False,117361,111638,51.2495687754095,0.0209107406898916,0.0007554453046783,0.0209107406898916,0.0106980235978443,1255.530747466611,1242,116119,0.0105827319126455,"selected calibrated PD ascending, then frozen base_order ascending"
mlp_T,logistic,51.5,0.515,False,117934,111065,51.49978820868213,0.0210477534643845,0.0007554453046783,0.0210477534643845,0.0107479673435555,1267.5507806948835,1257,116677,0.010658503908966,"selected calibrated PD ascending, then frozen base_order ascending"
mlp_T,logistic,51.75,0.5175,False,118506,110493,51.749570958825146,0.0211938550959286,0.0007554453046783,0.0211938550959286,0.0107980289497415,1279.6312187180704,1268,117238,0.0106998801748434,"selected calibrated PD ascending, then frozen base_order ascending"
mlp_T,logistic,52.0,0.52,False,119079,109920,51.99979039209778,0.0213437736118309,0.0007554453046783,0.0213437736118309,0.0108484261839194,1291.819741554939,1280,117799,0.0107491665197054,"selected calibrated PD ascending, then frozen base_order ascending"
mlp_T,logistic,52.25,0.5225,False,119651,109348,52.2495731422408,0.0214836610164928,0.0007554453046783,0.0214836610164928,0.0108989363248607,1304.0686302059105,1295,118356,0.0108231439770666,"selected calibrated PD ascending, then frozen base_order ascending"
mlp_T,logistic,52.5,0.525,False,120224,108775,52.49979257551343,0.0216396683036415,0.0007554453046783,0.0216396683036415,0.0109497648214019,1316.4245258882293,1306,118918,0.0108630556294916,"selected calibrated PD ascending, then frozen base_order ascending"
mlp_T,logistic,52.75,0.5275,False,120796,108203,52.74957532565645,0.0217827138109128,0.0007554453046783,0.0217827138109128,0.0110007099665852,1328.8417611236268,1319,119477,0.0109192357362826,"selected calibrated PD ascending, then frozen base_order ascending"
mlp_T,logistic,53.0,0.53,False,121369,107630,52.99979475892908,0.0219308355961721,0.0007554453046783,0.0219308355961721,0.0110519703961035,1341.366595004686,1342,120027,0.0110571892328354,"selected calibrated PD ascending, then frozen base_order ascending"
mlp_T,logistic,53.25,0.5325,False,121941,107058,53.24957750907209,0.0220784517943081,0.0007554453046783,0.0220784517943081,0.0111033448280655,1353.952971679138,1356,120585,0.0111201318670504,"selected calibrated PD ascending, then frozen base_order ascending"
mlp_T,logistic,53.5,0.535,False,122514,106485,53.49979694234472,0.0222316263584019,0.0007554453046783,0.0222316263584019,0.0111550286741967,1366.6471829905445,1376,121138,0.0112313694761415,"selected calibrated PD ascending, then frozen base_order ascending"
mlp_T,logistic,53.75,0.5375,False,123086,105913,53.74957969248774,0.0223756288648967,0.0007554453046783,0.0223756288648967,0.0112068368141867,1379.404716110996,1388,121698,0.0112766683457095,"selected calibrated PD ascending, then frozen base_order ascending"
mlp_T,logistic,54.0,0.54,False,123659,105340,53.999799125760376,0.0225270202666585,0.0007554453046783,0.0225270202666585,0.0112589324307282,1392.268325451429,1396,122263,0.0112891095674394,"selected calibrated PD ascending, then frozen base_order ascending"
mlp_T,logistic,54.25,0.5425,False,124231,104768,54.24958187590339,0.0226741613113905,0.0007554453046783,0.0226741613113905,0.011311157653525,1405.196426455069,1410,122821,0.0113498241179737,"selected calibrated PD ascending, then frozen base_order ascending"
mlp_T,logistic,54.5,0.545,False,124804,104195,54.49980130917602,0.0228290779445099,0.0007554453046783,0.0228290779445099,0.0113636673288908,1418.2311373148914,1423,123381,0.0114018781449312,"selected calibrated PD ascending, then frozen base_order ascending"
mlp_T,logistic,54.75,0.5475,False,125376,103623,54.749584059319034,0.0229868738470769,0.0007554453046783,0.0229868738470769,0.0114163308233676,1431.3338933105451,1435,123941,0.0114455717202654,"selected calibrated PD ascending, then frozen base_order ascending"
mlp_T,logistic,55.0,0.55,False,125949,103050,54.999803492591674,0.0231387655440171,0.0007554453046783,0.0231387655440171,0.0114693080204165,1444.5478758634438,1456,124493,0.0115602346981714,"selected calibrated PD ascending, then frozen base_order ascending"
mlp_T,logistic,55.25,0.5525,False,126521,102478,55.249586242734686,0.0232940179660287,0.0007554453046783,0.0232940179660287,0.0115224031899726,1457.8259739985351,1473,125048,0.0116423360548841,"selected calibrated PD ascending, then frozen base_order ascending"
mlp_T,logistic,55.5,0.555,False,127094,101905,55.49980567600732,0.0234410370101819,0.0007554453046783,0.0234410370101819,0.0115758055996892,1471.2154368869117,1485,125609,0.0116842651895447,"selected calibrated PD ascending, then frozen base_order ascending"
mlp_T,logistic,55.75,0.5575,False,127666,101333,55.74958842615033,0.0235994509334307,0.0007554453046783,0.0235994509334307,0.01162932280679,1484.6691254516645,1503,126163,0.011772907430326,"selected calibrated PD ascending, then frozen base_order ascending"
mlp_T,logistic,56.0,0.56,False,128239,100760,55.999807859422965,0.0237635667904486,0.0007554453046783,0.0237635667904486,0.0116831609023875,1498.2368709612806,1516,126723,0.0118216767130124,"selected calibrated PD ascending, then frozen base_order ascending"
mlp_T,logistic,56.25,0.5625,False,128811,100188,56.24959060956598,0.0239210749319013,0.0007554453046783,0.0239210749319013,0.011737149195821,1511.8739250629008,1523,127288,0.011823524388445,"selected calibrated PD ascending, then frozen base_order ascending"
mlp_T,logistic,56.5,0.565,False,129384,99615,56.49981004283862,0.0240757543580702,0.0007554453046783,0.0240757543580702,0.0117914658050825,1525.627011724804,1537,127847,0.0118793668459778,"selected calibrated PD ascending, then frozen base_order ascending"
mlp_T,logistic,56.75,0.5675,False,129956,99043,56.74959279298163,0.0242389961881475,0.0007554453046783,0.0242389961881475,0.0118458850774532,1539.4438411255176,1553,128403,0.0119501985287328,"selected calibrated PD ascending, then frozen base_order ascending"
mlp_T,logistic,57.0,0.57,False,130529,98470,56.999812226254264,0.0244110580714157,0.0007554453046783,0.0244110580714157,0.0119006672822786,1553.382199688544,1569,128960,0.0120203173241195,"selected calibrated PD ascending, then frozen base_order ascending"
mlp_T,logistic,57.25,0.5725,False,131101,97898,57.24959497639728,0.0245581620837853,0.0007554453046783,0.0245581620837853,0.0119555584202761,1567.3856644566256,1588,129513,0.0121127985293781,"selected calibrated PD ascending, then frozen base_order ascending"
mlp_T,logistic,57.5,0.575,False,131674,97325,57.49981440966991,0.0247297860426774,0.0007554453046783,0.0247297860426774,0.0120107782938476,1581.5072210640944,1600,130074,0.012151221957258,"selected calibrated PD ascending, then frozen base_order ascending"
mlp_T,logistic,57.75,0.5775,False,132246,96753,57.74959715981292,0.0249058039547929,0.0007554453046783,0.0249058039547929,0.0120661653370073,1595.7021011578693,1617,130629,0.0122272129213738,"selected calibrated PD ascending, then frozen base_order ascending"
mlp_T,logistic,58.0,0.58,False,132819,96180,57.99981659308556,0.0250797141640751,0.0007554453046783,0.0250797141640751,0.0121219304686822,1610.0226829199096,1638,131181,0.0123325728999616,"selected calibrated PD ascending, then frozen base_order ascending"
mlp_T,logistic,58.25,0.5825,False,133391,95608,58.249599343228574,0.0252440962618073,0.0007554453046783,0.0252440962618073,0.0121778488017447,1624.4154295135402,1647,131744,0.0123471598533634,"selected calibrated PD ascending, then frozen base_order ascending"
mlp_T,logistic,58.5,0.585,False,133964,95035,58.49981877650121,0.0254211346009326,0.0007554453046783,0.0254211346009326,0.0122341325421562,1638.9333318774236,1666,132298,0.0124361768833417,"selected calibrated PD ascending, then frozen base_order ascending"
mlp_T,logistic,58.75,0.5875,False,134536,94463,58.74960152664422,0.0255852395539361,0.0007554453046783,0.0255852395539361,0.0122905448842162,1653.520746542913,1683,132853,0.0125096628411726,"selected calibrated PD ascending, then frozen base_order ascending"
mlp_T,logistic,59.0,0.59,False,135109,93890,58.99982095991685,0.0257668777154761,0.0007554453046783,0.0257668777154761,0.0123473099984179,1668.2327065762518,1695,133414,0.0125454262854436,"selected calibrated PD ascending, then frozen base_order ascending"
mlp_T,logistic,59.25,0.5925,False,135681,93318,59.24960371005987,0.0259551372040378,0.0007554453046783,0.0259551372040378,0.0124042676455386,1683.0234384143332,1706,133975,0.0125736101591232,"selected calibrated PD ascending, then frozen base_order ascending"
mlp_T,logistic,59.5,0.595,False,136254,92745,59.499823143332506,0.0261345605007835,0.0007554453046783,0.0261345605007835,0.0124616290225091,1697.9468008329643,1723,134531,0.012645500315587,"selected calibrated PD ascending, then frozen base_order ascending"
mlp_T,logistic,59.75,0.5975,False,136826,92173,59.74960589347552,0.0263187194900937,0.0007554453046783,0.0263187194900937,0.0125191717431583,1712.9481929293786,1739,135087,0.0127095727420227,"selected calibrated PD ascending, then frozen base_order ascending"
mlp_T,logistic,60.0,0.6,True,137399,91600,59.99982532674815,0.0264967355752015,0.0007554453046783,0.0264967355752015,0.0125770965387793,1728.0804873317416,1757,135642,0.0127875748731795,"selected calibrated PD ascending, then frozen base_order ascending"
mlp_T,logistic,60.25,0.6025,False,137971,91028,60.24960807689117,0.0266731187226184,0.0007554453046783,0.0266731187226184,0.0126351851951335,1743.2891365577668,1769,136202,0.0128215349602452,"selected calibrated PD ascending, then frozen base_order ascending"
mlp_T,logistic,60.5,0.605,False,138544,90455,60.4998275101638,0.0268631537190336,0.0007554453046783,0.0268631537190336,0.0126936501419481,1758.6290652660578,1786,136758,0.0128912114562882,"selected calibrated PD ascending, then frozen base_order ascending"
mlp_T,logistic,60.75,0.6075,False,139116,89883,60.74961026030682,0.0270608531637176,0.0007554453046783,0.0270608531637176,0.0127523147372931,1774.0510169932686,1800,137316,0.0129388424048995,"selected calibrated PD ascending, then frozen base_order ascending"
mlp_T,logistic,61.0,0.61,False,139689,89310,60.99982969357945,0.0272440165491537,0.0007554453046783,0.0272440165491537,0.0128113786779226,1789.6086761403349,1819,137870,0.0130217841061214,"selected calibrated PD ascending, then frozen base_order ascending"
mlp_T,logistic,61.25,0.6125,False,140261,88738,61.24961244372246,0.027429649804208,0.0007554453046783,0.027429649804208,0.0128706180320649,1805.2457557954656,1831,138430,0.0130542346054854,"selected calibrated PD ascending, then frozen base_order ascending"
mlp_T,logistic,61.5,0.615,False,140834,88165,61.499831876995096,0.0276298314432162,0.0007554453046783,0.0276298314432162,0.0129302402123342,1821.0174500638836,1844,138990,0.0130934291435306,"selected calibrated PD ascending, then frozen base_order ascending"
mlp_T,logistic,61.75,0.6175,False,141406,87593,61.74961462713811,0.0278130373965264,0.0007554453046783,0.0278130373965264,0.0129900596926994,1836.8723809058624,1867,139539,0.0132031172651796,"selected calibrated PD ascending, then frozen base_order ascending"
mlp_T,logistic,62.0,0.62,False,141979,87020,61.99983406041074,0.0280100852508024,0.0007554453046783,0.0280100852508024,0.013050281999087,1852.8659879483816,1886,140093,0.0132836546249797,"selected calibrated PD ascending, then frozen base_order ascending"
mlp_T,logistic,62.25,0.6225,False,142551,86448,62.24961681055376,0.0281949626400695,0.0007554453046783,0.0281949626400695,0.0131106743027049,1868.9397325248945,1896,140655,0.0133005029778816,"selected calibrated PD ascending, then frozen base_order ascending"
mlp_T,logistic,62.5,0.625,False,143124,85875,62.499836243826394,0.0283964179146383,0.0007554453046783,0.0283964179146383,0.0131714693849008,1885.153384244553,1910,141214,0.0133450714066124,"selected calibrated PD ascending, then frozen base_order ascending"
mlp_T,logistic,62.75,0.6275,False,143696,85303,62.749618993969406,0.0285896146151691,0.0007554453046783,0.0285896146151691,0.0132324641857385,1901.452173633884,1926,141770,0.0134032958467876,"selected calibrated PD ascending, then frozen base_order ascending"
mlp_T,logistic,63.0,0.63,False,144269,84730,62.99983842724204,0.02878993367076,0.0007554453046783,0.02878993367076,0.0132938508007826,1917.8905611781056,1944,142325,0.0134748282721859,"selected calibrated PD ascending, then frozen base_order ascending"
mlp_T,logistic,63.25,0.6325,False,144841,84158,63.24962117738505,0.0289865994998476,0.0007554453046783,0.0289865994998476,0.0133554550899048,1934.4174706769045,1962,142879,0.0135458882498739,"selected calibrated PD ascending, then frozen base_order ascending"
mlp_T,logistic,63.5,0.635,False,145414,83585,63.499840610657685,0.0291831102065484,0.0007554453046783,0.0291831102065484,0.0134174395222221,1951.0835506844185,1981,143433,0.013623172459323,"selected calibrated PD ascending, then frozen base_order ascending"
mlp_T,logistic,63.75,0.6375,False,145986,83013,63.749623360800705,0.029371007983007,0.0007554453046783,0.029371007983007,0.0134795737714348,1967.8290565966925,1998,143988,0.0136862438864,"selected calibrated PD ascending, then frozen base_order ascending"
mlp_T,logistic,64.0,0.64,False,146559,82440,63.99984279407334,0.0295707345466535,0.0007554453046783,0.0295707345466535,0.0135420939084343,1984.7157411262272,2011,144548,0.0137214364180978,"selected calibrated PD ascending, then frozen base_order ascending"
mlp_T,logistic,64.25,0.6425,False,147131,81868,64.24962554421636,0.0297712085372494,0.0007554453046783,0.0297712085372494,0.0136047904481982,2001.6864234338584,2032,145099,0.0138108216487348,"selected calibrated PD ascending, then frozen base_order ascending"
mlp_T,logistic,64.5,0.645,False,147704,81295,64.49984497748899,0.0299728204878615,0.0007554453046783,0.0299728204878615,0.013667887544137,2018.8016618192155,2045,145659,0.013845258083735,"selected calibrated PD ascending, then frozen base_order ascending"
mlp_T,logistic,64.75,0.6475,False,148276,80723,64.749627727632,0.0301741636183829,0.0007554453046783,0.0301741636183829,0.0137311839791971,2036.0050356994325,2068,146208,0.0139469637702662,"selected calibrated PD ascending, then frozen base_order ascending"
mlp_T,logistic,65.0,0.65,False,148849,80150,64.99984716090464,0.0303632298345189,0.0007554453046783,0.0303632298345189,0.0137948546401356,2053.350318329551,2084,146765,0.0140007658768281,"selected calibrated PD ascending, then frozen base_order ascending"
mlp_T,logistic,65.25,0.6525,False,149421,79578,65.24962991104765,0.0305538676362981,0.0007554453046783,0.0305538676362981,0.0138586460587907,2070.772752750566,2105,147316,0.0140877119012722,"selected calibrated PD ascending, then frozen base_order ascending"
mlp_T,logistic,65.5,0.655,False,149994,79005,65.49984934432028,0.0307696241257171,0.0007554453046783,0.0307696241257171,0.0139228415096972,2088.3426894055233,2123,147871,0.0141538994893129,"selected calibrated PD ascending, then frozen base_order ascending"
mlp_T,logistic,65.75,0.6575,False,150566,78433,65.7496320944633,0.0309817841995433,0.0007554453046783,0.0309817841995433,0.0139872287755758,2106.001087823352,2136,148430,0.0141864697209197,"selected calibrated PD ascending, then frozen base_order ascending"
mlp_T,logistic,66.0,0.66,False,151139,77860,65.99985152773593,0.0311905746350411,0.0007554453046783,0.0311905746350411,0.0140520603625824,2123.814351140343,2157,148982,0.0142716307505011,"selected calibrated PD ascending, then frozen base_order ascending"
mlp_T,logistic,66.25,0.6625,False,151711,77288,66.24963427787894,0.0314053740619511,0.0007554453046783,0.0314053740619511,0.0141170927327202,2141.718255573729,2169,149542,0.0142969198014646,"selected calibrated PD ascending, then frozen base_order ascending"
mlp_T,logistic,66.5,0.665,False,152284,76715,66.49985371115157,0.0316259836226829,0.0007554453046783,0.0316259836226829,0.0141825487110961,2159.7752479205633,2196,150088,0.0144204249954033,"selected calibrated PD ascending, then frozen base_order ascending"
mlp_T,logistic,66.75,0.6675,False,152856,76143,66.74963646129459,0.0318375769968992,0.0007554453046783,0.0318375769968992,0.0142482236095275,2177.926468057949,2212,150644,0.0144711362327942,"selected calibrated PD ascending, then frozen base_order ascending"
mlp_T,logistic,67.0,0.67,False,153429,75570,66.99985589456722,0.032053292265304,0.0007554453046783,0.032053292265304,0.0143143174133796,2196.231406417429,2233,151196,0.0145539630708666,"selected calibrated PD ascending, then frozen base_order ascending"
mlp_T,logistic,67.25,0.6725,False,154001,74998,67.24963864471025,0.0322757467979255,0.0007554453046783,0.0322757467979255,0.0143805954099559,2214.626073728621,2255,151746,0.0146427620599866,"selected calibrated PD ascending, then frozen base_order ascending"
mlp_T,logistic,67.5,0.675,False,154574,74425,67.49985807798288,0.032491002072062,0.0007554453046783,0.032491002072062,0.0144473299834483,2233.1815848615506,2270,152304,0.0146855227916725,"selected calibrated PD ascending, then frozen base_order ascending"
mlp_T,logistic,67.75,0.6775,False,155146,73853,67.74964082812589,0.0326986248471596,0.0007554453046783,0.0326986248471596,0.0145142395894127,2251.826215339031,2288,152858,0.0147473992239567,"selected calibrated PD ascending, then frozen base_order ascending"
mlp_T,logistic,68.0,0.68,False,155719,73280,67.99986026139852,0.0329162877916442,0.0007554453046783,0.0329162877916442,0.0145815749108309,2270.628263539688,2312,153407,0.0148472569179098,"selected calibrated PD ascending, then frozen base_order ascending"
mlp_T,logistic,68.25,0.6825,False,156291,72708,68.24964301154154,0.0331375189359878,0.0007554453046783,0.0331375189359878,0.0146490942657644,2289.5215918905897,2330,153961,0.0149080881176779,"selected calibrated PD ascending, then frozen base_order ascending"
mlp_T,logistic,68.5,0.685,False,156864,72135,68.49986244481417,0.033361473242132,0.0007554453046783,0.033361473242132,0.0147170469394457,2308.574851109216,2349,154515,0.0149747552019583,"selected calibrated PD ascending, then frozen base_order ascending"
mlp_T,logistic,68.75,0.6875,False,157436,71563,68.74964519495718,0.0335991333210778,0.0007554453046783,0.0335991333210778,0.0147852334267222,2327.72800976945,2369,155067,0.0150473843339515,"selected calibrated PD ascending, then frozen base_order ascending"
mlp_T,logistic,69.0,0.69,False,158009,70990,68.99986462822982,0.0338182914933804,0.0007554453046783,0.0338182914933804,0.0148538727636503,2347.045581511623,2396,155613,0.0151636932073489,"selected calibrated PD ascending, then frozen base_order ascending"
mlp_T,logistic,69.25,0.6925,False,158581,70418,69.24964737837283,0.0340635642799902,0.0007554453046783,0.0340635642799902,0.0149227361301879,2366.462418261341,2415,156166,0.0152288105132392,"selected calibrated PD ascending, then frozen base_order ascending"
mlp_T,logistic,69.5,0.695,False,159154,69845,69.49986681164546,0.0343009010600093,0.0007554453046783,0.0343009010600093,0.0149920709112557,2386.0480538099914,2435,156719,0.0152996468828932,"selected calibrated PD ascending, then frozen base_order ascending"
mlp_T,logistic,69.75,0.6975,False,159726,69273,69.74964956178847,0.0345521248964094,0.0007554453046783,0.0345521248964094,0.0150616723263815,2405.740674003626,2454,157272,0.0153638105255249,"selected calibrated PD ascending, then frozen base_order ascending"
mlp_T,logistic,70.0,0.7,True,160299,68700,69.99986899506112,0.0347890002466547,0.0007554453046783,0.0347890002466547,0.0151317560366412,2425.6053609175574,2468,157831,0.0153962282983674,"selected calibrated PD ascending, then frozen base_order ascending"
mlp_T,logistic,70.25,0.7025,False,160871,68128,70.24965174520413,0.0350389895424452,0.0007554453046783,0.0350389895424452,0.0152020855195488,2445.5746996153453,2487,158384,0.0154595918468835,"selected calibrated PD ascending, then frozen base_order ascending"
mlp_T,logistic,70.5,0.705,False,161444,67555,70.49987117847677,0.0352686594738581,0.0007554453046783,0.0352686594738581,0.0152729052857883,2465.7189209588064,2506,158938,0.0155224102475161,"selected calibrated PD ascending, then frozen base_order ascending"
mlp_T,logistic,70.75,0.7075,False,162016,66983,70.74965392861978,0.0355109449601401,0.0007554453046783,0.0355109449601401,0.0153439418303265,2485.9640795821892,2519,159497,0.0155478471262097,"selected calibrated PD ascending, then frozen base_order ascending"
mlp_T,logistic,71.0,0.71,False,162589,66410,70.99987336189241,0.0357739705649709,0.0007554453046783,0.0357739705649709,0.0154154919930462,2506.3894276573933,2546,160043,0.0156591159303519,"selected calibrated PD ascending, then frozen base_order ascending"
mlp_T,logistic,71.25,0.7125,False,163161,65838,71.24965611203542,0.0360146296529467,0.0007554453046783,0.0360146296529467,0.0154872822182198,2526.920454006966,2568,160593,0.0157390552889477,"selected calibrated PD ascending, then frozen base_order ascending"
mlp_T,logistic,71.5,0.715,False,163734,65265,71.49987554530806,0.0362723364866125,0.0007554453046783,0.0362723364866125,0.0155595722798736,2547.6310076728346,2586,161148,0.0157939096339184,"selected calibrated PD ascending, then frozen base_order ascending"
mlp_T,logistic,71.75,0.7175,False,164306,64693,71.74965829545107,0.0365254672983066,0.0007554453046783,0.0365254672983066,0.0156321246567834,2568.4518738574534,2600,161706,0.0158241330200966,"selected calibrated PD ascending, then frozen base_order ascending"
mlp_T,logistic,72.0,0.72,False,164879,64120,71.9998777287237,0.0367754774247421,0.0007554453046783,0.0367754774247421,0.0157051565915962,2589.4505136657904,2611,162268,0.0158358553848579,"selected calibrated PD ascending, then frozen base_order ascending"
mlp_T,logistic,72.25,0.7225,False,165451,63548,72.24966047886672,0.037023969935501,0.0007554453046783,0.037023969935501,0.0157784277585267,2610.556651076009,2632,162819,0.0159080331941178,"selected calibrated PD ascending, then frozen base_order ascending"
mlp_T,logistic,72.5,0.725,False,166024,62975,72.49987991213935,0.0372956982438607,0.0007554453046783,0.0372956982438607,0.0158522217096013,2631.849257114861,2652,163372,0.0159735941791548,"selected calibrated PD ascending, then frozen base_order ascending"
mlp_T,logistic,72.75,0.7275,False,166596,62403,72.74966266228236,0.0375601977891235,0.0007554453046783,0.0375601977891235,0.0159262804229736,2653.254613345717,2675,163921,0.0160568080866287,"selected calibrated PD ascending, then frozen base_order ascending"
mlp_T,logistic,73.0,0.73,False,167169,61830,72.99988209555501,0.0378418438380115,0.0007554453046783,0.0378418438380115,0.0160009013046987,2674.854670205184,2697,164472,0.0161333740107316,"selected calibrated PD ascending, then frozen base_order ascending"
mlp_T,logistic,73.25,0.7325,False,167741,61258,73.24966484569802,0.0381142106707471,0.0007554453046783,0.0381142106707471,0.0160758394569599,2696.5773863499185,2711,165030,0.0161618209024627,"selected calibrated PD ascending, then frozen base_order ascending"
mlp_T,logistic,73.5,0.735,False,168314,60685,73.49988427897065,0.0383701570920669,0.0007554453046783,0.0383701570920669,0.0161513057937958,2718.4908833769564,2723,165591,0.0161780957020806,"selected calibrated PD ascending, then frozen base_order ascending"
mlp_T,logistic,73.75,0.7375,False,168886,60113,73.74966702911367,0.0386700615129186,0.0007554453046783,0.0386700615129186,0.0162270579312493,2740.522905776971,2743,166143,0.0162417251874045,"selected calibrated PD ascending, then frozen base_order ascending"
mlp_T,logistic,74.0,0.74,False,169459,59540,73.9998864623863,0.0389238060144715,0.0007554453046783,0.0389238060144715,0.0163033773574351,2762.754023613611,2767,166692,0.0163284334263745,"selected calibrated PD ascending, then frozen base_order ascending"
mlp_T,logistic,74.25,0.7425,False,170031,58968,74.24966921252931,0.0391859812763215,0.0007554453046783,0.0391859812763215,0.0163799203109057,2785.0942303836177,2798,167233,0.0164558227617316,"selected calibrated PD ascending, then frozen base_order ascending"
mlp_T,logistic,74.5,0.745,False,170604,58395,74.49988864580195,0.0394594441486766,0.0007554453046783,0.0394594441486766,0.0164569729462549,2807.625412522873,2822,167782,0.0165412299828843,"selected calibrated PD ascending, then frozen base_order ascending"
mlp_T,logistic,74.75,0.7475,False,171176,57823,74.74967139594496,0.039775831998239,0.0007554453046783,0.039775831998239,0.0165343670989957,2830.2868225376965,2844,168332,0.0166144786652334,"selected calibrated PD ascending, then frozen base_order ascending"
mlp_T,logistic,75.0,0.75,False,171749,57250,74.99989082921759,0.0400723434535271,0.0007554453046783,0.0400723434535271,0.0166124078756823,2853.1644402405655,2859,168890,0.0166463851317911,"selected calibrated PD ascending, then frozen base_order ascending"
mlp_T,logistic,75.25,0.7525,False,172321,56678,75.2496735793606,0.0403670861756228,0.0007554453046783,0.0403670861756228,0.0166907804489984,2876.1719777518574,2881,169440,0.0167187980571143,"selected calibrated PD ascending, then frozen base_order ascending"
mlp_T,logistic,75.5,0.755,False,172894,56105,75.49989301263324,0.0406837152756617,0.0007554453046783,0.0406837152756617,0.0167697789135704,2899.3941554828566,2904,169990,0.0167964186148738,"selected calibrated PD ascending, then frozen base_order ascending"
mlp_T,logistic,75.75,0.7575,False,173466,55533,75.74967576277626,0.0409829079528116,0.0007554453046783,0.0409829079528116,0.0168491394933115,2922.752831346782,2934,170532,0.0169139773788523,"selected calibrated PD ascending, then frozen base_order ascending"
mlp_T,logistic,76.0,0.76,False,174039,54960,75.9998951960489,0.0412941885408768,0.0007554453046783,0.0412941885408768,0.0169291141053517,2946.3260897813057,2961,171078,0.017013428024753,"selected calibrated PD ascending, then frozen base_order ascending"
mlp_T,logistic,76.25,0.7625,False,174611,54388,76.24967794619191,0.0416030259537828,0.0007554453046783,0.0416030259537828,0.0170094502693998,2970.0371209901773,2988,171623,0.017112323965844,"selected calibrated PD ascending, then frozen base_order ascending"
mlp_T,logistic,76.5,0.765,False,175184,53815,76.49989737946454,0.0419219129395742,0.0007554453046783,0.0419219129395742,0.0170904227976478,2993.968627383141,3008,172176,0.0171705178555119,"selected calibrated PD ascending, then frozen base_order ascending"
mlp_T,logistic,76.75,0.7675,False,175756,53243,76.74968012960755,0.0422354398053683,0.0007554453046783,0.0422354398053683,0.0171717512047798,3018.0383047472787,3024,172732,0.0172056714991237,"selected calibrated PD ascending, then frozen base_order ascending"
mlp_T,logistic,77.0,0.77,False,176329,52670,76.99989956288019,0.042552276942663,0.0007554453046783,0.042552276942663,0.0172537007462845,3042.327798891609,3044,173285,0.0172631841614255,"selected calibrated PD ascending, then frozen base_order ascending"
mlp_T,logistic,77.25,0.7725,False,176901,52098,77.2496823130232,0.0428714507412581,0.0007554453046783,0.0428714507412581,0.0173360120312329,3066.7578643371453,3069,173832,0.017348686553496,"selected calibrated PD ascending, then frozen base_order ascending"
mlp_T,logistic,77.5,0.775,False,177474,51525,77.49990174629583,0.0432030410243465,0.0007554453046783,0.0432030410243465,0.0174189960324258,3091.418901858742,3100,174374,0.0174673473297497,"selected calibrated PD ascending, then frozen base_order ascending"
mlp_T,logistic,77.75,0.7775,False,178046,50953,77.74968449643885,0.043511413046024,0.0007554453046783,0.043511413046024,0.0175023403721213,3116.2216938947176,3127,174919,0.0175628770093122,"selected calibrated PD ascending, then frozen base_order ascending"
mlp_T,logistic,78.0,0.78,False,178619,50380,77.99990392971148,0.0438228433717748,0.0007554453046783,0.0438228433717748,0.0175862879283459,3141.245163473224,3152,175467,0.0176464989726736,"selected calibrated PD ascending, then frozen base_order ascending"
mlp_T,logistic,78.25,0.7825,False,179191,49808,78.24968667985449,0.0441642529844295,0.0007554453046783,0.0441642529844295,0.017670590072176,3166.410705623295,3166,176025,0.0176682980730059,"selected calibrated PD ascending, then frozen base_order ascending"
mlp_T,logistic,78.5,0.785,False,179764,49235,78.49990611312712,0.0445435929542912,0.0007554453046783,0.0445435929542912,0.017755649156856,3191.826515033069,3196,176568,0.0177788656238178,"selected calibrated PD ascending, then frozen base_order ascending"
mlp_T,logistic,78.75,0.7875,False,180336,48663,78.74968886327015,0.0448891742621286,0.0007554453046783,0.0448891742621286,0.0178411660674089,3217.404523932263,3220,177116,0.0178555585129979,"selected calibrated PD ascending, then frozen base_order ascending"
mlp_T,logistic,79.0,0.79,False,180909,48090,78.99990829654278,0.0452300484827878,0.0007554453046783,0.0452300484827878,0.0179273803801861,3243.2244571991005,3246,177663,0.0179427225842827,"selected calibrated PD ascending, then frozen base_order ascending"
mlp_T,logistic,79.25,0.7925,False,181481,47518,79.2496910466858,0.0456060049766602,0.0007554453046783,0.0456060049766602,0.0180140166535155,3269.20175629665,3282,178199,0.0180845377753043,"selected calibrated PD ascending, then frozen base_order ascending"
mlp_T,logistic,79.5,0.795,False,182054,46945,79.49991047995843,0.045979250398549,0.0007554453046783,0.045979250398549,0.0181014723907029,3295.44545461704,3299,178755,0.0181209970668043,"selected calibrated PD ascending, then frozen base_order ascending"
mlp_T,logistic,79.75,0.7975,False,182626,46373,79.74969323010144,0.0463518717179217,0.0007554453046783,0.0463518717179217,0.0181893963691685,3321.85670131578,3318,179308,0.0181682783393383,"selected calibrated PD ascending, then frozen base_order ascending"
mlp_T,logistic,80.0,0.8,True,183199,45800,79.99991266337408,0.0467041962628446,0.0007554453046783,0.0467041962628446,0.0182780204865724,3348.5150751195883,3336,179863,0.0182097063848601,"selected calibrated PD ascending, then frozen base_order ascending"
mlp_T_plus_AD,identity,40.0,0.4,True,91599,137400,39.99973799012223,0.0142472293227911,2.9992057534400377e-05,0.0142472293227911,0.007234432374894,662.6667711079208,653,90946,0.0071288987871046,"selected calibrated PD ascending, then frozen base_order ascending"
mlp_T_plus_AD,identity,40.25,0.4025,False,92172,136827,40.24995742339486,0.0143565787002444,2.9992057534400377e-05,0.0143565787002444,0.007278364469802,670.8614099105907,664,91508,0.0072039231002907,"selected calibrated PD ascending, then frozen base_order ascending"
mlp_T_plus_AD,identity,40.5,0.405,False,92744,136255,40.49974017353787,0.0144754098728299,2.9992057534400377e-05,0.0144754098728299,0.0073223842521998,679.1072050860239,672,92072,0.0072457517467437,"selected calibrated PD ascending, then frozen base_order ascending"
mlp_T_plus_AD,identity,40.75,0.4075,False,93317,135682,40.74995960681051,0.0145889874547719,2.9992057534400377e-05,0.0145889874547719,0.0073666497177416,687.4336517104966,682,92635,0.0073084218309632,"selected calibrated PD ascending, then frozen base_order ascending"
mlp_T_plus_AD,identity,41.0,0.41,False,93889,135110,40.999742356953526,0.0146972313523292,2.9992057534400377e-05,0.0146972313523292,0.0074109861281173,695.810076582813,689,93200,0.0073384528539019,"selected calibrated PD ascending, then frozen base_order ascending"
mlp_T_plus_AD,identity,41.25,0.4125,False,94462,134537,41.24996179022616,0.0148183954879641,2.9992057534400377e-05,0.0148183954879641,0.0074555349848206,704.2647457361309,698,93764,0.0073892147106773,"selected calibrated PD ascending, then frozen base_order ascending"
mlp_T_plus_AD,identity,41.5,0.415,False,95034,133965,41.49974454036917,0.0149330710992217,2.9992057534400377e-05,0.0149330710992217,0.0075001915914253,712.7732076995162,705,94329,0.0074183976261127,"selected calibrated PD ascending, then frozen base_order ascending"
mlp_T_plus_AD,identity,41.75,0.4175,False,95607,133392,41.749963973641805,0.0150396265089511,2.9992057534400377e-05,0.0150396265089511,0.0075450625732551,721.3607974412007,712,94895,0.0074471534511071,"selected calibrated PD ascending, then frozen base_order ascending"
mlp_T_plus_AD,identity,42.0,0.42,False,96179,132820,41.99974672378482,0.0151509214192628,2.9992057534400377e-05,0.0151509214192628,0.0075899621096383,729.9949657429097,720,95459,0.0074860416515039,"selected calibrated PD ascending, then frozen base_order ascending"
mlp_T_plus_AD,identity,42.25,0.4225,False,96752,132247,42.24996615705746,0.0152571238577365,2.9992057534400377e-05,0.0152571238577365,0.0076350542551156,738.7067692909477,729,96023,0.0075347279642798,"selected calibrated PD ascending, then frozen base_order ascending"
mlp_T_plus_AD,identity,42.5,0.425,False,97324,131675,42.49974890720047,0.0153801813721656,2.9992057534400377e-05,0.0153801813721656,0.0076802038185643,747.4681564379571,737,96587,0.0075726439521597,"selected calibrated PD ascending, then frozen base_order ascending"
mlp_T_plus_AD,identity,42.75,0.4275,False,97897,131102,42.7499683404731,0.0154952360317111,2.9992057534400377e-05,0.0154952360317111,0.0077256051861341,756.3135709069757,745,97152,0.0076100391227514,"selected calibrated PD ascending, then frozen base_order ascending"
mlp_T_plus_AD,identity,43.0,0.43,False,98469,130530,42.999751090616115,0.0156161012127995,2.9992057534400377e-05,0.0156161012127995,0.0077711039301553,765.2128328984691,750,97719,0.0076166103037504,"selected calibrated PD ascending, then frozen base_order ascending"
mlp_T_plus_AD,identity,43.25,0.4325,False,99042,129957,43.24997052388875,0.0157323908060789,2.9992057534400377e-05,0.0157323908060789,0.0078168405239039,774.1955191684974,759,98283,0.0076634155206881,"selected calibrated PD ascending, then frozen base_order ascending"
mlp_T_plus_AD,identity,43.5,0.435,False,99614,129385,43.49975327403176,0.0158548671752214,2.9992057534400377e-05,0.0158548671752214,0.0078626412392448,783.2291444061411,767,98847,0.0076997209227618,"selected calibrated PD ascending, then frozen base_order ascending"
mlp_T_plus_AD,identity,43.75,0.4375,False,100187,128812,43.7499727073044,0.0159774422645568,2.9992057534400377e-05,0.0159774422645568,0.007908695751266,792.3485012320889,776,99411,0.0077455158852944,"selected calibrated PD ascending, then frozen base_order ascending"
mlp_T_plus_AD,identity,44.0,0.44,False,100759,128240,43.999755457447414,0.0161007661372423,2.9992057534400377e-05,0.0161007661372423,0.0079548474210551,801.5224712980998,783,99976,0.0077710179735805,"selected calibrated PD ascending, then frozen base_order ascending"
mlp_T_plus_AD,identity,44.25,0.4425,False,101332,127667,44.24997489072005,0.0162178445607423,2.9992057534400377e-05,0.0162178445607423,0.0080012439635342,810.7820533128543,792,100540,0.0078158923143725,"selected calibrated PD ascending, then frozen base_order ascending"
mlp_T_plus_AD,identity,44.5,0.445,False,101904,127095,44.49975764086306,0.0163401905447244,2.9992057534400377e-05,0.0163401905447244,0.0080477205553697,820.0949154744012,800,101104,0.007850525985241,"selected calibrated PD ascending, then frozen base_order ascending"
mlp_T_plus_AD,identity,44.75,0.4475,False,102477,126522,44.74997707413569,0.0164656564593315,2.9992057534400377e-05,0.0164656564593315,0.0080944458348396,829.4945258168591,808,101669,0.0078846960781443,"selected calibrated PD ascending, then frozen base_order ascending"
mlp_T_plus_AD,identity,45.0,0.45,False,103049,125950,44.99975982427871,0.0165932644158601,2.9992057534400377e-05,0.0165932644158601,0.0081412706209027,838.9497962134046,817,102232,0.0079282671350522,"selected calibrated PD ascending, then frozen base_order ascending"
mlp_T_plus_AD,identity,45.25,0.4525,False,103622,125377,45.249979257551345,0.0167228449136018,2.9992057534400377e-05,0.0167228449136018,0.0081883649686782,848.4947547843767,822,102800,0.0079326783887591,"selected calibrated PD ascending, then frozen base_order ascending"
mlp_T_plus_AD,identity,45.5,0.455,False,104194,124805,45.49976200769436,0.0168521255254745,2.9992057534400377e-05,0.0168521255254745,0.0082355730878942,858.0973023200495,831,103363,0.0079755072269036,"selected calibrated PD ascending, then frozen base_order ascending"
mlp_T_plus_AD,identity,45.75,0.4575,False,104767,124232,45.74998144096699,0.0169809870421886,2.9992057534400377e-05,0.0169809870421886,0.0082830537909926,867.7906965209258,843,103924,0.0080464268328767,"selected calibrated PD ascending, then frozen base_order ascending"
mlp_T_plus_AD,identity,46.0,0.46,False,105339,123660,45.99976419111,0.0171044189482927,2.9992057534400377e-05,0.0171044189482927,0.0083306216974622,877.5393589889718,853,104486,0.0080976656319122,"selected calibrated PD ascending, then frozen base_order ascending"
mlp_T_plus_AD,identity,46.25,0.4625,False,105912,123087,46.24998362438264,0.0172366220504045,2.9992057534400377e-05,0.0172366220504045,0.0083784392362553,887.3772563902749,864,105048,0.0081577158395649,"selected calibrated PD ascending, then frozen base_order ascending"
mlp_T_plus_AD,identity,46.5,0.465,False,106484,122515,46.499766374525656,0.0173691678792238,2.9992057534400377e-05,0.0173691678792238,0.008426385528427,897.2752366090281,878,105606,0.0082453701964614,"selected calibrated PD ascending, then frozen base_order ascending"
mlp_T_plus_AD,identity,46.75,0.4675,False,107057,121942,46.74998580779829,0.0174873154610395,2.9992057534400377e-05,0.0174873154610395,0.0084745774536855,907.26283845921,893,106164,0.0083413508691631,"selected calibrated PD ascending, then frozen base_order ascending"
mlp_T_plus_AD,identity,47.0,0.47,False,107629,121370,46.9997685579413,0.0176220461726188,2.9992057534400377e-05,0.0176220461726188,0.0085228370848472,917.3044326050294,900,106729,0.0083620585529922,"selected calibrated PD ascending, then frozen base_order ascending"
mlp_T_plus_AD,identity,47.25,0.4725,False,108202,120797,47.249987991213935,0.0177548918873071,2.9992057534400377e-05,0.0177548918873071,0.0085713774342472,927.440181140424,910,107292,0.0084101957449954,"selected calibrated PD ascending, then frozen base_order ascending"
mlp_T_plus_AD,identity,47.5,0.475,False,108774,120225,47.49977074135695,0.0178881268948316,2.9992057534400377e-05,0.0178881268948316,0.0086200131485279,937.633310217978,928,107846,0.0085314505304576,"selected calibrated PD ascending, then frozen base_order ascending"
mlp_T_plus_AD,identity,47.75,0.4775,False,109347,119652,47.74999017462958,0.0180226471275091,2.9992057534400377e-05,0.0180226471275091,0.0086689179993842,947.9201764786704,940,108407,0.0085964864148079,"selected calibrated PD ascending, then frozen base_order ascending"
mlp_T_plus_AD,identity,48.0,0.48,False,109919,119080,47.9997729247726,0.0181613229215145,2.9992057534400377e-05,0.0181613229215145,0.0087179440764347,958.2676949376328,952,108967,0.0086609230433319,"selected calibrated PD ascending, then frozen base_order ascending"
mlp_T_plus_AD,identity,48.25,0.4825,False,110492,118507,48.24999235804523,0.01829195022583,2.9992057534400377e-05,0.01829195022583,0.0087672499940524,968.7109863428486,968,109524,0.0087608152626434,"selected calibrated PD ascending, then frozen base_order ascending"
mlp_T_plus_AD,identity,48.5,0.485,False,111064,117935,48.499775108188246,0.0184254124760627,2.9992057534400377e-05,0.0184254124760627,0.0088166521586251,979.2126553455456,977,110087,0.0087967298134409,"selected calibrated PD ascending, then frozen base_order ascending"
mlp_T_plus_AD,identity,48.75,0.4875,False,111637,117362,48.74999454146088,0.0185635238885879,2.9992057534400377e-05,0.0185635238885879,0.0088663221451802,989.8096053214832,990,110647,0.0088680276252496,"selected calibrated PD ascending, then frozen base_order ascending"
mlp_T_plus_AD,identity,49.0,0.49,False,112209,116790,48.99977729160389,0.0187040269374847,2.9992057534400377e-05,0.0187040269374847,0.0089161206168459,1000.4689782956702,1000,111209,0.0089119411098931,"selected calibrated PD ascending, then frozen base_order ascending"
mlp_T_plus_AD,identity,49.25,0.4925,False,112782,116217,49.249996724876524,0.0188329312950372,2.9992057534400377e-05,0.0188329312950372,0.0089661877143127,1011.2245827956212,1011,111771,0.0089641964143214,"selected calibrated PD ascending, then frozen base_order ascending"
mlp_T_plus_AD,identity,49.5,0.495,False,113354,115645,49.499779475019544,0.0189577937126159,2.9992057534400377e-05,0.0189577937126159,0.0090162842046745,1022.031879736678,1017,112337,0.0089718933606224,"selected calibrated PD ascending, then frozen base_order ascending"
mlp_T_plus_AD,identity,49.75,0.4975,False,113927,115072,49.74999890829218,0.0190951898694038,2.9992057534400377e-05,0.0190951898694038,0.0090666344011843,1032.934457423733,1034,112893,0.0090759872549966,"selected calibrated PD ascending, then frozen base_order ascending"
mlp_T_plus_AD,identity,50.0,0.5,True,114499,114500,49.99978165843519,0.0192405935376882,2.9992057534400377e-05,0.0192405935376882,0.0091170897269512,1043.8976566461934,1046,113453,0.0091354509646372,"selected calibrated PD ascending, then frozen base_order ascending"
mlp_T_plus_AD,identity,50.25,0.5025,False,115071,113928,50.2495644085782,0.019381208345294,2.9992057534400377e-05,0.019381208345294,0.0091677670525265,1054.9441225012852,1055,114016,0.0091682526440197,"selected calibrated PD ascending, then frozen base_order ascending"
mlp_T_plus_AD,identity,50.5,0.505,False,115644,113355,50.499783841850835,0.0195298362523317,2.9992057534400377e-05,0.0195298362523317,0.0092187536734367,1066.0935498109177,1067,114577,0.0092265919546193,"selected calibrated PD ascending, then frozen base_order ascending"
mlp_T_plus_AD,identity,50.75,0.5075,False,116216,112783,50.749566591993855,0.019682191312313,2.9992057534400377e-05,0.019682191312313,0.0092698912817119,1077.3096851954324,1076,115140,0.0092586218765058,"selected calibrated PD ascending, then frozen base_order ascending"
mlp_T_plus_AD,identity,51.0,0.51,False,116789,112210,50.99978602526649,0.0198305323719978,2.9992057534400377e-05,0.0198305323719978,0.009321334548063,1088.6293405337346,1086,115703,0.0092988209506032,"selected calibrated PD ascending, then frozen base_order ascending"
mlp_T_plus_AD,identity,51.25,0.5125,False,117361,111638,51.2495687754095,0.0199784561991691,2.9992057534400377e-05,0.0199784561991691,0.0093729152301276,1100.01470432301,1100,116261,0.009372789938736,"selected calibrated PD ascending, then frozen base_order ascending"
mlp_T_plus_AD,identity,51.5,0.515,False,117934,111065,51.49978820868213,0.0201398842036724,2.9992057534400377e-05,0.0201398842036724,0.0094248358269631,1111.5085884170694,1115,116819,0.0094544406193294,"selected calibrated PD ascending, then frozen base_order ascending"
mlp_T_plus_AD,identity,51.75,0.5175,False,118506,110493,51.749570958825146,0.0202926564961671,2.9992057534400377e-05,0.0202926564961671,0.0094769335121085,1123.0734827859417,1129,117377,0.0095269437834371,"selected calibrated PD ascending, then frozen base_order ascending"
mlp_T_plus_AD,identity,52.0,0.52,False,119079,109920,51.99979039209778,0.020427294075489,2.9992057534400377e-05,0.020427294075489,0.0095292843602327,1134.7376523321582,1135,117944,0.009531487499895,"selected calibrated PD ascending, then frozen base_order ascending"
mlp_T_plus_AD,identity,52.25,0.5225,False,119651,109348,52.2495731422408,0.0205751508474349,2.9992057534400377e-05,0.0205751508474349,0.0095817411918729,1146.4649153487844,1146,118505,0.0095778555966937,"selected calibrated PD ascending, then frozen base_order ascending"
mlp_T_plus_AD,identity,52.5,0.525,False,120224,108775,52.49979257551343,0.0207271520048379,2.9992057534400377e-05,0.0207271520048379,0.0096345103293274,1158.2993698330683,1160,119064,0.0096486558424274,"selected calibrated PD ascending, then frozen base_order ascending"
mlp_T_plus_AD,identity,52.75,0.5275,False,120796,108203,52.74957532565645,0.0208748485893011,2.9992057534400377e-05,0.0208748485893011,0.0096873959332085,1170.1986791478555,1169,119627,0.0096774727639988,"selected calibrated PD ascending, then frozen base_order ascending"
mlp_T_plus_AD,identity,53.0,0.53,False,121369,107630,52.99979475892908,0.0210286229848861,2.9992057534400377e-05,0.0210286229848861,0.0097405744511398,1182.2037805603904,1183,120186,0.0097471347708228,"selected calibrated PD ascending, then frozen base_order ascending"
mlp_T_plus_AD,identity,53.25,0.5325,False,121941,107058,53.24957750907209,0.0211835317313671,2.9992057534400377e-05,0.0211835317313671,0.0097938901290437,1194.276756225721,1205,120736,0.0098818280971945,"selected calibrated PD ascending, then frozen base_order ascending"
mlp_T_plus_AD,identity,53.5,0.535,False,122514,106485,53.49979694234472,0.0213344376534223,2.9992057534400377e-05,0.0213344376534223,0.009847515879688,1206.4585604840977,1220,121294,0.0099580456111138,"selected calibrated PD ascending, then frozen base_order ascending"
mlp_T_plus_AD,identity,53.75,0.5375,False,123086,105913,53.74957969248774,0.0214963387697935,2.9992057534400377e-05,0.0214963387697935,0.0099012747567202,1218.7083047056658,1232,121854,0.010009261816941,"selected calibrated PD ascending, then frozen base_order ascending"
mlp_T_plus_AD,identity,54.0,0.54,False,123659,105340,53.999799125760376,0.021658768877387,2.9992057534400377e-05,0.021658768877387,0.0099553816969759,1231.0725452663464,1244,122415,0.0100599228523601,"selected calibrated PD ascending, then frozen base_order ascending"
mlp_T_plus_AD,identity,54.25,0.5425,False,124231,104768,54.24958187590339,0.0218201745301485,2.9992057534400377e-05,0.0218201745301485,0.0100096387954541,1243.507437198059,1257,122974,0.0101182474583638,"selected calibrated PD ascending, then frozen base_order ascending"
mlp_T_plus_AD,identity,54.5,0.545,False,124804,104195,54.49980130917602,0.0219804812222719,2.9992057534400377e-05,0.0219804812222719,0.010064233011418,1256.0565367570234,1271,123533,0.0101839684625492,"selected calibrated PD ascending, then frozen base_order ascending"
mlp_T_plus_AD,identity,54.75,0.5475,False,125376,103623,54.749584059319034,0.0221402794122695,2.9992057534400377e-05,0.0221402794122695,0.0101189651208954,1268.6753709973857,1280,124096,0.0102092904543134,"selected calibrated PD ascending, then frozen base_order ascending"
mlp_T_plus_AD,identity,55.0,0.55,False,125949,103050,54.999803492591674,0.0223076399415731,2.9992057534400377e-05,0.0223076399415731,0.0101740461529452,1281.4109389172954,1296,124653,0.0102898792368339,"selected calibrated PD ascending, then frozen base_order ascending"
mlp_T_plus_AD,identity,55.25,0.5525,False,126521,102478,55.249586242734686,0.0224765427410602,2.9992057534400377e-05,0.0224765427410602,0.0102292867586129,1294.2195899864746,1307,125214,0.010330300898665,"selected calibrated PD ascending, then frozen base_order ascending"
mlp_T_plus_AD,identity,55.5,0.555,False,127094,101905,55.49980567600732,0.0226521808654069,2.9992057534400377e-05,0.0226521808654069,0.0102848993569338,1307.1489988701503,1318,125776,0.0103702771177238,"selected calibrated PD ascending, then frozen base_order ascending"
mlp_T_plus_AD,identity,55.75,0.5575,False,127666,101333,55.74958842615033,0.0228252671658992,2.9992057534400377e-05,0.0228252671658992,0.0103406974775463,1320.1554841684265,1326,126340,0.0103864772139802,"selected calibrated PD ascending, then frozen base_order ascending"
mlp_T_plus_AD,identity,56.0,0.56,False,128239,100760,55.999807859422965,0.0229967646300792,2.9992057534400377e-05,0.0229967646300792,0.0103968603080728,1333.2829690469516,1337,126902,0.0104258454916211,"selected calibrated PD ascending, then frozen base_order ascending"
mlp_T_plus_AD,identity,56.25,0.5625,False,128811,100188,56.24959060956598,0.0231694597750902,2.9992057534400377e-05,0.0231694597750902,0.0104531812321485,1346.4847276942892,1349,127462,0.0104727080761736,"selected calibrated PD ascending, then frozen base_order ascending"
mlp_T_plus_AD,identity,56.5,0.565,False,129384,99615,56.49981004283862,0.0233413483947515,2.9992057534400377e-05,0.0233413483947515,0.0105098823441576,1359.810617216499,1365,128019,0.0105499907252828,"selected calibrated PD ascending, then frozen base_order ascending"
mlp_T_plus_AD,identity,56.75,0.5675,False,129956,99043,56.74959279298163,0.0235214419662952,2.9992057534400377e-05,0.0235214419662952,0.0105667421311804,1373.2115403996868,1384,128572,0.0106497583797593,"selected calibrated PD ascending, then frozen base_order ascending"
mlp_T_plus_AD,identity,57.0,0.57,False,130529,98470,56.999812226254264,0.023694859817624,2.9992057534400377e-05,0.023694859817624,0.0106239867042651,1386.7383605210198,1398,129131,0.0107102636195787,"selected calibrated PD ascending, then frozen base_order ascending"
mlp_T_plus_AD,identity,57.25,0.5725,False,131101,97898,57.24959497639728,0.0238764360547065,2.9992057534400377e-05,0.0238764360547065,0.0106814099697382,1400.3435284426523,1416,129685,0.0108008329455915,"selected calibrated PD ascending, then frozen base_order ascending"
mlp_T_plus_AD,identity,57.5,0.575,False,131674,97325,57.49981440966991,0.0240493658930063,2.9992057534400377e-05,0.0240493658930063,0.010739208240196,1414.0745058195753,1432,130242,0.0108753436517459,"selected calibrated PD ascending, then frozen base_order ascending"
mlp_T_plus_AD,identity,57.75,0.5775,False,132246,96753,57.74959715981292,0.0242316480726003,2.9992057534400377e-05,0.0242316480726003,0.0107971953046381,1427.885890257181,1444,130802,0.010919044810429,"selected calibrated PD ascending, then frozen base_order ascending"
mlp_T_plus_AD,identity,58.0,0.58,False,132819,96180,57.99981659308556,0.0244120899587869,2.9992057534400377e-05,0.0244120899587869,0.0108555311525203,1441.8207921465946,1456,131363,0.010962287022188,"selected calibrated PD ascending, then frozen base_order ascending"
mlp_T_plus_AD,identity,58.25,0.5825,False,133391,95608,58.249599343228574,0.0245866924524307,2.9992057534400377e-05,0.0245866924524307,0.0109140319645543,1455.8336377838714,1468,131923,0.0110052402335989,"selected calibrated PD ascending, then frozen base_order ascending"
mlp_T_plus_AD,identity,58.5,0.585,False,133964,95035,58.49981877650121,0.0247784312814474,2.9992057534400377e-05,0.0247784312814474,0.0109729239022965,1469.976777647258,1483,132481,0.0110701382460959,"selected calibrated PD ascending, then frozen base_order ascending"
mlp_T_plus_AD,identity,58.75,0.5875,False,134536,94463,58.74960152664422,0.0249732416123151,2.9992057534400377e-05,0.0249732416123151,0.0110320576224984,1484.2089043004526,1494,133042,0.0111048343937682,"selected calibrated PD ascending, then frozen base_order ascending"
mlp_T_plus_AD,identity,59.0,0.59,False,135109,93890,58.99982095991685,0.0251726396381855,2.9992057534400377e-05,0.0251726396381855,0.0110916017392181,1498.5752193840308,1509,133600,0.0111687600381913,"selected calibrated PD ascending, then frozen base_order ascending"
mlp_T_plus_AD,identity,59.25,0.5925,False,135681,93318,59.24960371005987,0.0253642369061708,2.9992057534400377e-05,0.0253642369061708,0.0111513639389416,1513.028210599543,1523,134158,0.0112248583073532,"selected calibrated PD ascending, then frozen base_order ascending"
mlp_T_plus_AD,identity,59.5,0.595,False,136254,92745,59.499823143332506,0.0255491230636835,2.9992057534400377e-05,0.0255491230636835,0.0112115080144724,1527.6128130039287,1541,134713,0.0113097597134763,"selected calibrated PD ascending, then frozen base_order ascending"
mlp_T_plus_AD,identity,59.75,0.5975,False,136826,92173,59.74960589347552,0.0257395636290311,2.9992057534400377e-05,0.0257395636290311,0.0112718483544661,1542.281922948183,1559,135267,0.011394033297765,"selected calibrated PD ascending, then frozen base_order ascending"
mlp_T_plus_AD,identity,60.0,0.6,True,137399,91600,59.99982532674815,0.0259242486208677,2.9992057534400377e-05,0.0259242486208677,0.0113325780657336,1557.0848936537368,1572,135827,0.0114411313037212,"selected calibrated PD ascending, then frozen base_order ascending"
mlp_T_plus_AD,identity,60.25,0.6025,False,137971,91028,60.24960807689117,0.0261269994080066,2.9992057534400377e-05,0.0261269994080066,0.011393486499536,1571.9707258274866,1590,136381,0.0115241608743866,"selected calibrated PD ascending, then frozen base_order ascending"
mlp_T_plus_AD,identity,60.5,0.605,False,138544,90455,60.4998275101638,0.0263292845338583,2.9992057534400377e-05,0.0263292845338583,0.011454830756151,1586.9980722801847,1600,136944,0.011548677676406,"selected calibrated PD ascending, then frozen base_order ascending"
mlp_T_plus_AD,identity,60.75,0.6075,False,139116,89883,60.74961026030682,0.0265475939959287,2.9992057534400377e-05,0.0265475939959287,0.0115164375858574,1602.1207311941398,1618,137498,0.0116305816728485,"selected calibrated PD ascending, then frozen base_order ascending"
mlp_T_plus_AD,identity,61.0,0.61,False,139689,89310,60.99982969357945,0.0267421994358301,2.9992057534400377e-05,0.0267421994358301,0.0115784896321861,1617.3876382304445,1638,138051,0.0117260485793441,"selected calibrated PD ascending, then frozen base_order ascending"
mlp_T_plus_AD,identity,61.25,0.6125,False,140261,88738,61.24961244372246,0.0269313231110572,2.9992057534400377e-05,0.0269313231110572,0.0116407067310373,1632.737166802035,1648,138613,0.0117495241014964,"selected calibrated PD ascending, then frozen base_order ascending"
mlp_T_plus_AD,identity,61.5,0.615,False,140834,88165,61.499831876995096,0.0271302070468664,2.9992057534400377e-05,0.0271302070468664,0.0117033179288254,1648.22507718821,1663,139171,0.0118082281267307,"selected calibrated PD ascending, then frozen base_order ascending"
mlp_T_plus_AD,identity,61.75,0.6175,False,141406,87593,61.74961462713811,0.0273401606827974,2.9992057534400377e-05,0.0273401606827974,0.0117661429786455,1663.8032140383584,1681,139725,0.0118877558236567,"selected calibrated PD ascending, then frozen base_order ascending"
mlp_T_plus_AD,identity,62.0,0.62,False,141979,87020,61.99983406041074,0.0275403205305337,2.9992057534400377e-05,0.0275403205305337,0.0118293912854117,1679.525145311476,1696,140283,0.0119454285492925,"selected calibrated PD ascending, then frozen base_order ascending"
mlp_T_plus_AD,identity,62.25,0.6225,False,142551,86448,62.24961681055376,0.0277358815073966,2.9992057534400377e-05,0.0277358815073966,0.0118928302108408,1695.3348393855704,1714,140837,0.0120237669325364,"selected calibrated PD ascending, then frozen base_order ascending"
mlp_T_plus_AD,identity,62.5,0.625,False,143124,85875,62.499836243826394,0.0279457382857799,2.9992057534400377e-05,0.0279457382857799,0.0119566757877547,1711.2872654466046,1735,141389,0.012122355440038,"selected calibrated PD ascending, then frozen base_order ascending"
mlp_T_plus_AD,identity,62.75,0.6275,False,143696,85303,62.749618993969406,0.0281723625957965,2.9992057534400377e-05,0.0281723625957965,0.0120207688847913,1727.3364056689752,1750,141946,0.0121784879189399,"selected calibrated PD ascending, then frozen base_order ascending"
mlp_T_plus_AD,identity,63.0,0.63,False,144269,84730,62.99983842724204,0.0283913426101207,2.9992057534400377e-05,0.0283913426101207,0.0120853770098423,1743.5452558329416,1766,142503,0.0122410219797738,"selected calibrated PD ascending, then frozen base_order ascending"
mlp_T_plus_AD,identity,63.25,0.6325,False,144841,84158,63.24962117738505,0.0286051556468009,2.9992057534400377e-05,0.0286051556468009,0.0121501868318134,1759.8452109066857,1786,143055,0.0123307626984072,"selected calibrated PD ascending, then frozen base_order ascending"
mlp_T_plus_AD,identity,63.5,0.635,False,145414,83585,63.499840610657685,0.0288144554942846,2.9992057534400377e-05,0.0288144554942846,0.0122154417212619,1776.296242455588,1804,143610,0.0124059581608373,"selected calibrated PD ascending, then frozen base_order ascending"
mlp_T_plus_AD,identity,63.75,0.6375,False,145986,83013,63.749623360800705,0.0290413964539766,2.9992057534400377e-05,0.0290413964539766,0.0122809212786107,1792.842573779271,1816,144170,0.0124395489978491,"selected calibrated PD ascending, then frozen base_order ascending"
mlp_T_plus_AD,identity,64.0,0.64,False,146559,82440,63.99984279407334,0.0292686708271503,2.9992057534400377e-05,0.0292686708271503,0.0123468774064768,1809.546005815835,1836,144723,0.0125273780525249,"selected calibrated PD ascending, then frozen base_order ascending"
mlp_T_plus_AD,identity,64.25,0.6425,False,147131,81868,64.24962554421636,0.0294917710125446,2.9992057534400377e-05,0.0294917710125446,0.0124131131497174,1826.3537508310835,1852,145279,0.0125874220932366,"selected calibrated PD ascending, then frozen base_order ascending"
mlp_T_plus_AD,identity,64.5,0.645,False,147704,81295,64.49984497748899,0.0296976957470178,2.9992057534400377e-05,0.0296976957470178,0.0124797679047902,1843.3116386091424,1870,145834,0.0126604560472295,"selected calibrated PD ascending, then frozen base_order ascending"
mlp_T_plus_AD,identity,64.75,0.6475,False,148276,80723,64.749627727632,0.0299115031957626,2.9992057534400377e-05,0.0299115031957626,0.0125466061526746,1860.3605738939805,1890,146386,0.0127464997706978,"selected calibrated PD ascending, then frozen base_order ascending"
mlp_T_plus_AD,identity,65.0,0.65,False,148849,80150,64.99984716090464,0.0301373414695262,2.9992057534400377e-05,0.0301373414695262,0.0126139155901654,1877.568721680538,1905,146944,0.0127982048922061,"selected calibrated PD ascending, then frozen base_order ascending"
mlp_T_plus_AD,identity,65.25,0.6525,False,149421,79578,65.24962991104765,0.030359461903572,2.9992057534400377e-05,0.030359461903572,0.0126814199968539,1894.8704573499128,1920,147501,0.012849599453892,"selected calibrated PD ascending, then frozen base_order ascending"
mlp_T_plus_AD,identity,65.5,0.655,False,149994,79005,65.49984934432028,0.030589785426855,2.9992057534400377e-05,0.030589785426855,0.0127493912764419,1912.3321951186372,1940,148054,0.0129338506873608,"selected calibrated PD ascending, then frozen base_order ascending"
mlp_T_plus_AD,identity,65.75,0.6575,False,150566,78433,65.7496320944633,0.0308114569634199,2.9992057534400377e-05,0.0308114569634199,0.0128175865269058,1929.8927330100996,1956,148610,0.0129909806994939,"selected calibrated PD ascending, then frozen base_order ascending"
mlp_T_plus_AD,identity,66.0,0.66,False,151139,77860,65.99985152773593,0.0310485735535621,2.9992057534400377e-05,0.0310485735535621,0.0128862682834209,1947.617702087955,1977,149162,0.0130806740814746,"selected calibrated PD ascending, then frozen base_order ascending"
mlp_T_plus_AD,identity,66.25,0.6625,False,151711,77288,66.24963427787894,0.0312983095645904,2.9992057534400377e-05,0.0312983095645904,0.012955217648001,1965.4490245958875,1994,149717,0.0131434108271648,"selected calibrated PD ascending, then frozen base_order ascending"
mlp_T_plus_AD,identity,66.5,0.665,False,152284,76715,66.49985371115157,0.0315303951501846,2.9992057534400377e-05,0.0315303951501846,0.0130246771805679,1983.4499397656036,2016,150268,0.0132384229465997,"selected calibrated PD ascending, then frozen base_order ascending"
mlp_T_plus_AD,identity,66.75,0.6675,False,152856,76143,66.74963646129459,0.0317816510796546,2.9992057534400377e-05,0.0317816510796546,0.0130944061057974,2001.5585397077812,2038,150818,0.0133328099649343,"selected calibrated PD ascending, then frozen base_order ascending"
mlp_T_plus_AD,identity,67.0,0.67,False,153429,75570,66.99985589456722,0.0320140309631824,2.9992057534400377e-05,0.0320140309631824,0.0131646192091525,2019.8343606410635,2058,151371,0.013413370353714,"selected calibrated PD ascending, then frozen base_order ascending"
mlp_T_plus_AD,identity,67.25,0.6725,False,154001,74998,67.24963864471025,0.0322457253932952,2.9992057534400377e-05,0.0322457253932952,0.0132350727562916,2038.214439541669,2075,151926,0.0134739384809189,"selected calibrated PD ascending, then frozen base_order ascending"
mlp_T_plus_AD,identity,67.5,0.675,False,154574,74425,67.49985807798288,0.0324939005076885,2.9992057534400377e-05,0.0324939005076885,0.0133060189445932,2056.7645723415626,2092,152482,0.0135339707842198,"selected calibrated PD ascending, then frozen base_order ascending"
mlp_T_plus_AD,identity,67.75,0.6775,False,155146,73853,67.74964082812589,0.0327429063618183,2.9992057534400377e-05,0.0327429063618183,0.0133772066273574,2075.420099408002,2115,153031,0.0136323205238936,"selected calibrated PD ascending, then frozen base_order ascending"
mlp_T_plus_AD,identity,68.0,0.68,False,155719,73280,67.99986026139852,0.0329898111522197,2.9992057534400377e-05,0.0329898111522197,0.0134489290986461,2094.253790312083,2132,153587,0.0136913286111521,"selected calibrated PD ascending, then frozen base_order ascending"
mlp_T_plus_AD,identity,68.25,0.6825,False,156291,72708,68.24964301154154,0.0332434549927711,2.9992057534400377e-05,0.0332434549927711,0.0135209207510836,2113.1982251076115,2149,154142,0.0137499920020986,"selected calibrated PD ascending, then frozen base_order ascending"
mlp_T_plus_AD,identity,68.5,0.685,False,156864,72135,68.49986244481417,0.0334863625466823,2.9992057534400377e-05,0.0334863625466823,0.0135934130943063,2132.317151625277,2168,154696,0.0138208894328845,"selected calibrated PD ascending, then frozen base_order ascending"
mlp_T_plus_AD,identity,68.75,0.6875,False,157436,71563,68.74964519495718,0.0337460190057754,2.9992057534400377e-05,0.0337460190057754,0.0136661489071265,2151.543819342376,2186,155250,0.0138850072410376,"selected calibrated PD ascending, then frozen base_order ascending"
mlp_T_plus_AD,identity,69.0,0.69,False,158009,70990,68.99986462822982,0.0340039134025573,2.9992057534400377e-05,0.0340039134025573,0.0137394336950507,2170.95417872128,2210,155799,0.0139865450702175,"selected calibrated PD ascending, then frozen base_order ascending"
mlp_T_plus_AD,identity,69.25,0.6925,False,158581,70418,69.24964737837283,0.0342637188732624,2.9992057534400377e-05,0.0342637188732624,0.0138130049734123,2190.4801416887058,2234,156347,0.0140874379654561,"selected calibrated PD ascending, then frozen base_order ascending"
mlp_T_plus_AD,identity,69.5,0.695,False,159154,69845,69.49986681164546,0.034519113600254,2.9992057534400377e-05,0.034519113600254,0.0138870764709209,2210.183768652947,2254,156900,0.0141623836033024,"selected calibrated PD ascending, then frozen base_order ascending"
mlp_T_plus_AD,identity,69.75,0.6975,False,159726,69273,69.74964956178847,0.0347752720117569,2.9992057534400377e-05,0.0347752720117569,0.0139614201765652,2230.0017991220666,2264,157462,0.0141742734432716,"selected calibrated PD ascending, then frozen base_order ascending"
mlp_T_plus_AD,identity,70.0,0.7,True,160299,68700,69.99986899506112,0.03505290299654,2.9992057534400377e-05,0.03505290299654,0.0140363270727105,2250.0091934284283,2288,158011,0.0142733267206907,"selected calibrated PD ascending, then frozen base_order ascending"
mlp_T_plus_AD,identity,70.25,0.7025,False,160871,68128,70.24965174520413,0.0353151187300682,2.9992057534400377e-05,0.0353151187300682,0.0141115174737812,2270.1339275246573,2309,158562,0.0143531152289722,"selected calibrated PD ascending, then frozen base_order ascending"
mlp_T_plus_AD,identity,70.5,0.705,False,161444,67555,70.49987117847677,0.0355765707790851,2.9992057534400377e-05,0.0355765707790851,0.0141872526444287,2290.446815927149,2337,159107,0.0144756076410396,"selected calibrated PD ascending, then frozen base_order ascending"
mlp_T_plus_AD,identity,70.75,0.7075,False,162016,66983,70.74965392861978,0.0358654148876667,2.9992057534400377e-05,0.0358654148876667,0.0142632614488608,2310.8765668986453,2361,159655,0.014572634801501,"selected calibrated PD ascending, then frozen base_order ascending"
mlp_T_plus_AD,identity,71.0,0.71,False,162589,66410,70.99987336189241,0.0361446775496006,2.9992057534400377e-05,0.0361446775496006,0.0143398941523491,2331.5090503363026,2377,160212,0.0146196852185572,"selected calibrated PD ascending, then frozen base_order ascending"
mlp_T_plus_AD,identity,71.25,0.7125,False,163161,65838,71.24965611203542,0.036427229642868,2.9992057534400377e-05,0.036427229642868,0.0144168380471098,2352.265712604494,2396,160765,0.0146848818038624,"selected calibrated PD ascending, then frozen base_order ascending"
mlp_T_plus_AD,identity,71.5,0.715,False,163734,65265,71.49987554530806,0.0366980172693729,2.9992057534400377e-05,0.0366980172693729,0.0144943368270379,2373.2157460382296,2410,161324,0.0147189954438296,"selected calibrated PD ascending, then frozen base_order ascending"
mlp_T_plus_AD,identity,71.75,0.7175,False,164306,64693,71.74965829545107,0.0369810089468956,2.9992057534400377e-05,0.0369810089468956,0.0145721246231305,2394.2875083280815,2433,161873,0.0148077367838058,"selected calibrated PD ascending, then frozen base_order ascending"
mlp_T_plus_AD,identity,72.0,0.72,False,164879,64120,71.9998777287237,0.0372712165117263,2.9992057534400377e-05,0.0372712165117263,0.0146505071179155,2415.560963094802,2448,162431,0.0148472516208856,"selected calibrated PD ascending, then frozen base_order ascending"
mlp_T_plus_AD,identity,72.25,0.7225,False,165451,63548,72.24966047886672,0.0375675037503242,2.9992057534400377e-05,0.0375675037503242,0.0147292139926032,2436.9631842902018,2470,162981,0.0149288913333857,"selected calibrated PD ascending, then frozen base_order ascending"
mlp_T_plus_AD,identity,72.5,0.725,False,166024,62975,72.49987991213935,0.0378609932959079,2.9992057534400377e-05,0.0378609932959079,0.0148085576327282,2458.5759724160744,2483,163541,0.0149556690598949,"selected calibrated PD ascending, then frozen base_order ascending"
mlp_T_plus_AD,identity,72.75,0.7275,False,166596,62403,72.74966266228236,0.0381570570170879,2.9992057534400377e-05,0.0381570570170879,0.0148882214327486,2480.3181378102017,2500,164096,0.0150063626977838,"selected calibrated PD ascending, then frozen base_order ascending"
mlp_T_plus_AD,identity,73.0,0.73,False,167169,61830,72.99988209555501,0.0384739004075527,2.9992057534400377e-05,0.0384739004075527,0.0149685105454765,2502.2709393767727,2526,164643,0.0151104570823537,"selected calibrated PD ascending, then frozen base_order ascending"
mlp_T_plus_AD,identity,73.25,0.7325,False,167741,61258,73.24966484569802,0.0387712605297565,2.9992057534400377e-05,0.0387712605297565,0.0150491632575153,2524.361693978877,2551,165190,0.0152079694290602,"selected calibrated PD ascending, then frozen base_order ascending"
mlp_T_plus_AD,identity,73.5,0.735,False,168314,60685,73.49988427897065,0.0390914194285869,2.9992057534400377e-05,0.0390914194285869,0.0151304639273905,2546.668905474813,2568,165746,0.0152571978563874,"selected calibrated PD ascending, then frozen base_order ascending"
mlp_T_plus_AD,identity,73.75,0.7375,False,168886,60113,73.74966702911367,0.0394011959433555,2.9992057534400377e-05,0.0394011959433555,0.0152121243078115,2569.1148258490575,2589,166297,0.0153298674845753,"selected calibrated PD ascending, then frozen base_order ascending"
mlp_T_plus_AD,identity,74.0,0.74,False,169459,59540,73.9998864623863,0.0397179946303367,2.9992057534400377e-05,0.0397179946303367,0.0152944629539119,2591.784397706957,2609,166850,0.0153960545028591,"selected calibrated PD ascending, then frozen base_order ascending"
mlp_T_plus_AD,identity,74.25,0.7425,False,170031,58968,74.24966921252931,0.0400683358311653,2.9992057534400377e-05,0.0400683358311653,0.0153772257286734,2614.6050678720785,2633,167398,0.0154854114837882,"selected calibrated PD ascending, then frozen base_order ascending"
mlp_T_plus_AD,identity,74.5,0.745,False,170604,58395,74.49988864580195,0.0403864756226539,2.9992057534400377e-05,0.0403864756226539,0.0154606972943305,2637.6568012019707,2654,167950,0.0155564933999202,"selected calibrated PD ascending, then frozen base_order ascending"
mlp_T_plus_AD,identity,74.75,0.7475,False,171176,57823,74.74967139594496,0.0407166853547096,2.9992057534400377e-05,0.0407166853547096,0.0155445435764744,2660.8527912465943,2673,168503,0.0156155068467542,"selected calibrated PD ascending, then frozen base_order ascending"
mlp_T_plus_AD,identity,75.0,0.75,False,171749,57250,74.99989082921759,0.0410504303872585,2.9992057534400377e-05,0.0410504303872585,0.0156290782052549,2684.2785526743246,2692,169057,0.0156740359478075,"selected calibrated PD ascending, then frozen base_order ascending"
mlp_T_plus_AD,identity,75.25,0.7525,False,172321,56678,75.2496735793606,0.0413765646517276,2.9992057534400377e-05,0.0413765646517276,0.0157140066418211,2707.8533385252667,2716,169605,0.0157612827223611,"selected calibrated PD ascending, then frozen base_order ascending"
mlp_T_plus_AD,identity,75.5,0.755,False,172894,56105,75.49989301263324,0.041729811578989,2.9992057534400377e-05,0.041729811578989,0.015799665733754,2731.6674073716713,2735,170159,0.0158189410852892,"selected calibrated PD ascending, then frozen base_order ascending"
mlp_T_plus_AD,identity,75.75,0.7575,False,173466,55533,75.74967576277626,0.0420764349400997,2.9992057534400377e-05,0.0420764349400997,0.0158857318990315,2755.6343695974065,2762,170704,0.0159224286027233,"selected calibrated PD ascending, then frozen base_order ascending"
mlp_T_plus_AD,identity,76.0,0.76,False,174039,54960,75.9998951960489,0.0424442365765571,2.9992057534400377e-05,0.0424442365765571,0.0159725522828702,2779.8470267584635,2792,171247,0.0160423813053396,"selected calibrated PD ascending, then frozen base_order ascending"
mlp_T_plus_AD,identity,76.25,0.7625,False,174611,54388,76.24967794619191,0.0428011529147625,2.9992057534400377e-05,0.0428011529147625,0.0160598234068013,2804.221824884982,2828,171783,0.0161960013973919,"selected calibrated PD ascending, then frozen base_order ascending"
mlp_T_plus_AD,identity,76.5,0.765,False,175184,53815,76.49989737946454,0.0431517958641052,2.9992057534400377e-05,0.0431517958641052,0.0161478575842841,2828.8462830452336,2854,172330,0.0162914421408347,"selected calibrated PD ascending, then frozen base_order ascending"
mlp_T_plus_AD,identity,76.75,0.7675,False,175756,53243,76.74968012960755,0.0434905849397182,2.9992057534400377e-05,0.0434905849397182,0.0162363233054822,2853.631238878341,2882,172874,0.0163977332210564,"selected calibrated PD ascending, then frozen base_order ascending"
mlp_T_plus_AD,identity,77.0,0.77,False,176329,52670,76.99989956288019,0.0438354536890983,2.9992057534400377e-05,0.0438354536890983,0.0163254559103102,2878.651315209092,2907,173422,0.0164862274498239,"selected calibrated PD ascending, then frozen base_order ascending"
mlp_T_plus_AD,identity,77.25,0.7725,False,176901,52098,77.2496823130232,0.0441885404288768,2.9992057534400377e-05,0.0441885404288768,0.0164149523961486,2903.8214938310994,2920,173981,0.0165064075386798,"selected calibrated PD ascending, then frozen base_order ascending"
mlp_T_plus_AD,identity,77.5,0.775,False,177474,51525,77.49990174629583,0.0445518530905246,2.9992057534400377e-05,0.0445518530905246,0.0165052148357829,2929.246497765751,2942,174532,0.0165770760787495,"selected calibrated PD ascending, then frozen base_order ascending"
mlp_T_plus_AD,identity,77.75,0.7775,False,178046,50953,77.74968449643885,0.0449297204613685,2.9992057534400377e-05,0.0449297204613685,0.0165959256297124,2954.838174667777,2968,175078,0.0166698493647709,"selected calibrated PD ascending, then frozen base_order ascending"
mlp_T_plus_AD,identity,78.0,0.78,False,178619,50380,77.99990392971148,0.0453027263283729,2.9992057534400377e-05,0.0453027263283729,0.0166873811518579,2980.6833339637233,2994,175625,0.016761934620617,"selected calibrated PD ascending, then frozen base_order ascending"
mlp_T_plus_AD,identity,78.25,0.7825,False,179191,49808,78.24968667985449,0.0456718988716602,2.9992057534400377e-05,0.0456718988716602,0.0167793093454207,3006.701220915289,3012,176179,0.0168088799102633,"selected calibrated PD ascending, then frozen base_order ascending"
mlp_T_plus_AD,identity,78.5,0.785,False,179764,49235,78.49990611312712,0.0460621304810047,2.9992057534400377e-05,0.0460621304810047,0.0168720016462451,3032.9785039356066,3043,176721,0.0169277497162946,"selected calibrated PD ascending, then frozen base_order ascending"
mlp_T_plus_AD,identity,78.75,0.7875,False,180336,48663,78.74968886327015,0.0464860796928405,2.9992057534400377e-05,0.0464860796928405,0.0169652774483003,3059.450273916693,3063,177273,0.0169849614053766,"selected calibrated PD ascending, then frozen base_order ascending"
mlp_T_plus_AD,identity,79.0,0.79,False,180909,48090,78.99990829654278,0.0469149611890316,2.9992057534400377e-05,0.0469149611890316,0.0170594971837252,3086.2165760105563,3088,177821,0.0170693553112338,"selected calibrated PD ascending, then frozen base_order ascending"
mlp_T_plus_AD,identity,79.25,0.7925,False,181481,47518,79.2496910466858,0.0473216548562049,2.9992057534400377e-05,0.0473216548562049,0.017154238244692,3113.168310884954,3118,178363,0.0171808619084091,"selected calibrated PD ascending, then frozen base_order ascending"
mlp_T_plus_AD,identity,79.5,0.795,False,182054,46945,79.49991047995843,0.0477279722690582,2.9992057534400377e-05,0.0477279722690582,0.0172498310782771,3140.400747124673,3141,178913,0.0172531226998582,"selected calibrated PD ascending, then frozen base_order ascending"
mlp_T_plus_AD,identity,79.75,0.7975,False,182626,46373,79.74969323010144,0.0481566749513149,2.9992057534400377e-05,0.0481566749513149,0.0173459726666088,3167.8256042121066,3166,179460,0.0173359762574879,"selected calibrated PD ascending, then frozen base_order ascending"
mlp_T_plus_AD,identity,80.0,0.8,True,183199,45800,79.99991266337408,0.0485409423708915,2.9992057534400377e-05,0.0485409423708915,0.0174429211264817,3195.5257074503315,3193,180006,0.0174291344385067,"selected calibrated PD ascending, then frozen base_order ascending"
