common_risk_budget_percent,common_risk_budget_probability,is_external_display_point,model_id,selected_calibration_method,maximum_feasible_approval_rate_percent,approved_count,rejected_count,boundary_calibrated_pd_cutoff,approved_portfolio_mean_calibrated_pd,cumulative_expected_defaults,realised_approved_defaults,realised_approved_non_defaults,realised_approved_default_rate,budget_slack,feasibility_flag,status,stable_tie_break_rule
0.75,0.0075,True,logit_T,identity,4.164647007192171,9537,219462,0.0090182689517551,0.007499938761985,71.52691597305164,59,9478,0.0061864317919681,6.12380149263292e-08,True,FEASIBLE,"selected calibrated PD ascending, then frozen base_order ascending"
0.76,0.0076,False,logit_T,identity,4.445434259538251,10180,218819,0.0091509942660175,0.0075999927495076,77.36792618998767,60,10120,0.005893909626719,7.250492370554362e-09,True,FEASIBLE,"selected calibrated PD ascending, then frozen base_order ascending"
0.77,0.0077,False,logit_T,identity,4.7375752732544685,10849,218150,0.0092846155776548,0.0076999620374852,83.53688814467726,62,10787,0.0057148124251083,3.7962514769750155e-08,True,FEASIBLE,"selected calibrated PD ascending, then frozen base_order ascending"
0.78,0.0078,False,logit_T,identity,5.042816780859305,11548,217451,0.0094191272572913,0.0077999031395132,90.07328145509857,68,11480,0.0058884655351576,9.686048678923809e-08,True,FEASIBLE,"selected calibrated PD ascending, then frozen base_order ascending"
0.79,0.0079,False,logit_T,identity,5.361158782352762,12277,216722,0.009548527512651,0.0078998867623816,96.98690978175962,74,12203,0.0060275311558198,1.132376183429068e-07,True,FEASIBLE,"selected calibrated PD ascending, then frozen base_order ascending"
0.8,0.008,False,logit_T,identity,5.692164594605217,13035,215964,0.0096920406010596,0.0079998884450288,104.2785458809507,77,12958,0.0059071729957805,1.1155497117720793e-07,True,FEASIBLE,"selected calibrated PD ascending, then frozen base_order ascending"
0.81,0.0081,False,logit_T,identity,6.03539753448705,13821,215178,0.009825285427558,0.0080999542136472,111.94946718681906,79,13742,0.0057159395123363,4.5786352719651147e-08,True,FEASIBLE,"selected calibrated PD ascending, then frozen base_order ascending"
0.82,0.0082,False,logit_T,identity,6.3912942851278824,14636,214363,0.0099608846112543,0.0081998953800897,120.01366878299396,87,14549,0.0059442470620388,1.0461991022461815e-07,True,FEASIBLE,"selected calibrated PD ascending, then frozen base_order ascending"
0.83,0.0083,False,logit_T,identity,6.761164895916576,15483,213516,0.0100987569301855,0.0082999980571825,128.50886991935712,95,15388,0.0061357618032681,1.942817469402502e-09,True,FEASIBLE,"selected calibrated PD ascending, then frozen base_order ascending"
0.84,0.0084,False,logit_T,identity,7.142389268075407,16356,212643,0.010248373433336,0.0083998894410364,137.38859169759223,98,16258,0.0059916850085595,1.1055896354666973e-07,True,FEASIBLE,"selected calibrated PD ascending, then frozen base_order ascending"
0.85,0.0085,False,logit_T,identity,7.534094035345133,17253,211746,0.0104002229024276,0.0084999124880607,146.64899015651156,106,17147,0.0061438590390077,8.751193928367706e-08,True,FEASIBLE,"selected calibrated PD ascending, then frozen base_order ascending"
0.86,0.0086,False,logit_T,identity,7.936279197725754,18174,210825,0.0105436541383109,0.0085999512356049,156.29551375588414,112,18062,0.0061626499394739,4.8764395061892674e-08,True,FEASIBLE,"selected calibrated PD ascending, then frozen base_order ascending"
0.87,0.0087,False,logit_T,identity,8.351128170865374,19124,209875,0.0106818908176964,0.0086999081204906,166.3770428962637,124,19000,0.0064839991633549,9.187950932194877e-08,True,FEASIBLE,"selected calibrated PD ascending, then frozen base_order ascending"
0.88,0.0088,False,logit_T,identity,8.778640954763995,20103,208896,0.0108305644747178,0.0087999740189081,176.90587770211042,132,19971,0.0065661841516191,2.5981091856044913e-08,True,FEASIBLE,"selected calibrated PD ascending, then frozen base_order ascending"
0.89,0.0089,False,logit_T,identity,9.215324084384648,21103,207896,0.0109854207741391,0.0088999577519874,187.8158084401916,140,20963,0.0066341278491209,4.2248012529361174e-08,True,FEASIBLE,"selected calibrated PD ascending, then frozen base_order ascending"
0.9,0.009,False,logit_T,identity,9.661177559727337,22124,206875,0.0111451388373261,0.0089999534132587,199.1149693149371,148,21976,0.0066895678900741,4.6586741226858914e-08,True,FEASIBLE,"selected calibrated PD ascending, then frozen base_order ascending"
0.91,0.0091,False,logit_T,identity,10.116201380792056,23166,205833,0.0113013481172687,0.0090999745863011,210.81001126625168,153,23013,0.0066045066045066,2.5413698883161584e-08,True,FEASIBLE,"selected calibrated PD ascending, then frozen base_order ascending"
0.92,0.0092,False,logit_T,identity,10.579085498189947,24226,204773,0.0114666209790129,0.00919997194786,222.87852040885772,158,24068,0.0065219185998513,2.8052139944279023e-08,True,FEASIBLE,"selected calibrated PD ascending, then frozen base_order ascending"
0.93,0.0093,False,logit_T,identity,11.049829911921012,25304,203695,0.0116324869802347,0.0092999759745507,235.32659206003248,169,25135,0.0066787859626936,2.4025449237713437e-08,True,FEASIBLE,"selected calibrated PD ascending, then frozen base_order ascending"
0.94,0.0094,False,logit_T,identity,11.526251206337143,26395,202604,0.0118053300083321,0.009399942663953,248.11148661504097,179,26216,0.0067815874218602,5.733604694323213e-08,True,FEASIBLE,"selected calibrated PD ascending, then frozen base_order ascending"
0.95,0.0095,False,logit_T,identity,12.008786064567968,27500,201499,0.0119758583820227,0.0094999809806652,261.24947696829423,191,27309,0.0069454545454545,1.9019334754691308e-08,True,FEASIBLE,"selected calibrated PD ascending, then frozen base_order ascending"
0.96,0.0096,False,logit_T,identity,12.496997803483858,28618,200381,0.0121432193134707,0.0095999677077161,274.7318758594195,202,28416,0.0070584946537144,3.229228389377281e-08,True,FEASIBLE,"selected calibrated PD ascending, then frozen base_order ascending"
0.97,0.0097,False,logit_T,identity,12.990886423084817,29749,199250,0.0123199898690265,0.0096999347809336,288.5633597979946,217,29532,0.0072943628357255,6.521906636795806e-08,True,FEASIBLE,"selected calibrated PD ascending, then frozen base_order ascending"
0.98,0.0098,False,logit_T,identity,13.48870519085236,30889,198110,0.012500295182242,0.0097999510650679,302.710688448885,226,30663,0.007316520444171,4.8934932014507715e-08,True,FEASIBLE,"selected calibrated PD ascending, then frozen base_order ascending"
0.99,0.0099,False,logit_T,identity,13.990890789916111,32039,196960,0.0126768728765685,0.0098999822270079,317.1855305711088,238,31801,0.0074284465807297,1.777299201560778e-08,True,FEASIBLE,"selected calibrated PD ascending, then frozen base_order ascending"
1.0,0.01,True,logit_T,identity,14.49656985401683,33197,195802,0.0128459162236148,0.0099999194482419,331.9673259232893,254,32943,0.0076512937916076,8.055175801206793e-08,True,FEASIBLE,"selected calibrated PD ascending, then frozen base_order ascending"
1.01,0.0101,False,logit_T,identity,15.009235848191476,34371,194628,0.0130179573532621,0.0100999907944966,347.1467835976457,268,34103,0.0077972709551656,9.205503311016106e-09,True,FEASIBLE,"selected calibrated PD ascending, then frozen base_order ascending"
1.02,0.0102,False,logit_T,identity,15.52583199053271,35554,193445,0.0131917051487995,0.0101999701096835,362.6497372796886,275,35279,0.0077347133937109,2.9890316459793564e-08,True,FEASIBLE,"selected calibrated PD ascending, then frozen base_order ascending"
1.03,0.0103,False,logit_T,identity,16.04635828104053,36746,192253,0.0133694016038919,0.0102999166247449,378.48073629287865,285,36461,0.0077559462254395,8.3375255029855e-08,True,FEASIBLE,"selected calibrated PD ascending, then frozen base_order ascending"
1.04,0.0104,False,logit_T,identity,16.571688085974174,37949,191050,0.0135434147652273,0.0103999800821944,394.668844139199,298,37651,0.0078526443384542,1.991780550214539e-08,True,FEASIBLE,"selected calibrated PD ascending, then frozen base_order ascending"
1.05,0.0105,False,logit_T,identity,17.100074672815165,39159,189840,0.013727076727896,0.0104999620272901,411.1680130266533,305,38854,0.0077887586506294,3.797270989487622e-08,True,FEASIBLE,"selected calibrated PD ascending, then frozen base_order ascending"
1.06,0.0106,False,logit_T,identity,17.6315180415635,40376,188623,0.0139060276261568,0.0105999311143773,427.98281867409895,321,40055,0.007950267485635,6.888562267305666e-08,True,FEASIBLE,"selected calibrated PD ascending, then frozen base_order ascending"
1.07,0.0107,False,logit_T,identity,18.166891558478422,41602,187397,0.0140784150309663,0.0106999381005948,445.13882486094735,335,41267,0.0080524974760828,6.189940513975922e-08,True,FEASIBLE,"selected calibrated PD ascending, then frozen base_order ascending"
1.08,0.0108,False,logit_T,identity,18.706195223559927,42837,186162,0.0142616369495637,0.0107999608735896,462.6379239419608,352,42485,0.0082171954151784,3.9126410328674255e-08,True,FEASIBLE,"selected calibrated PD ascending, then frozen base_order ascending"
1.09,0.0109,False,logit_T,identity,19.24855567054878,44079,184920,0.0144329100307107,0.0108999255010994,480.45781616296296,360,43719,0.0081671544272782,7.44989005433544e-08,True,FEASIBLE,"selected calibrated PD ascending, then frozen base_order ascending"
1.1,0.011,False,logit_T,identity,19.795282948833837,45331,183668,0.0146043481726279,0.0109999275008545,498.6377135412376,377,44954,0.0083166045311155,7.2499145449198e-08,True,FEASIBLE,"selected calibrated PD ascending, then frozen base_order ascending"
1.11,0.0111,False,logit_T,identity,20.347250424674343,46595,182404,0.0147692216278064,0.0110999759855022,517.2033810444757,389,46206,0.0083485352505633,2.4014497786162273e-08,True,FEASIBLE,"selected calibrated PD ascending, then frozen base_order ascending"
1.12,0.0112,False,logit_T,identity,20.904021414940676,47870,181129,0.0149377591718097,0.0111999716918638,536.1426448895238,412,47458,0.0086066429914351,2.8308136123395e-08,True,FEASIBLE,"selected calibrated PD ascending, then frozen base_order ascending"
1.13,0.0113,False,logit_T,identity,21.465595919632836,49156,179843,0.0151096585443286,0.011299993705152,555.4624905704536,424,48732,0.0086256001301977,6.2948479605945415e-09,True,FEASIBLE,"selected calibrated PD ascending, then frozen base_order ascending"
1.14,0.0114,False,logit_T,identity,22.031537255621203,50452,178547,0.0152761843396216,0.0113999726326425,575.1514192620803,441,50011,0.0087409815269959,2.73673574843758e-08,True,FEASIBLE,"selected calibrated PD ascending, then frozen base_order ascending"
1.15,0.0115,False,logit_T,identity,22.601845422905775,51758,177241,0.0154509164918576,0.0114999801475815,595.2159724785238,465,51293,0.0089841183971559,1.985241849036812e-08,True,FEASIBLE,"selected calibrated PD ascending, then frozen base_order ascending"
1.16,0.0116,False,logit_T,identity,23.176083738356937,53073,175926,0.0156205742841463,0.0115999582006094,615.6445815809466,479,52594,0.0090253047689032,4.1799390525232294e-08,True,FEASIBLE,"selected calibrated PD ascending, then frozen base_order ascending"
1.17,0.0117,False,logit_T,identity,23.7546888851043,54398,174601,0.0157937120614369,0.011699985516729,636.4558121390279,498,53900,0.0091547483363358,1.4483270931522909e-08,True,FEASIBLE,"selected calibrated PD ascending, then frozen base_order ascending"
1.18,0.0118,False,logit_T,identity,24.337224180018257,55732,173267,0.0159643793292631,0.0117999961257702,657.6373840814267,517,55215,0.0092765377162133,3.874229765124526e-09,True,FEASIBLE,"selected calibrated PD ascending, then frozen base_order ascending"
1.19,0.0119,False,logit_T,identity,24.92281625683955,57073,171926,0.0161387923647772,0.0118999569608044,679.1662436239935,539,56534,0.0094440453454347,4.3039195530419905e-08,True,FEASIBLE,"selected calibrated PD ascending, then frozen base_order ascending"
1.2,0.012,False,logit_T,identity,25.51233848182743,58423,170576,0.016313240367608,0.0119999316094305,701.0720044177622,549,57874,0.0093969840644951,6.839056942986589e-08,True,FEASIBLE,"selected calibrated PD ascending, then frozen base_order ascending"
1.21,0.0121,False,logit_T,identity,26.10666422124114,59784,169215,0.0164787358413016,0.0120999559119589,723.3837642405554,566,59218,0.009467416031045,4.408804102525032e-08,True,FEASIBLE,"selected calibrated PD ascending, then frozen base_order ascending"
1.22,0.0122,False,logit_T,identity,26.704920108821437,61154,167845,0.0166531664197619,0.0121999468838319,746.0755517338615,579,60575,0.0094679007096837,5.31161680108333e-08,True,FEASIBLE,"selected calibrated PD ascending, then frozen base_order ascending"
1.23,0.0123,False,logit_T,identity,27.306232778309077,62531,166468,0.0168350471908208,0.0122999579093464,769.1286680293438,592,61939,0.0094673042171083,4.2090653535470375e-08,True,FEASIBLE,"selected calibrated PD ascending, then frozen base_order ascending"
1.24,0.0124,False,logit_T,identity,27.90972886344482,63913,165086,0.017007177959834,0.0123999478490594,792.5178668769377,606,63307,0.0094816391031558,5.2150940533027275e-08,True,FEASIBLE,"selected calibrated PD ascending, then frozen base_order ascending"
1.25,0.0125,True,logit_T,identity,28.517591779876767,65305,163694,0.0171783204438782,0.0124999850098922,816.3115210710105,625,64680,0.0095704769925733,1.4990107795667673e-08,True,FEASIBLE,"selected calibrated PD ascending, then frozen base_order ascending"
1.26,0.0126,False,logit_T,identity,29.12807479508644,66703,162296,0.0173633261554691,0.0125999627586034,840.4553158871229,643,66060,0.0096397463382456,3.7241396595028016e-08,True,FEASIBLE,"selected calibrated PD ascending, then frozen base_order ascending"
1.27,0.0127,False,logit_T,identity,29.74074122594422,68106,160893,0.0175444504956606,0.0126999919559934,864.9456521548914,658,67448,0.0096614101547587,8.044006528581948e-09,True,FEASIBLE,"selected calibrated PD ascending, then frozen base_order ascending"
1.28,0.0128,False,logit_T,identity,30.3555910724501,69514,159485,0.0177281273723525,0.0127999800887441,889.7778158889604,673,68841,0.0096815030065886,1.9911255857638088e-08,True,FEASIBLE,"selected calibrated PD ascending, then frozen base_order ascending"
1.29,0.0129,False,logit_T,identity,30.97262433460408,70927,158072,0.0179080885862959,0.0128999558575911,914.9551691113684,689,70238,0.0097142132051263,4.41424088375858e-08,True,FEASIBLE,"selected calibrated PD ascending, then frozen base_order ascending"
1.3,0.013,False,logit_T,identity,31.591841012406167,72345,156654,0.0180958966308541,0.0129999492895645,940.4813313535448,704,71641,0.0097311493537908,5.0710435484449534e-08,True,FEASIBLE,"selected calibrated PD ascending, then frozen base_order ascending"
1.31,0.0131,False,logit_T,identity,32.212804422726734,73767,155232,0.0182831314954329,0.0130999984604995,966.34758643567,729,73038,0.0098824677701411,1.5395004524659806e-09,True,FEASIBLE,"selected calibrated PD ascending, then frozen base_order ascending"
1.32,0.0132,False,logit_T,identity,32.83507788243617,75192,153807,0.0184713929933852,0.0131999777841405,992.5327295450992,745,74447,0.0099079689328651,2.2215859409036032e-08,True,FEASIBLE,"selected calibrated PD ascending, then frozen base_order ascending"
1.33,0.0133,False,logit_T,identity,33.45822470840484,76619,152380,0.0186624012842859,0.0132999555367924,1019.029293273498,764,75855,0.0099714170114462,4.4463207584527487e-08,True,FEASIBLE,"selected calibrated PD ascending, then frozen base_order ascending"
1.34,0.0134,False,logit_T,identity,34.08268158376237,78049,150950,0.0188500764785906,0.0133999499136376,1045.852690809502,789,77260,0.0101090340683416,5.008636238743036e-08,True,FEASIBLE,"selected calibrated PD ascending, then frozen base_order ascending"
1.35,0.0135,False,logit_T,identity,34.709321874768015,79484,149515,0.0190312676655291,0.0134999810719369,1073.032495521839,814,78670,0.0102410548034824,1.8928063014525546e-08,True,FEASIBLE,"selected calibrated PD ascending, then frozen base_order ascending"
1.36,0.0136,False,logit_T,identity,35.337272215162514,80922,148077,0.0192263233277487,0.0135999843279806,1100.5379317888476,835,80087,0.0103185783841229,1.567201938189322e-08,True,FEASIBLE,"selected calibrated PD ascending, then frozen base_order ascending"
1.37,0.0137,False,logit_T,identity,35.96522255555701,82360,146639,0.0194282972674143,0.0136999798599353,1128.3303412642726,861,81499,0.0104541039339485,2.0140064683690784e-08,True,FEASIBLE,"selected calibrated PD ascending, then frozen base_order ascending"
1.38,0.0138,False,logit_T,identity,36.59360957908113,83799,145200,0.0196234906906718,0.0137999883078228,1156.425220207249,888,82911,0.0105967851645007,1.1692177129263293e-08,True,FEASIBLE,"selected calibrated PD ascending, then frozen base_order ascending"
1.39,0.0139,False,logit_T,identity,37.22199660260525,85238,143761,0.0198244699581116,0.0138999825102401,1184.8067092078522,910,84328,0.0106759895821112,1.7489759820965567e-08,True,FEASIBLE,"selected calibrated PD ascending, then frozen base_order ascending"
1.4,0.014,False,logit_T,identity,37.84951025987013,86675,142324,0.0200390416625699,0.0139999680874474,1213.4472339795047,929,85746,0.0107182001730602,3.1912552584875686e-08,True,FEASIBLE,"selected calibrated PD ascending, then frozen base_order ascending"
1.41,0.0141,False,logit_T,identity,38.476587234005386,88111,140888,0.0202416656204142,0.014099998679016,1242.3649836067852,958,87153,0.010872649271941,1.3209839264116672e-09,True,FEASIBLE,"selected calibrated PD ascending, then frozen base_order ascending"
1.42,0.0142,False,logit_T,identity,39.10235415875179,89544,139455,0.0204467829243479,0.0141999422200231,1271.5196261497513,981,88563,0.0109555079067274,5.7779976869037914e-08,True,FEASIBLE,"selected calibrated PD ascending, then frozen base_order ascending"
1.43,0.0143,False,logit_T,identity,39.7285577666278,90978,138021,0.0206484207357971,0.0142999861301144,1300.9841381455485,1008,89970,0.0110796016619402,1.3869885595943487e-08,True,FEASIBLE,"selected calibrated PD ascending, then frozen base_order ascending"
1.44,0.0144,False,logit_T,identity,40.35301464198534,92408,136591,0.0208626855343114,0.014399948676245,1330.670457274449,1033,91375,0.0111786858280668,5.132375498727305e-08,True,FEASIBLE,"selected calibrated PD ascending, then frozen base_order ascending"
1.45,0.0145,False,logit_T,identity,40.97703483421325,93837,135162,0.0210667129912202,0.0144999557654168,1360.6323491594253,1052,92785,0.0112109295906731,4.4234583104069136e-08,True,FEASIBLE,"selected calibrated PD ascending, then frozen base_order ascending"
1.46,0.0146,False,logit_T,identity,41.600618343311545,95265,133734,0.0212762182947314,0.0145999489696839,1390.864138596937,1078,94187,0.0113158032855718,5.1030316097766544e-08,True,FEASIBLE,"selected calibrated PD ascending, then frozen base_order ascending"
1.47,0.0147,False,logit_T,identity,42.22376516928021,96692,132307,0.021471685886295,0.0146999575372887,1421.3682941955226,1105,95587,0.0114280395482563,4.246271126211176e-08,True,FEASIBLE,"selected calibrated PD ascending, then frozen base_order ascending"
1.48,0.0148,False,logit_T,identity,42.84691199524889,98119,130880,0.0216846122162033,0.0147999889479306,1452.160115582008,1135,96984,0.0115675862982704,1.1052069344777428e-08,True,FEASIBLE,"selected calibrated PD ascending, then frozen base_order ascending"
1.49,0.0149,False,logit_T,identity,43.46831208869908,99542,129457,0.0218965565331595,0.0148999309474747,1483.1689263735311,1161,98381,0.0116634184565309,6.905252525161999e-08,True,FEASIBLE,"selected calibrated PD ascending, then frozen base_order ascending"
1.5,0.015,True,logit_T,identity,44.08971218214927,100965,128034,0.0220993888923598,0.0149999758042055,1514.4725570716148,1182,99783,0.0117070271876392,2.4195794435730167e-08,True,FEASIBLE,"selected calibrated PD ascending, then frozen base_order ascending"
1.51,0.0151,False,logit_T,identity,44.71023890934021,102386,126613,0.0223063930996968,0.0150999430196162,1546.0227660064334,1210,101176,0.0118180219951946,5.69803837117272e-08,True,FEASIBLE,"selected calibrated PD ascending, then frozen base_order ascending"
1.52,0.0152,False,logit_T,identity,45.33032895340154,103806,125193,0.0225110653083055,0.0151999306155555,1577.8439974783548,1238,102568,0.011926092904071,6.93844444937114e-08,True,FEASIBLE,"selected calibrated PD ascending, then frozen base_order ascending"
1.53,0.0153,False,logit_T,identity,45.94998231433325,105225,123774,0.0227267188633524,0.0152999373848088,1609.9359113165149,1262,103963,0.0119933475885008,6.261519111538938e-08,True,FEASIBLE,"selected calibrated PD ascending, then frozen base_order ascending"
1.54,0.0154,False,logit_T,identity,46.56832562587609,106641,122358,0.0229394196859806,0.015399951750831,1642.2662546603776,1288,105353,0.0120779062461904,4.8249168917158254e-08,True,FEASIBLE,"selected calibrated PD ascending, then frozen base_order ascending"
1.55,0.0155,False,logit_T,identity,47.18535888803008,108054,120945,0.0231546515554567,0.0154999407421808,1674.8305969556047,1323,106731,0.0122438780609695,5.925781919498275e-08,True,FEASIBLE,"selected calibrated PD ascending, then frozen base_order ascending"
1.56,0.0156,False,logit_T,identity,47.80151878392482,109465,119534,0.0233661690336828,0.0155999777634115,1707.651565871844,1356,108109,0.0123875211254738,2.2236588461191364e-08,True,FEASIBLE,"selected calibrated PD ascending, then frozen base_order ascending"
1.57,0.0157,False,logit_T,identity,48.4163686304307,110873,118126,0.0235729019808762,0.015699939787615,1740.6994240722445,1391,109482,0.0125458858333408,6.02123849426095e-08,True,FEASIBLE,"selected calibrated PD ascending, then frozen base_order ascending"
1.58,0.0158,False,logit_T,identity,49.03078179380696,112280,116719,0.0237828585784625,0.0157999505340454,1774.018445962622,1417,110863,0.0126202351264695,4.9465954561622734e-08,True,FEASIBLE,"selected calibrated PD ascending, then frozen base_order ascending"
1.59,0.0159,False,logit_T,identity,49.64432159092398,113685,115314,0.0239970167204107,0.0158999520846047,1807.5860527382931,1447,112238,0.0127281523507938,4.791539523138488e-08,True,FEASIBLE,"selected calibrated PD ascending, then frozen base_order ascending"
1.6,0.016,False,logit_T,identity,50.25742470491137,115089,113910,0.0241997425534074,0.0159999719951225,1841.4207769466584,1477,113612,0.0128335462120619,2.8004877458687183e-08,True,FEASIBLE,"selected calibrated PD ascending, then frozen base_order ascending"
1.61,0.0161,False,logit_T,identity,50.86965445263953,116491,112508,0.0244091209471733,0.0160999550674185,1875.499865758652,1512,114979,0.0129795434840459,4.493258146803791e-08,True,FEASIBLE,"selected calibrated PD ascending, then frozen base_order ascending"
1.62,0.0162,False,logit_T,identity,51.48144751723807,117892,111107,0.0246231069389872,0.0161999785720699,1909.847873818473,1538,116354,0.0130458385641095,2.142793002757326e-08,True,FEASIBLE,"selected calibrated PD ascending, then frozen base_order ascending"
1.63,0.0163,False,logit_T,identity,52.09193053244774,119290,109709,0.0248308670886434,0.0162999685589984,1944.4232494029216,1567,117723,0.0131360549920362,3.1441001576565375e-08,True,FEASIBLE,"selected calibrated PD ascending, then frozen base_order ascending"
1.64,0.0164,False,logit_T,identity,52.70197686452779,120687,108312,0.0250465975741634,0.0163999493277299,1979.260684515743,1599,119088,0.0132491486241268,5.06722700639728e-08,True,FEASIBLE,"selected calibrated PD ascending, then frozen base_order ascending"
1.65,0.0165,False,logit_T,identity,53.31071314721898,122081,106918,0.0252647635338922,0.0164999389863865,2014.3290513970612,1637,120444,0.0134091300038499,6.101361341159794e-08,True,FEASIBLE,"selected calibrated PD ascending, then frozen base_order ascending"
1.66,0.0166,False,logit_T,identity,53.91813938052131,123472,105527,0.0254883984395817,0.016599933108819,2049.626940812104,1684,121788,0.0136387197097317,6.68911809657835e-08,True,FEASIBLE,"selected calibrated PD ascending, then frozen base_order ascending"
1.67,0.0167,False,logit_T,identity,54.52425556443478,124860,104139,0.0257091755023379,0.0166999729953319,2085.1586281971495,1718,123142,0.0137594105398045,2.7004668032987178e-08,True,FEASIBLE,"selected calibrated PD ascending, then frozen base_order ascending"
1.68,0.0168,False,logit_T,identity,55.12906169895938,126245,102754,0.0259253570947767,0.0167999757207057,2120.9129348604984,1750,124495,0.0138619351261436,2.4279294241758013e-08,True,FEASIBLE,"selected calibrated PD ascending, then frozen base_order ascending"
1.69,0.0169,False,logit_T,identity,55.73255778409513,127627,101372,0.0261453357378008,0.0168999654687651,2156.891892882084,1791,125836,0.0140330807744442,3.4531234892332125e-08,True,FEASIBLE,"selected calibrated PD ascending, then frozen base_order ascending"
1.7,0.017,False,logit_T,identity,56.33474381984201,129006,99993,0.0263737869514917,0.0169999768581622,2193.099014564076,1826,127180,0.0141543804164147,2.3141837775936255e-08,True,FEASIBLE,"selected calibrated PD ascending, then frozen base_order ascending"
1.71,0.0171,False,logit_T,identity,56.93474643994079,130380,98619,0.0266031437212284,0.0170999480857367,2229.49123141836,1864,128516,0.0142966712685994,5.1914263232005764e-08,True,FEASIBLE,"selected calibrated PD ascending, then frozen base_order ascending"
1.72,0.0172,False,logit_T,identity,57.5334390106507,131751,97248,0.0268245749684417,0.0171999950795577,2266.116551726818,1894,129857,0.0143756024622204,4.920442209926934e-09,True,FEASIBLE,"selected calibrated PD ascending, then frozen base_order ascending"
1.73,0.0173,False,logit_T,identity,58.12994816571251,133117,95882,0.0270519336703002,0.0172999406489575,2302.9161993672856,1930,131187,0.0144985238549546,5.935104242446587e-08,True,FEASIBLE,"selected calibrated PD ascending, then frozen base_order ascending"
1.74,0.0174,False,logit_T,identity,58.72514727138547,134480,94519,0.0272855735982876,0.0173999593079222,2339.9465277293816,1964,132516,0.0146044021415823,4.0692077766385504e-08,True,FEASIBLE,"selected calibrated PD ascending, then frozen base_order ascending"
1.75,0.0175,True,logit_T,identity,59.31816296141031,135838,93161,0.027532302318508,0.0174999965690821,2377.164533950979,2005,133833,0.0147602290964236,3.43091786578209e-09,True,FEASIBLE,"selected calibrated PD ascending, then frozen base_order ascending"
1.76,0.0176,False,logit_T,identity,59.90812186952781,137189,91810,0.0277754223426066,0.01759997796851,2414.5233775219313,2042,135147,0.0148845752939375,2.2031489906731986e-08,True,FEASIBLE,"selected calibrated PD ascending, then frozen base_order ascending"
1.77,0.0177,False,logit_T,identity,60.495897361997216,138535,90464,0.0280195608290622,0.0176999887127049,2452.0679363145796,2076,136459,0.0149853827552604,1.1287295056949809e-08,True,FEASIBLE,"selected calibrated PD ascending, then frozen base_order ascending"
1.78,0.0178,False,logit_T,identity,61.080616072559266,139874,89125,0.028264723574686,0.0177999552474688,2489.7509402844576,2123,137751,0.0151779458655647,4.4752531153102744e-08,True,FEASIBLE,"selected calibrated PD ascending, then frozen base_order ascending"
1.79,0.0179,False,logit_T,identity,61.6627146843436,141207,87792,0.0285173184577576,0.0178999334586123,2527.5959038902784,2164,139043,0.0153250192979101,6.65413876187182e-08,True,FEASIBLE,"selected calibrated PD ascending, then frozen base_order ascending"
1.8,0.018,False,logit_T,identity,62.24219319735021,142534,86465,0.0287762829510851,0.0179999532605032,2565.6053380325666,2194,140340,0.0153928185555727,4.673949677291844e-08,True,FEASIBLE,"selected calibrated PD ascending, then frozen base_order ascending"
1.81,0.0181,False,logit_T,identity,62.81817824531985,143853,85146,0.0290365062247485,0.0180999585359524,2603.7333352723635,2231,141622,0.0155088875449243,4.1464047580846985e-08,True,FEASIBLE,"selected calibrated PD ascending, then frozen base_order ascending"
1.82,0.0182,False,logit_T,identity,63.39110651138215,145165,83834,0.0293019822036706,0.0181999767648329,2641.999627066976,2270,142895,0.0156373781558915,2.323516704733075e-08,True,FEASIBLE,"selected calibrated PD ascending, then frozen base_order ascending"
1.83,0.0183,False,logit_T,identity,63.96054131240748,146469,82530,0.029560955835864,0.0182999400817555,2680.3739238346507,2312,144157,0.0157849101174992,5.9918244470214e-08,True,FEASIBLE,"selected calibrated PD ascending, then frozen base_order ascending"
1.84,0.0184,False,logit_T,identity,64.52648264839584,147765,81234,0.0298468111398599,0.0183999735564636,2718.8720925708576,2343,145422,0.0158562582478936,2.6443536305098547e-08,True,FEASIBLE,"selected calibrated PD ascending, then frozen base_order ascending"
1.85,0.0185,False,logit_T,identity,65.08849383621762,149052,79947,0.0301147314935291,0.0184999763654249,2757.4584772193216,2374,146678,0.0159273273756809,2.3634575036651784e-08,True,FEASIBLE,"selected calibrated PD ascending, then frozen base_order ascending"
1.86,0.0186,False,logit_T,identity,65.64657487587282,150330,78669,0.030418754131648,0.0185999902093113,2796.13652816577,2407,147923,0.0160114414953768,9.790688683397608e-09,True,FEASIBLE,"selected calibrated PD ascending, then frozen base_order ascending"
1.87,0.0187,False,logit_T,identity,66.19985240110219,151597,77402,0.0307069058349907,0.0186999699472737,2834.8593440968625,2456,149141,0.0162008483017473,3.0052726227719484e-08,True,FEASIBLE,"selected calibrated PD ascending, then frozen base_order ascending"
1.88,0.0188,False,logit_T,identity,66.74919977816496,152855,76144,0.0310062906985417,0.0187999982720596,2873.67373587567,2495,150360,0.0163226587288606,1.727940401874406e-09,True,FEASIBLE,"selected calibrated PD ascending, then frozen base_order ascending"
1.89,0.0189,False,logit_T,identity,67.29374364080192,154102,74897,0.0312953551367167,0.0188999371121013,2912.5181088490376,2538,151564,0.0164696110368457,6.28878986802528e-08,True,FEASIBLE,"selected calibrated PD ascending, then frozen base_order ascending"
1.9,0.019,False,logit_T,identity,67.83479403840191,155341,73658,0.0315949873908113,0.0189999875000751,2951.477058249166,2575,152766,0.0165764350686554,1.2499924900710724e-08,True,FEASIBLE,"selected calibrated PD ascending, then frozen base_order ascending"
1.91,0.0191,False,logit_T,identity,68.37060423844646,156568,72431,0.0319137347424734,0.0190999297639634,2990.437803284234,2616,153952,0.0167083950743446,7.023603651803989e-08,True,FEASIBLE,"selected calibrated PD ascending, then frozen base_order ascending"
1.92,0.0192,False,logit_T,identity,68.90204760719479,157785,71214,0.0322201806832014,0.0191999569743876,3029.4652112037584,2669,155116,0.0169154228855721,4.3025612329883334e-08,True,FEASIBLE,"selected calibrated PD ascending, then frozen base_order ascending"
1.93,0.0193,False,logit_T,identity,69.4286874615173,158991,70008,0.0325415970006791,0.0192999516241553,3068.5186086760755,2705,156286,0.0170135416470114,4.8375844701603616e-08,True,FEASIBLE,"selected calibrated PD ascending, then frozen base_order ascending"
1.94,0.0194,False,logit_T,identity,69.95052380141398,160186,68813,0.0328699060311431,0.0193999781392067,3107.604898206978,2747,157439,0.0171488145031401,2.1860793217309823e-08,True,FEASIBLE,"selected calibrated PD ascending, then frozen base_order ascending"
1.95,0.0195,False,logit_T,identity,70.46711994375521,161369,67630,0.0332065694115996,0.0194999612112496,3146.689240698137,2793,158576,0.0173081570809759,3.8788750399143535e-08,True,FEASIBLE,"selected calibrated PD ascending, then frozen base_order ascending"
1.96,0.0196,False,logit_T,identity,70.97934925480024,162542,66457,0.0335224090580712,0.0195999856775746,3185.820872004343,2833,159709,0.0174293413394691,1.4322425322121912e-08,True,FEASIBLE,"selected calibrated PD ascending, then frozen base_order ascending"
1.97,0.0197,False,logit_T,identity,71.48677505141944,163704,65295,0.0338443183749401,0.019699963207785,3224.9627769672516,2881,160823,0.017598836925182,3.679221490318629e-08,True,FEASIBLE,"selected calibrated PD ascending, then frozen base_order ascending"
1.98,0.0198,False,logit_T,identity,71.98983401674244,164856,64143,0.0341778241632483,0.0197999766682385,3264.144953619127,2927,161929,0.0177548891153491,2.3331761495049008e-08,True,FEASIBLE,"selected calibrated PD ascending, then frozen base_order ascending"
1.99,0.0199,False,logit_T,identity,72.4880894676396,165997,63002,0.0345223792317272,0.0198999977077392,3303.3399194915987,2957,163040,0.0178135749441254,2.292260711106442e-09,True,FEASIBLE,"selected calibrated PD ascending, then frozen base_order ascending"
2.0,0.02,True,logit_T,identity,72.98110472098132,167126,61873,0.034859894778257,0.019999943241423,3342.5105141660624,3002,164124,0.0179624953627801,5.6758576987697706e-08,True,FEASIBLE,"selected calibrated PD ascending, then frozen base_order ascending"
0.75,0.0075,True,logit_T_plus_AD,identity,13.938488814361635,31919,197080,0.0103795921942079,0.0074999125371613,239.38970827365253,170,31749,0.0053259813903944,8.746283866861022e-08,True,FEASIBLE,"selected calibrated PD ascending, then frozen base_order ascending"
0.76,0.0076,False,logit_T_plus_AD,identity,14.425390503888664,33034,195965,0.0105425370369651,0.0075999468332239,251.05664368872144,174,32860,0.0052673003572077,5.3166776005190985e-08,True,FEASIBLE,"selected calibrated PD ascending, then frozen base_order ascending"
0.77,0.0077,False,logit_T_plus_AD,identity,14.919715806619244,34166,194833,0.0106962895359738,0.0076999618868939,263.0768978276193,178,33988,0.005209857753322,3.81131060331677e-08,True,FEASIBLE,"selected calibrated PD ascending, then frozen base_order ascending"
0.78,0.0078,False,logit_T_plus_AD,identity,15.420154673164513,35312,193687,0.0108654429086585,0.0077999908181109,275.4332757691334,186,35126,0.0052673312188491,9.18188906330608e-09,True,FEASIBLE,"selected calibrated PD ascending, then frozen base_order ascending"
0.79,0.0079,False,logit_T_plus_AD,identity,15.925397054135608,36469,192530,0.0110387302993239,0.007899997476149,288.10500795768013,195,36274,0.005347007047081,2.523850939004091e-09,True,FEASIBLE,"selected calibrated PD ascending, then frozen base_order ascending"
0.8,0.008,False,logit_T_plus_AD,identity,16.43587963266215,37638,191361,0.011202673352264,0.0079999907577248,301.1036521392465,203,37435,0.005393485307402,9.242275188225957e-09,True,FEASIBLE,"selected calibrated PD ascending, then frozen base_order ascending"
0.81,0.0081,False,logit_T_plus_AD,identity,16.952039091873765,38820,190179,0.0113619581459996,0.0080999248168209,314.4390813889884,209,38611,0.0053838227717671,7.518317907129203e-08,True,FEASIBLE,"selected calibrated PD ascending, then frozen base_order ascending"
0.82,0.0082,False,logit_T_plus_AD,identity,17.474748798029687,40017,188982,0.0115249908181866,0.0081999830976833,328.1387236199934,223,39794,0.0055726316315565,1.6902316679959232e-08,True,FEASIBLE,"selected calibrated PD ascending, then frozen base_order ascending"
0.83,0.0083,False,logit_T_plus_AD,identity,18.003572068000295,41228,187771,0.0116817456364622,0.0082999282605688,342.1894423267336,233,40995,0.0056514989812748,7.173943112476211e-08,True,FEASIBLE,"selected calibrated PD ascending, then frozen base_order ascending"
0.84,0.0084,False,logit_T_plus_AD,identity,18.538072218655977,42452,186547,0.011850826612244,0.0083999263035046,356.59367143638065,246,42206,0.0057947799868086,7.369649531949185e-08,True,FEASIBLE,"selected calibrated PD ascending, then frozen base_order ascending"
0.85,0.0085,False,logit_T_plus_AD,identity,19.077812566867102,43688,185311,0.0120224770829102,0.0084999463886589,371.3456578277334,260,43428,0.0059512909723493,5.3611341022802295e-08,True,FEASIBLE,"selected calibrated PD ascending, then frozen base_order ascending"
0.86,0.0086,False,logit_T_plus_AD,identity,19.62235642950406,44935,184064,0.0121859561234558,0.0085999918443663,386.44063352660214,273,44662,0.0060754423055524,8.15563364585381e-09,True,FEASIBLE,"selected calibrated PD ascending, then frozen base_order ascending"
0.87,0.0087,False,logit_T_plus_AD,identity,20.171703806566843,46193,182806,0.0123546235461197,0.0086999879091504,401.87854148738535,285,45908,0.0061697659818587,1.2090849580218e-08,True,FEASIBLE,"selected calibrated PD ascending, then frozen base_order ascending"
0.88,0.0088,False,logit_T_plus_AD,identity,20.724981331796208,47460,181539,0.0125343595396308,0.008799968941196,417.6465259491635,298,47162,0.0062789717656974,3.1058803971403814e-08,True,FEASIBLE,"selected calibrated PD ascending, then frozen base_order ascending"
0.89,0.0089,False,logit_T_plus_AD,identity,21.28131563893292,48734,180265,0.0127127914966056,0.0088999259531972,433.7289914031128,310,48424,0.0063610620921738,7.404680279002318e-08,True,FEASIBLE,"selected calibrated PD ascending, then frozen base_order ascending"
0.9,0.009,False,logit_T_plus_AD,identity,21.8411434111066,50016,178983,0.0128894801671798,0.0089999525252558,450.1416255031955,323,49693,0.0064579334612923,4.7474744172340544e-08,True,FEASIBLE,"selected calibrated PD ascending, then frozen base_order ascending"
0.91,0.0091,False,logit_T_plus_AD,identity,22.40446464831724,51306,177693,0.0130673382200557,0.0090999972843474,466.8844606707278,334,50972,0.0065099598487506,2.715652598628271e-09,True,FEASIBLE,"selected calibrated PD ascending, then frozen base_order ascending"
0.92,0.0092,False,logit_T_plus_AD,identity,22.97127935056485,52604,176395,0.0132380546942946,0.0091999235455797,483.9527781916764,346,52258,0.0065774465820089,7.64544202634665e-08,True,FEASIBLE,"selected calibrated PD ascending, then frozen base_order ascending"
0.93,0.0093,False,logit_T_plus_AD,identity,23.541587517849425,53910,175089,0.0134163745358877,0.0092999339585081,501.3594397031758,360,53550,0.006677796327212,6.604149182382059e-08,True,FEASIBLE,"selected calibrated PD ascending, then frozen base_order ascending"
0.94,0.0094,False,logit_T_plus_AD,identity,24.115825833300583,55225,173774,0.0135869734521559,0.0093999644897117,519.1130389443307,376,54849,0.0068085106382978,3.5510288263693186e-08,True,FEASIBLE,"selected calibrated PD ascending, then frozen base_order ascending"
0.95,0.0095,False,logit_T_plus_AD,identity,24.692684247529463,56546,172453,0.0137723392091569,0.0094999694809307,537.1852742687086,400,56146,0.0070738867470731,3.0519069278700524e-08,True,FEASIBLE,"selected calibrated PD ascending, then frozen base_order ascending"
0.96,0.0096,False,logit_T_plus_AD,identity,25.271726077406452,57872,171127,0.0139511265631914,0.0095999290194065,555.5670922110932,412,57460,0.0071191595244677,7.098059349661123e-08,True,FEASIBLE,"selected calibrated PD ascending, then frozen base_order ascending"
0.97,0.0097,False,logit_T_plus_AD,identity,25.854261372320405,59206,169793,0.0141312746915588,0.0096999827908944,574.2971811176955,430,58776,0.0072627774212073,1.720910557286015e-08,True,FEASIBLE,"selected calibrated PD ascending, then frozen base_order ascending"
0.98,0.0098,False,logit_T_plus_AD,identity,26.43898008288246,60545,168454,0.0143161545993451,0.0097999981683627,593.3408891035255,445,60100,0.007349905029317,1.8316372047549878e-09,True,FEASIBLE,"selected calibrated PD ascending, then frozen base_order ascending"
0.99,0.0099,False,logit_T_plus_AD,identity,27.024572159703755,61886,167113,0.0145051747570409,0.0098999541946066,612.6685652874294,465,61421,0.0075138157256891,4.580539331514034e-08,True,FEASIBLE,"selected calibrated PD ascending, then frozen base_order ascending"
1.0,0.01,True,logit_T_plus_AD,identity,27.612784335302777,63233,165766,0.0146879505788148,0.0099999745428085,632.3283902654103,485,62748,0.0076700457039836,2.5457191491981557e-08,True,FEASIBLE,"selected calibrated PD ascending, then frozen base_order ascending"
1.01,0.0101,False,logit_T_plus_AD,identity,28.202743243420276,64584,164415,0.0148721372986472,0.0100999619936671,652.2959453990011,511,64073,0.0079121763904372,3.8006332820500484e-08,True,FEASIBLE,"selected calibrated PD ascending, then frozen base_order ascending"
1.02,0.0102,False,logit_T_plus_AD,identity,28.794448884056266,65939,163060,0.0150655898725648,0.0101999832264882,672.5766939714067,523,65416,0.0079315731206114,1.6773511780920902e-08,True,FEASIBLE,"selected calibrated PD ascending, then frozen base_order ascending"
1.03,0.0103,False,logit_T_plus_AD,identity,29.385717841562627,67293,161706,0.0152659994392384,0.0102999319538278,693.1133209689357,539,66754,0.0080097484136537,6.804617217782971e-08,True,FEASIBLE,"selected calibrated PD ascending, then frozen base_order ascending"
1.04,0.0104,False,logit_T_plus_AD,identity,29.97786016532823,68649,160350,0.0154599141710852,0.0103999548435524,713.9465000550317,555,68094,0.0080846042913953,4.515644755516413e-08,True,FEASIBLE,"selected calibrated PD ascending, then frozen base_order ascending"
1.05,0.0105,False,logit_T_plus_AD,identity,30.5713125384827,70008,158991,0.0156499170628355,0.0104999880723675,735.0831649703044,572,69436,0.0081704948005942,1.1927632492803042e-08,True,FEASIBLE,"selected calibrated PD ascending, then frozen base_order ascending"
1.06,0.0106,False,logit_T_plus_AD,identity,31.16520159476679,71368,157631,0.0158423770997109,0.0105999676264135,756.4984895618792,588,70780,0.0082389866606882,3.2373586492107094e-08,True,FEASIBLE,"selected calibrated PD ascending, then frozen base_order ascending"
1.07,0.0107,False,logit_T_plus_AD,identity,31.75996401731012,72730,156269,0.0160315785893434,0.0106999546554364,778.20770208989,610,72120,0.0083871854805444,4.5344563591800946e-08,True,FEASIBLE,"selected calibrated PD ascending, then frozen base_order ascending"
1.08,0.0108,False,logit_T_plus_AD,identity,32.356473172371935,74096,154903,0.0162177316200352,0.0107999677100158,800.2344074413334,630,73466,0.0085024832649535,3.2289984165656544e-08,True,FEASIBLE,"selected calibrated PD ascending, then frozen base_order ascending"
1.09,0.0109,False,logit_T_plus_AD,identity,32.95385569369299,75464,153535,0.0164169331660826,0.0108999773408682,822.555890051278,649,74815,0.0086001272129757,2.2659131798316582e-08,True,FEASIBLE,"selected calibrated PD ascending, then frozen base_order ascending"
1.1,0.011,False,logit_T_plus_AD,identity,33.55167489814366,76833,152166,0.0166027576206698,0.0109999765005261,845.161194464928,661,76172,0.008603074199888,2.34994738182448e-08,True,FEASIBLE,"selected calibrated PD ascending, then frozen base_order ascending"
1.11,0.0111,False,logit_T_plus_AD,identity,34.150367468853574,78204,150795,0.0167956473242962,0.0110999437558384,868.0600014815914,688,77516,0.0087975039639916,5.6244161534754755e-08,True,FEASIBLE,"selected calibrated PD ascending, then frozen base_order ascending"
1.12,0.0112,False,logit_T_plus_AD,identity,34.74949672269311,79576,149423,0.0170054808372144,0.0111999727691877,891.2490330808862,707,78869,0.0088845883180858,2.7230812226636262e-08,True,FEASIBLE,"selected calibrated PD ascending, then frozen base_order ascending"
1.13,0.0113,False,logit_T_plus_AD,identity,35.34818929340303,80947,148052,0.0172012571237402,0.0112999502312026,914.697071365158,721,80226,0.0089070626459288,4.97687973870925e-08,True,FEASIBLE,"selected calibrated PD ascending, then frozen base_order ascending"
1.14,0.0114,False,logit_T_plus_AD,identity,35.94731854724257,82319,146680,0.0173966777893368,0.0113999575564057,938.4331060857633,736,81583,0.0089408277554392,4.2443594272870144e-08,True,FEASIBLE,"selected calibrated PD ascending, then frozen base_order ascending"
1.15,0.0115,False,logit_T_plus_AD,identity,36.5464478010821,83691,145308,0.0176065020126504,0.0114999818774209,962.4449833032336,757,82934,0.0090451780956136,1.812257908670456e-08,True,FEASIBLE,"selected calibrated PD ascending, then frozen base_order ascending"
1.16,0.0116,False,logit_T_plus_AD,identity,37.1447036886624,85061,143938,0.0178116032243985,0.0115999366275631,986.702209477145,775,84286,0.0091111084986068,6.337243689882865e-08,True,FEASIBLE,"selected calibrated PD ascending, then frozen base_order ascending"
1.17,0.0117,False,logit_T_plus_AD,identity,37.74295957624269,86431,142568,0.0180142612771023,0.011699993350037,1011.2421252370552,804,85627,0.0093022179542062,6.649962915397656e-09,True,FEASIBLE,"selected calibrated PD ascending, then frozen base_order ascending"
1.18,0.0118,False,logit_T_plus_AD,identity,38.34034209756374,87799,141200,0.0182185053907322,0.0117999523421215,1036.024015685926,828,86971,0.009430631328375,4.765787849428382e-08,True,FEASIBLE,"selected calibrated PD ascending, then frozen base_order ascending"
1.19,0.0119,False,logit_T_plus_AD,identity,38.93728793575518,89166,139833,0.0184235265927355,0.0118999750804081,1061.073178019674,848,88318,0.0095103514792633,2.4919591839686617e-08,True,FEASIBLE,"selected calibrated PD ascending, then frozen base_order ascending"
1.2,0.012,False,logit_T_plus_AD,identity,39.53379709081699,90532,138467,0.0186345410469609,0.011999998487824,1086.3838630996872,865,89667,0.0095546326160915,1.5121759469605143e-09,True,FEASIBLE,"selected calibrated PD ascending, then frozen base_order ascending"
1.21,0.0121,False,logit_T_plus_AD,identity,40.12855951336032,91894,137105,0.0188499856003785,0.0120999445154296,1111.9123013008964,892,91002,0.0097068361372886,5.5484570304562e-08,True,FEASIBLE,"selected calibrated PD ascending, then frozen base_order ascending"
1.22,0.0122,False,logit_T_plus_AD,identity,40.722448569644406,93254,135745,0.0190643806654279,0.0121999420892873,1137.6933995943996,913,92341,0.0097904647521822,5.7910712681838457e-08,True,FEASIBLE,"selected calibrated PD ascending, then frozen base_order ascending"
1.23,0.0123,False,logit_T_plus_AD,identity,41.315464259669255,94612,134387,0.0192722378835563,0.0122999883918772,1163.7265017322925,948,93664,0.0100198706295184,1.1608122730405457e-08,True,FEASIBLE,"selected calibrated PD ascending, then frozen base_order ascending"
1.24,0.0124,False,logit_T_plus_AD,identity,41.90716990030524,95967,133032,0.0194868767686335,0.0123999397339702,1189.9850164499246,968,94999,0.010086800671064,6.026602973260854e-08,True,FEASIBLE,"selected calibrated PD ascending, then frozen base_order ascending"
1.25,0.0125,True,logit_T_plus_AD,identity,42.498002174681986,97320,131679,0.0197006214072622,0.0124999516014723,1216.4952898552906,982,96338,0.0100904233456637,4.839852763525999e-08,True,FEASIBLE,"selected calibrated PD ascending, then frozen base_order ascending"
1.26,0.0126,False,logit_T_plus_AD,identity,43.08752439966987,98670,130329,0.0199119181759312,0.012599933508356,1243.2354392694892,1001,97669,0.0101449275362318,6.649164397201647e-08,True,FEASIBLE,"selected calibrated PD ascending, then frozen base_order ascending"
1.27,0.0127,False,logit_T_plus_AD,identity,43.675736575268886,100017,128982,0.0201360405028515,0.0126999472325383,1270.210622356786,1020,98997,0.0101982662947298,5.2767461670988336e-08,True,FEASIBLE,"selected calibrated PD ascending, then frozen base_order ascending"
1.28,0.0128,False,logit_T_plus_AD,identity,44.261765335219806,101359,127640,0.0203631412664597,0.0127999346962657,1297.3885808787984,1042,100317,0.010280290847384,6.530373426738567e-08,True,FEASIBLE,"selected calibrated PD ascending, then frozen base_order ascending"
1.29,0.0129,False,logit_T_plus_AD,identity,44.84604736265224,102697,126302,0.0205875324906892,0.0128999611027564,1324.7873053697815,1075,101622,0.0104676864952238,3.889724352681978e-08,True,FEASIBLE,"selected calibrated PD ascending, then frozen base_order ascending"
1.3,0.013,False,logit_T_plus_AD,identity,45.42858265756619,104031,124968,0.0208084246756583,0.0129999597199601,1352.3988096271707,1096,102935,0.0105353212023339,4.028003988340578e-08,True,FEASIBLE,"selected calibrated PD ascending, then frozen base_order ascending"
1.31,0.0131,False,logit_T_plus_AD,identity,46.00937121996166,105361,123638,0.0210308660799221,0.0130999475585664,1380.2235747181203,1115,104246,0.0105826634143563,5.2441433544617166e-08,True,FEASIBLE,"selected calibrated PD ascending, then frozen base_order ascending"
1.32,0.0132,False,logit_T_plus_AD,identity,46.58841304983864,106687,122312,0.0212642079036871,0.0131999681408779,1408.2650010458462,1142,105545,0.0107042095100621,3.1859122045369004e-08,True,FEASIBLE,"selected calibrated PD ascending, then frozen base_order ascending"
1.33,0.0133,False,logit_T_plus_AD,identity,47.16527146406753,108008,120991,0.021486846015611,0.0132999524906625,1436.5012686114758,1163,106845,0.0107677209095622,4.7509337495338366e-08,True,FEASIBLE,"selected calibrated PD ascending, then frozen base_order ascending"
1.34,0.0134,False,logit_T_plus_AD,identity,47.739946462648305,109324,119675,0.021721570881939,0.0133999405945174,1464.9351055550276,1191,108133,0.0108942226775456,5.940548253313693e-08,True,FEASIBLE,"selected calibrated PD ascending, then frozen base_order ascending"
1.35,0.0135,False,logit_T_plus_AD,identity,48.31287472871061,110636,118363,0.0219486013394399,0.013499992222423,1493.5851395199938,1208,109428,0.0109186883112187,7.777576974815625e-09,True,FEASIBLE,"selected calibrated PD ascending, then frozen base_order ascending"
1.36,0.0136,False,logit_T_plus_AD,identity,48.8836195791248,111943,117056,0.0221713323459891,0.0135999306921947,1522.417041476353,1234,110709,0.0110234673003224,6.930780528484337e-08,True,FEASIBLE,"selected calibrated PD ascending, then frozen base_order ascending"
1.37,0.0137,False,logit_T_plus_AD,identity,49.45305438015013,113247,115752,0.0224133078459854,0.0136999736928847,1551.4809207981175,1256,111991,0.0110908015223361,2.6307115263968228e-08,True,FEASIBLE,"selected calibrated PD ascending, then frozen base_order ascending"
1.38,0.0138,False,logit_T_plus_AD,identity,50.0189957161385,114543,114456,0.0226523604066085,0.0137999326466267,1580.6856851425705,1283,113260,0.0112010336729437,6.735337322594237e-08,True,FEASIBLE,"selected calibrated PD ascending, then frozen base_order ascending"
1.39,0.0139,False,logit_T_plus_AD,identity,50.583190319608384,115835,113164,0.0228899100347077,0.0138999674155351,1610.1027255785084,1309,114526,0.0113005568265204,3.258446489885769e-08,True,FEASIBLE,"selected calibrated PD ascending, then frozen base_order ascending"
1.4,0.014,False,logit_T_plus_AD,identity,51.14432814117093,117120,111879,0.0231415420945523,0.0139999944326021,1639.6793479463686,1347,115773,0.0115010245901639,5.567397810130048e-09,True,FEASIBLE,"selected calibrated PD ascending, then frozen base_order ascending"
1.41,0.0141,False,logit_T_plus_AD,identity,51.70284586395574,118399,110600,0.0233720865324563,0.0140999760119392,1669.4230598375923,1372,117027,0.0115879357089164,2.3988060775595458e-08,True,FEASIBLE,"selected calibrated PD ascending, then frozen base_order ascending"
1.42,0.0142,False,logit_T_plus_AD,identity,52.25874348796283,119672,109327,0.0236248087181083,0.0141999251387799,1699.3334412080712,1402,118270,0.0117153553044989,7.48612200753701e-08,True,FEASIBLE,"selected calibrated PD ascending, then frozen base_order ascending"
1.43,0.0143,False,logit_T_plus_AD,identity,52.8120210131922,120939,108060,0.0238662471484384,0.0142999429390321,1729.420799103607,1429,119510,0.0118158741183571,5.7060967870864454e-08,True,FEASIBLE,"selected calibrated PD ascending, then frozen base_order ascending"
1.44,0.0144,False,logit_T_plus_AD,identity,53.363115122773465,122201,106798,0.0241034080491759,0.0143999783670885,1759.6917564365851,1462,120739,0.0119638955491362,2.1632911472585503e-08,True,FEASIBLE,"selected calibrated PD ascending, then frozen base_order ascending"
1.45,0.0145,False,logit_T_plus_AD,identity,53.911589133577,123457,105542,0.024358314382999,0.0144999895657833,1790.1252118229197,1497,121960,0.012125679386345,1.0434216612259515e-08,True,FEASIBLE,"selected calibrated PD ascending, then frozen base_order ascending"
1.46,0.0146,False,logit_T_plus_AD,identity,54.45744304560282,124707,104292,0.0245937081113449,0.0145999694185742,1820.718386282144,1519,123188,0.012180551212041,3.05814257094833e-08,True,FEASIBLE,"selected calibrated PD ascending, then frozen base_order ascending"
1.47,0.0147,False,logit_T_plus_AD,identity,55.00111354198053,125952,103047,0.0248466143548219,0.0146999895373007,1851.4930822020983,1548,124404,0.0122903963414634,1.0462699295485378e-08,True,FEASIBLE,"selected calibrated PD ascending, then frozen base_order ascending"
1.48,0.0148,False,logit_T_plus_AD,identity,55.541727256450905,127190,101809,0.0250985019146868,0.0147999872833271,1882.4103825663824,1582,125608,0.0124380847550908,1.2716672834547917e-08,True,FEASIBLE,"selected calibrated PD ascending, then frozen base_order ascending"
1.49,0.0149,False,logit_T_plus_AD,identity,56.078847505884305,128420,100579,0.025367563606921,0.0148999230740496,1913.448121169456,1614,126806,0.0125681358043918,7.692595034927696e-08,True,FEASIBLE,"selected calibrated PD ascending, then frozen base_order ascending"
1.5,0.015,True,logit_T_plus_AD,identity,56.613347656539986,129644,99355,0.0256173839549241,0.0149999295117248,1944.650861618053,1647,127997,0.0127040202400419,7.048827517334989e-08,True,FEASIBLE,"selected calibrated PD ascending, then frozen base_order ascending"
1.51,0.0151,False,logit_T_plus_AD,identity,57.14479102528832,130861,98138,0.0258776989333351,0.0150999185974185,1975.9904475767871,1671,129190,0.0127692742681165,8.140258146195622e-08,True,FEASIBLE,"selected calibrated PD ascending, then frozen base_order ascending"
1.52,0.0152,False,logit_T_plus_AD,identity,57.67405097838855,132073,96926,0.0261297577013196,0.015199950727053,2007.5030923740712,1693,130380,0.0128186684636526,4.9272946996831164e-08,True,FEASIBLE,"selected calibrated PD ascending, then frozen base_order ascending"
1.53,0.0153,False,logit_T_plus_AD,identity,58.20069083271106,133279,95720,0.0263823077952357,0.0152999855805373,2039.166778188434,1727,131552,0.0129577802954704,1.4419462675968608e-08,True,FEASIBLE,"selected calibrated PD ascending, then frozen base_order ascending"
1.54,0.0154,False,logit_T_plus_AD,identity,58.724273905126225,134478,94521,0.026633606230203,0.0153999322653781,2070.9520911835193,1761,132717,0.0130950787489403,6.773462187664725e-08,True,FEASIBLE,"selected calibrated PD ascending, then frozen base_order ascending"
1.55,0.0155,False,logit_T_plus_AD,identity,59.24567356189328,135672,93327,0.0268978462091855,0.0154999479125901,2102.9089331969262,1799,133873,0.0132599209859071,5.2087409883536107e-08,True,FEASIBLE,"selected calibrated PD ascending, then frozen base_order ascending"
1.56,0.0156,False,logit_T_plus_AD,identity,59.76401643675299,136859,92140,0.027162268729547,0.0155999634744401,2134.995401148407,1839,135020,0.0134371871780445,3.6525559831898646e-08,True,FEASIBLE,"selected calibrated PD ascending, then frozen base_order ascending"
1.57,0.0157,False,logit_T_plus_AD,identity,60.27930252970537,138039,90960,0.0274412220515147,0.0156999640427212,2167.2073364931957,1871,136168,0.0135541404965263,3.5957278769066514e-08,True,FEASIBLE,"selected calibrated PD ascending, then frozen base_order ascending"
1.58,0.0158,False,logit_T_plus_AD,identity,60.791095157620774,139211,89788,0.0277094055640702,0.0157999564187902,2199.5277330162135,1899,137312,0.0136411634138106,4.3581209724363745e-08,True,FEASIBLE,"selected calibrated PD ascending, then frozen base_order ascending"
1.59,0.0159,False,logit_T_plus_AD,identity,61.29983100362884,140376,88623,0.0279824859811826,0.0158999161557219,2231.966630275628,1927,138449,0.0137274177922151,8.384427802390905e-08,True,FEASIBLE,"selected calibrated PD ascending, then frozen base_order ascending"
1.6,0.016,False,logit_T_plus_AD,identity,61.80594675085917,141535,87464,0.0282557715293287,0.0159999565836963,2264.5538550734695,1960,139575,0.0138481647648991,4.341630360435445e-08,True,FEASIBLE,"selected calibrated PD ascending, then frozen base_order ascending"
1.61,0.0161,False,logit_T_plus_AD,identity,62.30856903305255,142686,86313,0.028541526533765,0.0160999676613396,2297.239985725904,1995,140691,0.0139817501366637,3.233866038843125e-08,True,FEASIBLE,"selected calibrated PD ascending, then frozen base_order ascending"
1.62,0.0162,False,logit_T_plus_AD,identity,62.80769785020895,143829,85170,0.0288268225791609,0.0161999644108441,2330.024681247304,2025,141804,0.0140792190726487,3.5589155841092575e-08,True,FEASIBLE,"selected calibrated PD ascending, then frozen base_order ascending"
1.63,0.0163,False,logit_T_plus_AD,identity,63.3033332023284,144964,84035,0.029107126717771,0.016299915600893,2362.900965167855,2061,142903,0.0142173229215529,8.439910698446186e-08,True,FEASIBLE,"selected calibrated PD ascending, then frozen base_order ascending"
1.64,0.0164,False,logit_T_plus_AD,identity,63.79634845567011,146093,82906,0.0293947665844096,0.0163999785169218,2395.9220614726605,2098,143995,0.0143607154346888,2.1483078174039383e-08,True,FEASIBLE,"selected calibrated PD ascending, then frozen base_order ascending"
1.65,0.0165,False,logit_T_plus_AD,identity,64.28587024397487,147214,81785,0.0296722519096979,0.0164999609790177,2429.025255565126,2126,145088,0.0144415612645536,3.902098220584515e-08,True,FEASIBLE,"selected calibrated PD ascending, then frozen base_order ascending"
1.66,0.0166,False,logit_T_plus_AD,identity,64.77233525037228,148328,80671,0.0299673094827289,0.0165999748530396,2462.241070001671,2162,146166,0.014575804972763,2.5146960312694144e-08,True,FEASIBLE,"selected calibrated PD ascending, then frozen base_order ascending"
1.67,0.0167,False,logit_T_plus_AD,identity,65.2548701086031,149433,79566,0.0302607563748164,0.0166999129454329,2495.5180911748807,2195,147238,0.0146888572136007,8.705456705851433e-08,True,FEASIBLE,"selected calibrated PD ascending, then frozen base_order ascending"
1.68,0.0168,False,logit_T_plus_AD,identity,65.7347848680562,150532,78467,0.030542388815884,0.01679995295653,2528.930518452386,2225,148307,0.0147809103712167,4.704346991818431e-08,True,FEASIBLE,"selected calibrated PD ascending, then frozen base_order ascending"
1.69,0.0169,False,logit_T_plus_AD,identity,66.21120616247232,151623,77376,0.0308440286387622,0.0168999336076617,2562.4186333944986,2257,149366,0.014885604426769,6.639233824171088e-08,True,FEASIBLE,"selected calibrated PD ascending, then frozen base_order ascending"
1.7,0.017,False,logit_T_plus_AD,identity,66.68457067498112,152707,76292,0.0311358207504497,0.0169999494655932,2596.011283042355,2298,150409,0.0150484260708415,5.0534406704355606e-08,True,FEASIBLE,"selected calibrated PD ascending, then frozen base_order ascending"
1.71,0.0171,False,logit_T_plus_AD,identity,67.15487840558255,153784,75215,0.0314233766230511,0.0170999600425924,2629.7002551900305,2328,151456,0.0151381157987827,3.995740759446531e-08,True,FEASIBLE,"selected calibrated PD ascending, then frozen base_order ascending"
1.72,0.0172,False,logit_T_plus_AD,identity,67.62212935427665,154854,74145,0.0317262941826656,0.0171999744229223,2663.4848392872104,2356,152498,0.0152143309181551,2.5577077695376763e-08,True,FEASIBLE,"selected calibrated PD ascending, then frozen base_order ascending"
1.73,0.0173,False,logit_T_plus_AD,identity,68.08588683793378,155916,73083,0.0320282452361544,0.0172999209692539,2697.3344778421924,2390,153526,0.0153287667718515,7.903074608975326e-08,True,FEASIBLE,"selected calibrated PD ascending, then frozen base_order ascending"
1.74,0.0174,False,logit_T_plus_AD,identity,68.54658753968359,156971,72028,0.0323338949783001,0.0173999295850668,2731.284346897535,2435,154536,0.0155124194914984,7.041493310655511e-08,True,FEASIBLE,"selected calibrated PD ascending, then frozen base_order ascending"
1.75,0.0175,True,logit_T_plus_AD,identity,69.00423145952603,158019,70980,0.0326319862898827,0.0174999544374486,2765.325300251199,2475,155544,0.0156626734759744,4.5562551346384206e-08,True,FEASIBLE,"selected calibrated PD ascending, then frozen base_order ascending"
1.76,0.0176,False,logit_T_plus_AD,identity,69.45881859746112,159060,69939,0.0329414450086875,0.0175999957205947,2799.455319317804,2510,156550,0.0157802087262668,4.279405232954225e-09,True,FEASIBLE,"selected calibrated PD ascending, then frozen base_order ascending"
1.77,0.0177,False,logit_T_plus_AD,identity,69.90947558722964,160092,68907,0.0332630937038921,0.0176999243189549,2833.616284070128,2547,157545,0.0159096019788621,7.568104509747543e-08,True,FEASIBLE,"selected calibrated PD ascending, then frozen base_order ascending"
1.78,0.0178,False,logit_T_plus_AD,identity,70.35707579509081,161117,67882,0.0335869555022447,0.0177999458414885,2867.873874143116,2590,158527,0.0160752744899669,5.415851141513107e-08,True,FEASIBLE,"selected calibrated PD ascending, then frozen base_order ascending"
1.79,0.0179,False,logit_T_plus_AD,identity,70.80118253791501,162134,66865,0.0338852874248268,0.0178999034082022,2902.182939185464,2624,159510,0.0161841439796711,9.659179774773596e-08,True,FEASIBLE,"selected calibrated PD ascending, then frozen base_order ascending"
1.8,0.018,False,logit_T_plus_AD,identity,71.24266918196149,163145,65854,0.0342114358926694,0.0179999692655111,2936.604985821812,2661,160484,0.016310643905728,3.0734488877526285e-08,True,FEASIBLE,"selected calibrated PD ascending, then frozen base_order ascending"
1.81,0.0181,False,logit_T_plus_AD,identity,71.68022567784139,164147,64852,0.0345396802308154,0.0180999292502133,2971.0490866347773,2713,161434,0.0165278683131583,7.074978661258946e-08,True,FEASIBLE,"selected calibrated PD ascending, then frozen base_order ascending"
1.82,0.0182,False,logit_T_plus_AD,identity,72.11472539181393,165142,63857,0.0348554156966258,0.0181999511219727,3005.5763281848213,2738,162404,0.0165796708287413,4.887802726796787e-08,True,FEASIBLE,"selected calibrated PD ascending, then frozen base_order ascending"
1.83,0.0183,False,logit_T_plus_AD,identity,72.54573164074952,166129,62870,0.0352022144679273,0.018299917798473,3040.1470439425298,2771,163358,0.0166798090640405,8.22015269463794e-08,True,FEASIBLE,"selected calibrated PD ascending, then frozen base_order ascending"
1.84,0.0184,False,logit_T_plus_AD,identity,72.97324442464814,167108,61891,0.0355457931852242,0.0183999337572016,3074.77613029845,2806,164302,0.0167915360126385,6.624279836817126e-08,True,FEASIBLE,"selected calibrated PD ascending, then frozen base_order ascending"
1.85,0.0185,False,logit_T_plus_AD,identity,73.3972637435098,168079,60920,0.0358910622020304,0.0184999818196192,3109.458444259782,2846,165233,0.0169325138774028,1.8180380759874604e-08,True,FEASIBLE,"selected calibrated PD ascending, then frozen base_order ascending"
1.86,0.0186,False,logit_T_plus_AD,identity,73.81691623107524,169040,59959,0.036253138501973,0.0185999073488716,3144.128338253258,2883,166157,0.0170551348793185,9.265112838399705e-08,True,FEASIBLE,"selected calibrated PD ascending, then frozen base_order ascending"
1.87,0.0187,False,logit_T_plus_AD,identity,74.23351193673335,169994,59005,0.0365953489293715,0.0186999499745656,3178.8792959763173,2919,167075,0.017171194277445,5.002543432622297e-08,True,FEASIBLE,"selected calibrated PD ascending, then frozen base_order ascending"
1.88,0.0188,False,logit_T_plus_AD,identity,74.64617749422487,170939,58060,0.0369631043718575,0.0187998994690533,3213.636015340502,2965,167974,0.0173453688157763,1.005309466992066e-07,True,FEASIBLE,"selected calibrated PD ascending, then frozen base_order ascending"
1.89,0.0189,False,logit_T_plus_AD,identity,75.05534958667941,171876,57123,0.0373346532670873,0.0188999143928323,3248.4416861824525,3011,168865,0.0175184435290558,8.560716765332321e-08,True,FEASIBLE,"selected calibrated PD ascending, then frozen base_order ascending"
1.9,0.019,False,logit_T_plus_AD,identity,75.46059153096738,172804,56195,0.0377008524631256,0.0189999262483934,3283.263255427375,3052,169752,0.0176616282030508,7.375160658920632e-08,True,FEASIBLE,"selected calibrated PD ascending, then frozen base_order ascending"
1.91,0.0191,False,logit_T_plus_AD,identity,75.86277669334801,173725,55274,0.0380566475757513,0.0190999883433366,3318.1454749461623,3097,170628,0.0178270254712908,1.1656663332498818e-08,True,FEASIBLE,"selected calibrated PD ascending, then frozen base_order ascending"
1.92,0.0192,False,logit_T_plus_AD,identity,76.26103170756204,174637,54362,0.0384232206619875,0.01919994130254,3353.020149251695,3135,171502,0.0179515223005434,5.869745990302878e-08,True,FEASIBLE,"selected calibrated PD ascending, then frozen base_order ascending"
1.93,0.0193,False,logit_T_plus_AD,identity,76.65622993986874,175542,53457,0.0388000337954941,0.0192999930725914,3387.9593839488425,3181,172361,0.0181210194711237,6.927408584267436e-09,True,FEASIBLE,"selected calibrated PD ascending, then frozen base_order ascending"
1.94,0.0194,False,logit_T_plus_AD,identity,77.04749802400883,176438,52561,0.039183175238115,0.0193999824905212,3422.8941106625875,3214,173224,0.0182160305603101,1.7509478755783903e-08,True,FEASIBLE,"selected calibrated PD ascending, then frozen base_order ascending"
1.95,0.0195,False,logit_T_plus_AD,identity,77.43483595998235,177325,51674,0.0395885490237127,0.0194999288132262,3457.824876805351,3256,174069,0.0183617651205413,7.118677371534265e-08,True,FEASIBLE,"selected calibrated PD ascending, then frozen base_order ascending"
1.96,0.0196,False,logit_T_plus_AD,identity,77.81868043091892,178204,50795,0.0399624348194474,0.0195999466389934,3492.788890855192,3296,174908,0.01849565666315,5.33610065300838e-08,True,FEASIBLE,"selected calibrated PD ascending, then frozen base_order ascending"
1.97,0.0197,False,logit_T_plus_AD,identity,78.1990314368185,179075,49924,0.0403590036603832,0.0196999406444015,3527.766870896214,3348,175727,0.0186960770626832,5.935559841199756e-08,True,FEASIBLE,"selected calibrated PD ascending, then frozen base_order ascending"
1.98,0.0198,False,logit_T_plus_AD,identity,78.57545229455151,179937,49062,0.0407779878995987,0.0197999363650837,3562.7411497240746,3381,176556,0.0187899098017639,6.363491625305251e-08,True,FEASIBLE,"selected calibrated PD ascending, then frozen base_order ascending"
1.99,0.0199,False,logit_T_plus_AD,identity,78.94837968724754,180791,48208,0.0411519301967369,0.0198999077821681,3597.724227845965,3407,177384,0.0188449646276639,9.221783183605005e-08,True,FEASIBLE,"selected calibrated PD ascending, then frozen base_order ascending"
2.0,0.02,True,logit_T_plus_AD,identity,79.31825029803623,181638,47361,0.0415499187726375,0.0199999248259877,3632.746345542768,3443,178195,0.0189552846871249,7.517401222345567e-08,True,FEASIBLE,"selected calibrated PD ascending, then frozen base_order ascending"
0.75,0.0075,True,lightgbm_T,identity,28.533749055672732,65342,163657,0.0116410746646268,0.0074999784489348,490.06359181030115,425,64917,0.006504239233571,2.1551065146861725e-08,True,FEASIBLE,"selected calibrated PD ascending, then frozen base_order ascending"
0.76,0.0076,False,lightgbm_T,identity,29.221524984825265,66917,162082,0.0118530707157144,0.0075999727043563,508.56737345741067,438,66479,0.0065454219406129,2.7295643697557163e-08,True,FEASIBLE,"selected calibrated PD ascending, then frozen base_order ascending"
0.77,0.0077,False,lightgbm_T,identity,29.90799086458893,68489,160510,0.0120623829060234,0.0076999728745164,527.3634422027549,460,68029,0.006716407014265,2.7125483583259613e-08,True,FEASIBLE,"selected calibrated PD ascending, then frozen base_order ascending"
0.78,0.0078,False,lightgbm_T,identity,30.59271001183411,70057,158942,0.0122756461251326,0.0077999487783256,546.441011563159,480,69577,0.0068515637266797,5.122167436467234e-08,True,FEASIBLE,"selected calibrated PD ascending, then frozen base_order ascending"
0.79,0.0079,False,lightgbm_T,identity,31.275682426560813,71621,157378,0.01248788566839,0.0078999798648932,565.804457903518,498,71123,0.0069532678962874,2.0135106771138056e-08,True,FEASIBLE,"selected calibrated PD ascending, then frozen base_order ascending"
0.8,0.008,False,lightgbm_T,identity,31.956034742509793,73179,155820,0.0127076002162551,0.0079999632291781,585.4293091480308,519,72660,0.0070921985815602,3.67708218092927e-08,True,FEASIBLE,"selected calibrated PD ascending, then frozen base_order ascending"
0.81,0.0081,False,lightgbm_T,identity,32.633330276551426,74730,154269,0.0129258077578958,0.0080999565801644,605.309755235691,544,74186,0.0072795396761675,4.3419835527372386e-08,True,FEASIBLE,"selected calibrated PD ascending, then frozen base_order ascending"
0.82,0.0082,False,lightgbm_T,identity,33.308442394944954,76276,152723,0.0131491752429527,0.0081999993629538,625.4631514086667,556,75720,0.0072893177408359,6.37046165818944e-10,True,FEASIBLE,"selected calibrated PD ascending, then frozen base_order ascending"
0.83,0.0083,False,lightgbm_T,identity,33.9796243651719,77813,151186,0.013376361769845,0.0082999960262132,645.8475907877302,574,77239,0.007376659427088,3.9737867683908865e-09,True,FEASIBLE,"selected calibrated PD ascending, then frozen base_order ascending"
0.84,0.0084,False,lightgbm_T,identity,34.64687618723226,79341,149658,0.0136025077760691,0.0083999353474773,666.4592704042013,592,78749,0.0074614638081193,6.4652522637626e-08,True,FEASIBLE,"selected calibrated PD ascending, then frozen base_order ascending"
0.85,0.0085,False,lightgbm_T,identity,35.31107122738527,80862,148137,0.013835061377107,0.0084999812005881,687.3254798419558,605,80257,0.0074818827137592,1.8799411890049744e-08,True,FEASIBLE,"selected calibrated PD ascending, then frozen base_order ascending"
0.86,0.0086,False,lightgbm_T,identity,35.97046275311246,82372,146627,0.0140700507624353,0.0085999791412605,708.3974818239154,619,81753,0.0075146894575826,2.0858739433610163e-08,True,FEASIBLE,"selected calibrated PD ascending, then frozen base_order ascending"
0.87,0.0087,False,lightgbm_T,identity,36.62592413067306,83873,145126,0.0143059766922185,0.0086999812178181,729.6935246820578,648,83225,0.0077259666400391,1.8782181894841377e-08,True,FEASIBLE,"selected calibrated PD ascending, then frozen base_order ascending"
0.88,0.0088,False,lightgbm_T,identity,37.27701867693745,85364,143635,0.0145456041298619,0.0087999994587042,751.2031537928282,666,84698,0.007801883698046,5.41295766889882e-10,True,FEASIBLE,"selected calibrated PD ascending, then frozen base_order ascending"
0.89,0.0089,False,lightgbm_T,identity,37.92374639190564,86845,142154,0.0147778018248084,0.0088999491562272,772.9160844725513,685,86160,0.0078876158673498,5.0843772797862237e-08,True,FEASIBLE,"selected calibrated PD ascending, then frozen base_order ascending"
0.9,0.009,False,lightgbm_T,identity,38.567854008096106,88320,140679,0.0150111243964001,0.0089999801019174,794.8782426013497,701,87619,0.0079370471014492,1.989808254276859e-08,True,FEASIBLE,"selected calibrated PD ascending, then frozen base_order ascending"
0.91,0.0091,False,lightgbm_T,identity,39.20715810986074,89784,139215,0.0152518013854426,0.0090999518176237,817.0300739935286,720,89064,0.008019246190858,4.81823762745609e-08,True,FEASIBLE,"selected calibrated PD ascending, then frozen base_order ascending"
0.92,0.0092,False,lightgbm_T,identity,39.84253206345879,91239,137760,0.0154928060229269,0.009199949631701,839.3942044467763,746,90493,0.0081763281053058,5.03682989049653e-08,True,FEASIBLE,"selected calibrated PD ascending, then frozen base_order ascending"
0.93,0.0093,False,lightgbm_T,identity,40.473102502631015,92683,136316,0.0157356334736525,0.0092999516895544,861.9474224429739,765,91918,0.0082539408521519,4.8310445562374515e-08,True,FEASIBLE,"selected calibrated PD ascending, then frozen base_order ascending"
0.94,0.0094,False,lightgbm_T,identity,41.10017947676627,94119,134880,0.0159761182891792,0.0093999493869115,884.7138363467293,785,93334,0.0083405051052391,5.0613088439094296e-08,True,FEASIBLE,"selected calibrated PD ascending, then frozen base_order ascending"
0.95,0.0095,False,lightgbm_T,identity,41.72332630273495,95546,133453,0.0162114784556751,0.0094999861505748,907.6856767428204,809,94737,0.0084671257823456,1.3849425193473984e-08,True,FEASIBLE,"selected calibrated PD ascending, then frozen base_order ascending"
0.96,0.0096,False,lightgbm_T,identity,42.34254298053703,96964,132035,0.0164575873671274,0.0095999400128204,930.848583403126,833,96131,0.0085908172105111,5.998717951018195e-08,True,FEASIBLE,"selected calibrated PD ascending, then frozen base_order ascending"
0.97,0.0097,False,lightgbm_T,identity,42.95826619330215,98374,130625,0.0167023091396659,0.0096999373791794,954.2216397394031,849,97525,0.0086303291520117,6.262082050990937e-08,True,FEASIBLE,"selected calibrated PD ascending, then frozen base_order ascending"
0.98,0.0098,False,lightgbm_T,identity,43.56962257477107,99774,129225,0.0169524634983807,0.0097999503472126,977.7802459427996,873,98901,0.0087497744903481,4.9652787303608454e-08,True,FEASIBLE,"selected calibrated PD ascending, then frozen base_order ascending"
0.99,0.0099,False,lightgbm_T,identity,44.17661212494378,101164,127835,0.0172070090620055,0.0098999568546645,1001.5192352452837,901,100263,0.0089063303151318,4.3145335458863454e-08,True,FEASIBLE,"selected calibrated PD ascending, then frozen base_order ascending"
1.0,0.01,True,lightgbm_T,identity,44.778798160690656,102543,126456,0.0174620140003476,0.0099999792963886,1025.427876989586,930,101613,0.009069366022059,2.0703611302783087e-08,True,FEASIBLE,"selected calibrated PD ascending, then frozen base_order ascending"
1.01,0.0101,False,lightgbm_T,identity,45.376617365141335,103912,125087,0.0177159189096892,0.0100999688364995,1049.5079617383403,948,102964,0.0091231041650627,3.1163500458994415e-08,True,FEASIBLE,"selected calibrated PD ascending, then frozen base_order ascending"
1.02,0.0102,False,lightgbm_T,identity,45.97050642142542,105272,123727,0.017964051334285,0.0101999536696362,1073.769522709944,971,104301,0.0092237252070826,4.6330363781543766e-08,True,FEASIBLE,"selected calibrated PD ascending, then frozen base_order ascending"
1.03,0.0103,False,lightgbm_T,identity,46.56046532954292,106623,122376,0.0182218311348786,0.0102999718115997,1098.2138944682,987,105636,0.0092569145493936,2.8188400252870952e-08,True,FEASIBLE,"selected calibrated PD ascending, then frozen base_order ascending"
1.04,0.0104,False,lightgbm_T,identity,47.1456207232346,107963,121036,0.0184914091289276,0.0103999761758108,1122.8126278690615,1014,106949,0.0093921065550234,2.3824189197829693e-08,True,FEASIBLE,"selected calibrated PD ascending, then frozen base_order ascending"
1.05,0.0105,False,lightgbm_T,identity,47.725099236241206,109290,119709,0.0187694503840694,0.0104999304666607,1147.5374007013568,1045,108245,0.0095617165339921,6.953333922012085e-08,True,FEASIBLE,"selected calibrated PD ascending, then frozen base_order ascending"
1.06,0.0106,False,lightgbm_T,identity,48.29977423482199,110606,118393,0.0190459884946474,0.0105999409518928,1172.417068925056,1071,109535,0.0096830190043939,5.9048107192011257e-08,True,FEASIBLE,"selected calibrated PD ascending, then frozen base_order ascending"
1.07,0.0107,False,lightgbm_T,identity,48.86920903584732,111910,117089,0.0193206741485659,0.0106999667782001,1197.4332821483738,1091,110819,0.0097489053703869,3.322179989440066e-08,True,FEASIBLE,"selected calibrated PD ascending, then frozen base_order ascending"
1.08,0.0108,False,lightgbm_T,identity,49.433403639317206,113202,115797,0.0195972011337011,0.0107999614896044,1222.5772405462008,1121,112081,0.0099026518966096,3.851039557037361e-08,True,FEASIBLE,"selected calibrated PD ascending, then frozen base_order ascending"
1.09,0.0109,False,lightgbm_T,identity,49.99323141149088,114484,114515,0.0198712373607104,0.0108999785199676,1247.873140879979,1147,113337,0.0100188672652947,2.1480032327478304e-08,True,FEASIBLE,"selected calibrated PD ascending, then frozen base_order ascending"
1.1,0.011,False,lightgbm_T,identity,50.54825566923873,115755,113244,0.0201504775753282,0.010999986638795,1273.3034533737175,1180,114575,0.0101939441060861,1.3361204979217556e-08,True,FEASIBLE,"selected calibrated PD ascending, then frozen base_order ascending"
1.11,0.0111,False,lightgbm_T,identity,51.098039729431136,117014,111985,0.0204372265180013,0.0110999778532004,1298.852808514394,1201,115813,0.0102637291264293,2.2146799580000095e-08,True,FEASIBLE,"selected calibrated PD ascending, then frozen base_order ascending"
1.12,0.0112,False,lightgbm_T,identity,51.643020275197706,118262,110737,0.0207151868982903,0.0111999731743097,1324.5312275402207,1223,117039,0.0103414452655967,2.6825690240331324e-08,True,FEASIBLE,"selected calibrated PD ascending, then frozen base_order ascending"
1.13,0.0113,False,lightgbm_T,identity,52.183633989668074,119500,109499,0.0209862599683225,0.0112999754280137,1350.3470636476466,1251,118249,0.0104686192468619,2.4571986220051082e-08,True,FEASIBLE,"selected calibrated PD ascending, then frozen base_order ascending"
1.14,0.0114,False,lightgbm_T,identity,52.71988087284224,120728,108271,0.0212731919699104,0.0113999594747936,1376.2943074728853,1268,119460,0.010502948777417,4.0525206371211375e-08,True,FEASIBLE,"selected calibrated PD ascending, then frozen base_order ascending"
1.15,0.0115,False,lightgbm_T,identity,53.251324241590574,121945,107054,0.021560425757701,0.0114999202689931,1402.357777202374,1288,120657,0.0105621386690721,7.97310068141599e-08,True,FEASIBLE,"selected calibrated PD ascending, then frozen base_order ascending"
1.16,0.0116,False,lightgbm_T,identity,53.778400779042705,123152,105847,0.0218558330612056,0.0115999201375522,1428.553364779837,1311,121841,0.0106453813173963,7.986244772960338e-08,True,FEASIBLE,"selected calibrated PD ascending, then frozen base_order ascending"
1.17,0.0117,False,lightgbm_T,identity,54.30067380206901,124348,104651,0.0221417961968449,0.011699925623868,1454.862351476745,1342,123006,0.0107922925981921,7.437613194424819e-08,True,FEASIBLE,"selected calibrated PD ascending, then frozen base_order ascending"
1.18,0.0118,False,lightgbm_T,identity,54.81901667692872,125535,103464,0.022427722451338,0.0117999933045474,1481.31215948637,1371,124164,0.0109212570199545,6.695452504923427e-09,True,FEASIBLE,"selected calibrated PD ascending, then frozen base_order ascending"
1.19,0.0119,False,lightgbm_T,identity,55.33255603736261,126711,102288,0.0227133745256109,0.0118999983855046,1507.8606954256747,1406,125305,0.0110961163592742,1.6144953898095114e-09,True,FEASIBLE,"selected calibrated PD ascending, then frozen base_order ascending"
1.2,0.012,False,lightgbm_T,identity,55.841728566500294,127877,101122,0.0230140408156265,0.0119999525397629,1534.5179309272637,1436,126441,0.011229540886946,4.74602370754279e-08,True,FEASIBLE,"selected calibrated PD ascending, then frozen base_order ascending"
1.21,0.0121,False,lightgbm_T,identity,56.34609758121214,129032,99967,0.0233215349781276,0.0120999227420315,1561.2772312498164,1463,127569,0.0113382726765453,7.72579684393815e-08,True,FEASIBLE,"selected calibrated PD ascending, then frozen base_order ascending"
1.22,0.0122,False,lightgbm_T,identity,56.846536447757416,130178,98821,0.0236117506987049,0.0121999576108069,1588.1660818596251,1491,128687,0.011453548218593,4.238919306537303e-08,True,FEASIBLE,"selected calibrated PD ascending, then frozen base_order ascending"
1.23,0.0123,False,lightgbm_T,identity,57.34260848300648,131314,97685,0.0239193968541017,0.0122999991407643,1615.1620871703346,1526,129788,0.011621000045692,8.592356132153255e-10,True,FEASIBLE,"selected calibrated PD ascending, then frozen base_order ascending"
1.24,0.0124,False,lightgbm_T,identity,57.83344032070009,132438,96561,0.0242282952130747,0.0123999300637861,1642.2219377877118,1561,130877,0.011786647336867,6.993621383746819e-08,True,FEASIBLE,"selected calibrated PD ascending, then frozen base_order ascending"
1.25,0.0125,True,lightgbm_T,identity,58.32034201022712,133553,95446,0.0245383739887662,0.0124999954742779,1669.4118955762383,1593,131960,0.0119278488689883,4.525722087020401e-09,True,FEASIBLE,"selected calibrated PD ascending, then frozen base_order ascending"
1.26,0.0126,False,lightgbm_T,identity,58.8020035021987,134656,94343,0.0248690539009164,0.0125999851370401,1696.663598613276,1619,133037,0.0120232295627376,1.4862959868064409e-08,True,FEASIBLE,"selected calibrated PD ascending, then frozen base_order ascending"
1.27,0.0127,False,lightgbm_T,identity,59.27886147974445,135748,93251,0.0251742767941599,0.0126999598059456,1723.9941437375162,1646,134102,0.0121254088458025,4.0194054305373046e-08,True,FEASIBLE,"selected calibrated PD ascending, then frozen base_order ascending"
1.28,0.0128,False,lightgbm_T,identity,59.75178930912362,136831,92168,0.025479342424602,0.0127999198200708,1751.4258289001148,1671,135160,0.0122121449086829,8.017992914922946e-08,True,FEASIBLE,"selected calibrated PD ascending, then frozen base_order ascending"
1.29,0.0129,False,lightgbm_T,identity,60.22122367346582,137906,91093,0.0257948788214254,0.0128999861499145,1778.9854899901218,1711,136195,0.0124070018708395,1.385008540841226e-08,True,FEASIBLE,"selected calibrated PD ascending, then frozen base_order ascending"
1.3,0.013,False,lightgbm_T,identity,60.68629120651182,138971,90028,0.026089984620297,0.0129999296974018,1806.613229977628,1740,137231,0.0125205978225672,7.03025981804717e-08,True,FEASIBLE,"selected calibrated PD ascending, then frozen base_order ascending"
1.31,0.0131,False,lightgbm_T,identity,61.14830195765047,140029,88970,0.0263969459675691,0.013099977088628,1834.3766917434928,1770,138259,0.0126402388076755,2.2911371981917953e-08,True,FEASIBLE,"selected calibrated PD ascending, then frozen base_order ascending"
1.32,0.0132,False,lightgbm_T,identity,61.606382560622535,141078,87921,0.0266932043104568,0.0131999597219138,1862.2239176481569,1794,139284,0.0127163696678433,4.027808618925488e-08,True,FEASIBLE,"selected calibrated PD ascending, then frozen base_order ascending"
1.33,0.0133,False,lightgbm_T,identity,62.060969698557635,142119,86880,0.0269957703350625,0.0132999181274134,1890.1710643498725,1830,140289,0.0128765330462499,8.187258654888951e-08,True,FEASIBLE,"selected calibrated PD ascending, then frozen base_order ascending"
1.34,0.0134,False,lightgbm_T,identity,62.51293673771501,143154,85845,0.0272929407687896,0.0133999817271682,1918.2609841710496,1857,141297,0.012972044092376,1.8272831707813464e-08,True,FEASIBLE,"selected calibrated PD ascending, then frozen base_order ascending"
1.35,0.0135,False,lightgbm_T,identity,62.9609736287058,144180,84819,0.0276010707055275,0.0134999735336323,1946.4261840791075,1892,142288,0.0131224857816618,2.6466367682512204e-08,True,FEASIBLE,"selected calibrated PD ascending, then frozen base_order ascending"
1.36,0.0136,False,lightgbm_T,identity,63.405517054659626,145198,83801,0.0279108443574003,0.0135999201418933,1974.681204762637,1918,143280,0.0132095483408862,7.985810660492143e-08,True,FEASIBLE,"selected calibrated PD ascending, then frozen base_order ascending"
1.37,0.0137,False,lightgbm_T,identity,63.84700369870611,146209,82790,0.0282273192890249,0.0136999828097727,2003.0607866340688,1945,144264,0.0133028746520392,1.719022721911878e-08,True,FEASIBLE,"selected calibrated PD ascending, then frozen base_order ascending"
1.38,0.0138,False,lightgbm_T,identity,64.284560194586,147211,81788,0.02854926003112,0.0137999424992331,2031.5033352546088,1969,145242,0.0133753591783222,5.7500766866697146e-08,True,FEASIBLE,"selected calibrated PD ascending, then frozen base_order ascending"
1.39,0.0139,False,lightgbm_T,identity,64.71905990855855,148206,80793,0.0288500419129594,0.0138999753606312,2060.0597482977173,2002,146204,0.0135082250381226,2.4639368734549752e-08,True,FEASIBLE,"selected calibrated PD ascending, then frozen base_order ascending"
1.4,0.014,False,lightgbm_T,identity,65.15050284062376,149194,79805,0.0291632780039137,0.0139999935619329,2088.715039479026,2026,147168,0.0135796345697548,6.4380670395519646e-09,True,FEASIBLE,"selected calibrated PD ascending, then frozen base_order ascending"
1.41,0.0141,False,lightgbm_T,identity,65.578452307652,150174,78825,0.0294651862083699,0.0140999213415975,2117.4415875530685,2046,148128,0.013624195932718,7.865840246333577e-08,True,FEASIBLE,"selected calibrated PD ascending, then frozen base_order ascending"
1.42,0.0142,False,lightgbm_T,identity,66.0033449927729,151147,77852,0.0297982920606967,0.0141998986879612,2146.2720869892846,2069,149078,0.0136886607077877,1.0131203871319161e-07,True,FEASIBLE,"selected calibrated PD ascending, then frozen base_order ascending"
1.43,0.0143,False,lightgbm_T,identity,66.42518089598644,152113,76886,0.0301273278729864,0.0142999754315472,2175.2121628189448,2103,150010,0.0138252483351192,2.4568452763537585e-08,True,FEASIBLE,"selected calibrated PD ascending, then frozen base_order ascending"
1.44,0.0144,False,lightgbm_T,identity,66.84352333416304,153071,75928,0.0304415463611618,0.0143999705149955,2204.217886700886,2141,150930,0.013986973365301,2.9485004434531836e-08,True,FEASIBLE,"selected calibrated PD ascending, then frozen base_order ascending"
1.45,0.0145,False,lightgbm_T,identity,67.25837230730265,154021,74978,0.0307851381755814,0.0144999531508711,2233.297284250323,2173,151848,0.0141084657286993,4.6849128864517864e-08,True,FEASIBLE,"selected calibrated PD ascending, then frozen base_order ascending"
1.46,0.0146,False,lightgbm_T,identity,67.66972781540531,154963,74036,0.0310989623127112,0.0145999045969544,2262.445016057853,2206,152757,0.0142356562534282,9.540304554515877e-08,True,FEASIBLE,"selected calibrated PD ascending, then frozen base_order ascending"
1.47,0.0147,False,lightgbm_T,identity,68.07846322473024,155899,73100,0.0314336056905078,0.0146999764656462,2291.7116310177867,2232,153667,0.0143169616225889,2.3534353736642813e-08,True,FEASIBLE,"selected calibrated PD ascending, then frozen base_order ascending"
1.48,0.0148,False,lightgbm_T,identity,68.48370516901821,156827,72172,0.0317567512440538,0.0147999673734012,2321.0344832683927,2261,154566,0.0144171603104057,3.262659878378038e-08,True,FEASIBLE,"selected calibrated PD ascending, then frozen base_order ascending"
1.49,0.0149,False,lightgbm_T,identity,68.88589033139883,157748,71251,0.0321012877990251,0.0148999467769341,2350.4368041678154,2298,155450,0.0145675380987397,5.322306580526903e-08,True,FEASIBLE,"selected calibrated PD ascending, then frozen base_order ascending"
1.5,0.015,True,lightgbm_T,identity,69.28458202874248,158661,70338,0.032447126566026,0.0149999115374226,2379.9009644390094,2323,156338,0.0146412792053497,8.846257738490126e-08,True,FEASIBLE,"selected calibrated PD ascending, then frozen base_order ascending"
1.51,0.0151,False,lightgbm_T,identity,69.6802169441788,159567,69432,0.0327903706297225,0.015099955580962,2409.454612187371,2351,157216,0.0147336228668835,4.4419037953033487e-08,True,FEASIBLE,"selected calibrated PD ascending, then frozen base_order ascending"
1.52,0.0152,False,lightgbm_T,identity,70.07235839457815,160465,68534,0.0331454894418569,0.0151999450056029,2439.0591753240824,2374,158091,0.0147945034742778,5.4994397018920393e-08,True,FEASIBLE,"selected calibrated PD ascending, then frozen base_order ascending"
1.53,0.0153,False,lightgbm_T,identity,70.46144306307015,161356,67643,0.033481934560743,0.0152999741099403,2468.7426224835367,2406,158950,0.0149111281886016,2.5890059639557816e-08,True,FEASIBLE,"selected calibrated PD ascending, then frozen base_order ascending"
1.54,0.0154,False,lightgbm_T,identity,70.8474709496548,162240,66759,0.0338319545718244,0.0153999854842201,2498.493644959884,2440,159800,0.0150394477317554,1.4515779807322549e-08,True,FEASIBLE,"selected calibrated PD ascending, then frozen base_order ascending"
1.55,0.0155,False,lightgbm_T,identity,71.2300053712025,163116,65883,0.034188362413376,0.0154999461354345,2528.289213827541,2466,160650,0.0151180754800264,5.3864565455544195e-08,True,FEASIBLE,"selected calibrated PD ascending, then frozen base_order ascending"
1.56,0.0156,False,lightgbm_T,identity,71.60948301084284,163985,65014,0.0345480922611655,0.0155999552825825,2558.158667014307,2502,161483,0.0152574930633899,4.4717417404388504e-08,True,FEASIBLE,"selected calibrated PD ascending, then frozen base_order ascending"
1.57,0.0157,False,lightgbm_T,identity,71.98590386857585,164847,64152,0.0349029312818219,0.0156999721104871,2588.0933024974815,2530,162317,0.0153475647115203,2.7889512810297393e-08,True,FEASIBLE,"selected calibrated PD ascending, then frozen base_order ascending"
1.58,0.0158,False,lightgbm_T,identity,72.35883126127189,165701,63298,0.0352951012326363,0.0157999358233504,2618.065165864988,2563,163138,0.0154676193867266,6.41766495813878e-08,True,FEASIBLE,"selected calibrated PD ascending, then frozen base_order ascending"
1.59,0.0159,False,lightgbm_T,identity,72.72870187206058,166548,62451,0.0356420542029753,0.0158999858719066,2648.1108469943056,2596,163952,0.0155870980137858,1.4128093368814822e-08,True,FEASIBLE,"selected calibrated PD ascending, then frozen base_order ascending"
1.6,0.016,False,lightgbm_T,identity,73.09507901781231,167387,61612,0.0360209377514838,0.0159999047790219,2678.176061246146,2619,164768,0.0156463763613661,9.522097805733655e-08,True,FEASIBLE,"selected calibrated PD ascending, then frozen base_order ascending"
1.61,0.0161,False,lightgbm_T,identity,73.45883606478631,168220,60779,0.0363894815251726,0.016099918370335,2708.328268257756,2655,165565,0.0157829033408631,8.162966498581614e-08,True,FEASIBLE,"selected calibrated PD ascending, then frozen base_order ascending"
1.62,0.0162,False,lightgbm_T,identity,73.81909964672334,169045,59954,0.036779229612688,0.0161998785526668,2738.5084699355643,2685,166360,0.0158833446715371,1.214473331692667e-07,True,FEASIBLE,"selected calibrated PD ascending, then frozen base_order ascending"
1.63,0.0163,False,lightgbm_T,identity,74.17630644675305,169863,59136,0.0371680761611398,0.0162999269848821,2768.754497433039,2712,167151,0.015965807739178,7.301511783380787e-08,True,FEASIBLE,"selected calibrated PD ascending, then frozen base_order ascending"
1.64,0.0164,False,lightgbm_T,identity,74.53001978174578,170673,58326,0.0375523116856363,0.016399881405956,2799.016959198741,2743,167930,0.0160716692154002,1.1859404392897123e-07,True,FEASIBLE,"selected calibrated PD ascending, then frozen base_order ascending"
1.65,0.0165,False,lightgbm_T,identity,74.88111301796077,171477,57522,0.0379312810204822,0.0164999567269388,2829.36307966529,2767,168710,0.0161362748356922,4.327306116908014e-08,True,FEASIBLE,"selected calibrated PD ascending, then frozen base_order ascending"
1.66,0.0166,False,lightgbm_T,identity,75.22871278913881,172273,56726,0.0383163991682842,0.0165998835389224,2859.7117369007783,2804,169469,0.0162764913828632,1.1646107760110437e-07,True,FEASIBLE,"selected calibrated PD ascending, then frozen base_order ascending"
1.67,0.0167,False,lightgbm_T,identity,75.57369246153914,173063,55936,0.0387171609175582,0.0166999507532974,2890.143577217914,2836,170227,0.0163870960286138,4.9246702566591034e-08,True,FEASIBLE,"selected calibrated PD ascending, then frozen base_order ascending"
1.68,0.0168,False,lightgbm_T,identity,75.91517866890248,173845,55154,0.0391200136409561,0.0167999212205259,2920.5823045823417,2876,170969,0.0165434726336679,7.877947400328211e-08,True,FEASIBLE,"selected calibrated PD ascending, then frozen base_order ascending"
1.69,0.0169,False,lightgbm_T,identity,76.2540447774881,174621,54378,0.0395067726214421,0.0168999640066545,2951.088614806031,2903,171718,0.0166245755092457,3.599334541179444e-08,True,FEASIBLE,"selected calibrated PD ascending, then frozen base_order ascending"
1.7,0.017,False,lightgbm_T,identity,76.58985410416639,175390,53609,0.0398950569511065,0.0169999180133825,2981.61562036717,2930,172460,0.016705627458806,8.19866174256445e-08,True,FEASIBLE,"selected calibrated PD ascending, then frozen base_order ascending"
1.71,0.0171,False,lightgbm_T,identity,76.92304333206695,176153,52846,0.0403021452891394,0.0170999190488138,3012.202040205698,2958,173195,0.0167922203993119,8.09511861987744e-08,True,FEASIBLE,"selected calibrated PD ascending, then frozen base_order ascending"
1.72,0.0172,False,lightgbm_T,identity,77.25273909493055,176908,52091,0.0407438507055556,0.017199890521783,3042.7982324275913,2983,173925,0.0168618717073281,1.0947821697457338e-07,True,FEASIBLE,"selected calibrated PD ascending, then frozen base_order ascending"
1.73,0.0173,False,lightgbm_T,identity,77.5793780758868,177656,51343,0.0411624897091478,0.017299879841719,3073.4274531604315,3024,174632,0.0170216598369883,1.2015828099523618e-07,True,FEASIBLE,"selected calibrated PD ascending, then frozen base_order ascending"
1.74,0.0174,False,lightgbm_T,identity,77.9029602749357,178397,50602,0.0415998417271518,0.0173998783116899,3104.0860911705545,3052,175345,0.0171079110074721,1.2168831003619984e-07,True,FEASIBLE,"selected calibrated PD ascending, then frozen base_order ascending"
1.75,0.0175,True,lightgbm_T,identity,78.22392237520688,179132,49867,0.0419767114244751,0.0174999378421403,3134.798865538293,3080,176052,0.0171940245182323,6.21578596093908e-08,True,FEASIBLE,"selected calibrated PD ascending, then frozen base_order ascending"
1.76,0.0176,False,lightgbm_T,identity,78.54182769357071,179860,49139,0.0424069096434058,0.0175998736309645,3165.5132712652894,3105,176755,0.0172634271099744,1.2636903541987654e-07,True,FEASIBLE,"selected calibrated PD ascending, then frozen base_order ascending"
1.77,0.0177,False,lightgbm_T,identity,78.85711291315683,180582,48417,0.0428310812705213,0.0176999074005358,3196.2846782035735,3142,177440,0.0173992978259184,9.25994641035044e-08,True,FEASIBLE,"selected calibrated PD ascending, then frozen base_order ascending"
1.78,0.0178,False,lightgbm_T,identity,79.1693413508356,181297,47702,0.0432555122506321,0.0177998805109859,3227.0649370002275,3175,178122,0.0175127001549942,1.194890140061855e-07,True,FEASIBLE,"selected calibrated PD ascending, then frozen base_order ascending"
1.79,0.0179,False,lightgbm_T,identity,79.47894968973664,182006,46993,0.0436818890767935,0.0178998956447631,3257.8884067207578,3199,178807,0.0175763436370229,1.0435523687193916e-07,True,FEASIBLE,"selected calibrated PD ascending, then frozen base_order ascending"
1.8,0.018,False,lightgbm_T,identity,79.78593792985995,182709,46290,0.0441175366484574,0.0179999364004509,3288.750379789999,3226,179483,0.0176564920173609,6.359954901266618e-08,True,FEASIBLE,"selected calibrated PD ascending, then frozen base_order ascending"
1.81,0.0181,False,lightgbm_T,identity,80.08986938807593,183405,45594,0.0445780190618616,0.018099946993475,3319.620778338284,3258,180147,0.0177639649955017,5.30065249922107e-08,True,FEASIBLE,"selected calibrated PD ascending, then frozen base_order ascending"
1.82,0.0182,False,lightgbm_T,identity,80.39118074751418,184095,44904,0.0450055315095751,0.0181999756427274,3350.524515947906,3299,180796,0.0179200956028137,2.4357272573882763e-08,True,FEASIBLE,"selected calibrated PD ascending, then frozen base_order ascending"
1.83,0.0183,False,lightgbm_T,identity,80.68943532504508,184778,44221,0.045434172783163,0.0182998576139038,3381.411090181928,3332,181446,0.0180324497505114,1.423860961358159e-07,True,FEASIBLE,"selected calibrated PD ascending, then frozen base_order ascending"
1.84,0.0184,False,lightgbm_T,identity,80.98594317005751,185457,43542,0.0458694777804157,0.0183999724618076,3412.403692849464,3360,182097,0.0181174072696096,2.753819233758392e-08,True,FEASIBLE,"selected calibrated PD ascending, then frozen base_order ascending"
1.85,0.0185,False,lightgbm_T,identity,81.27939423316259,186129,42870,0.0463147577111444,0.0184999410915281,3443.3755354250493,3390,182739,0.0182131747336524,5.8908471815832815e-08,True,FEASIBLE,"selected calibrated PD ascending, then frozen base_order ascending"
1.86,0.0186,False,lightgbm_T,identity,81.57022519748995,186795,42204,0.046773566585414,0.0185999506664705,3474.377784743359,3436,183359,0.0183944966407023,4.933352948724434e-08,True,FEASIBLE,"selected calibrated PD ascending, then frozen base_order ascending"
1.87,0.0187,False,lightgbm_T,identity,81.85843606303958,187455,41544,0.0472317247531658,0.0186999610385896,3505.40119648882,3465,183990,0.0184844362647035,3.8961410365329074e-08,True,FEASIBLE,"selected calibrated PD ascending, then frozen base_order ascending"
1.88,0.0188,False,lightgbm_T,identity,82.14402682981148,188109,40890,0.0476573673788193,0.0187999064905595,3536.431610032657,3489,184620,0.0185477568856354,9.350944049982268e-08,True,FEASIBLE,"selected calibrated PD ascending, then frozen base_order ascending"
1.89,0.0189,False,lightgbm_T,identity,82.4274341809353,188758,40241,0.0480863957261575,0.0188998838129127,3567.5042687577857,3525,185233,0.0186747051780586,1.1618708724639437e-07,True,FEASIBLE,"selected calibrated PD ascending, then frozen base_order ascending"
1.9,0.019,False,lightgbm_T,identity,82.70865811641099,189402,39597,0.048544276419905,0.0189999002555203,3598.6191081960637,3559,185843,0.0187907202669454,9.974447965840905e-08,True,FEASIBLE,"selected calibrated PD ascending, then frozen base_order ascending"
1.91,0.0191,False,lightgbm_T,identity,82.98726195310897,190040,38959,0.0490062388523794,0.0190998789790901,3629.7410011862985,3588,186452,0.0188802357398442,1.210209098143067e-07,True,FEASIBLE,"selected calibrated PD ascending, then frozen base_order ascending"
1.92,0.0192,False,lightgbm_T,identity,83.26368237415883,190673,38326,0.0495132563486868,0.0191999979803102,3660.921214899702,3610,187063,0.0189329375422844,2.0196897175528412e-09,True,FEASIBLE,"selected calibrated PD ascending, then frozen base_order ascending"
1.93,0.0193,False,lightgbm_T,identity,83.53660933017174,191298,37701,0.0500003441377822,0.0192998590856522,3692.0244433671023,3642,187656,0.019038359000094,1.4091434775986844e-07,True,FEASIBLE,"selected calibrated PD ascending, then frozen base_order ascending"
1.94,0.0194,False,lightgbm_T,identity,83.80735287053655,191918,37081,0.0505206092402993,0.0193998909829997,3723.188277675352,3671,188247,0.0191279608999676,1.09017000218814e-07,True,FEASIBLE,"selected calibrated PD ascending, then frozen base_order ascending"
1.95,0.0195,False,lightgbm_T,identity,84.07547631212364,192532,36467,0.0510430764128968,0.0194999932626654,3754.3727028474977,3702,188830,0.0192279724928843,6.737334586059962e-09,True,FEASIBLE,"selected calibrated PD ascending, then frozen base_order ascending"
1.96,0.0196,False,lightgbm_T,identity,84.34010628867375,193138,35861,0.0515866699498429,0.0195998374583408,3785.473407029036,3738,189400,0.0193540370098064,1.625416591460871e-07,True,FEASIBLE,"selected calibrated PD ascending, then frozen base_order ascending"
1.97,0.0197,False,lightgbm_T,identity,84.60255284957576,193739,35260,0.052151249655184,0.0196999099506206,3816.6408539232975,3769,189970,0.0194540077114055,9.00493793316859e-08,True,FEASIBLE,"selected calibrated PD ascending, then frozen base_order ascending"
1.98,0.0198,False,lightgbm_T,identity,84.86194262857043,194333,34666,0.0526862066879332,0.0197999259899736,3847.779017409549,3804,190529,0.019574647640905,7.401002635742948e-08,True,FEASIBLE,"selected calibrated PD ascending, then frozen base_order ascending"
1.99,0.0199,False,lightgbm_T,identity,85.11871230878738,194921,34078,0.0531983174766843,0.0198998711025029,3878.902775170978,3838,191083,0.0196900282678623,1.2889749704397826e-07,True,FEASIBLE,"selected calibrated PD ascending, then frozen base_order ascending"
2.0,0.02,True,lightgbm_T,identity,85.37286189022659,195503,33496,0.0537651442187049,0.0199998308472652,3910.0269301328926,3878,191625,0.0198360127466074,1.6915273477746687e-07,True,FEASIBLE,"selected calibrated PD ascending, then frozen base_order ascending"
0.75,0.0075,True,lightgbm_T_plus_AD,identity,38.03248049118118,87094,141905,0.0135852400254148,0.0074999710171282,653.2024757657655,557,86537,0.0063953888901646,2.8982871776161992e-08,True,FEASIBLE,"selected calibrated PD ascending, then frozen base_order ascending"
0.76,0.0076,False,lightgbm_T_plus_AD,identity,38.65519063402024,88520,140479,0.0138286853596129,0.0075999824650843,672.7504478092633,577,87943,0.006518300948938,1.7534915687858477e-08,True,FEASIBLE,"selected calibrated PD ascending, then frozen base_order ascending"
0.77,0.0077,False,lightgbm_T_plus_AD,identity,39.27309726243346,89935,139064,0.0140766718287596,0.0076999770157838,692.4974329145211,599,89336,0.0066603658197587,2.298421614404383e-08,True,FEASIBLE,"selected calibrated PD ascending, then frozen base_order ascending"
0.78,0.0078,False,lightgbm_T_plus_AD,identity,39.8870737426801,91341,137658,0.0143167599674852,0.0077999295364744,712.453363791115,623,90718,0.006820595351485,7.046352552570606e-08,True,FEASIBLE,"selected calibrated PD ascending, then frozen base_order ascending"
0.79,0.0079,False,lightgbm_T_plus_AD,identity,40.497556757889775,92739,136260,0.0145537583737592,0.0078999555107752,732.6339741137883,642,92097,0.0069226538996538,4.44892247243589e-08,True,FEASIBLE,"selected calibrated PD ascending, then frozen base_order ascending"
0.8,0.008,False,lightgbm_T_plus_AD,identity,41.10367294180324,94127,134872,0.0148038969278241,0.0079999753976521,753.013684254808,662,93465,0.0070330510905478,2.46023478065599e-08,True,FEASIBLE,"selected calibrated PD ascending, then frozen base_order ascending"
0.81,0.0081,False,lightgbm_T_plus_AD,identity,41.70585897755012,95506,133493,0.0150491560720445,0.0080999886940336,773.5975202123778,684,94822,0.0071618537055263,1.1305966348892917e-08,True,FEASIBLE,"selected calibrated PD ascending, then frozen base_order ascending"
0.82,0.0082,False,lightgbm_T_plus_AD,identity,42.303678182000795,96875,132124,0.0152928139230282,0.0081999322928909,794.3684408738135,701,96174,0.007236129032258,6.770710902354038e-08,True,FEASIBLE,"selected calibrated PD ascending, then frozen base_order ascending"
0.83,0.0083,False,lightgbm_T_plus_AD,identity,42.89800392141451,98236,130763,0.0155451997073117,0.0082999814735421,815.3569800348852,720,97516,0.007329288651818,1.852645786434848e-08,True,FEASIBLE,"selected calibrated PD ascending, then frozen base_order ascending"
0.84,0.0084,False,lightgbm_T_plus_AD,identity,43.48796282953201,99587,129412,0.0157974783546034,0.0083999994921255,836.5307494223091,743,98844,0.0074608131583439,5.078744300113236e-10,True,FEASIBLE,"selected calibrated PD ascending, then frozen base_order ascending"
0.85,0.0085,False,lightgbm_T_plus_AD,identity,44.07311822322368,100927,128072,0.0160563015893052,0.0084999460974418,857.8740597765171,764,100163,0.0075698276972465,5.3902558114909966e-08,True,FEASIBLE,"selected calibrated PD ascending, then frozen base_order ascending"
0.86,0.0086,False,lightgbm_T_plus_AD,identity,44.65390678561915,102257,126742,0.0163184980163056,0.008599943656302,879.4044384624735,784,101473,0.0076669567853545,5.634369800062988e-08,True,FEASIBLE,"selected calibrated PD ascending, then frozen base_order ascending"
0.87,0.0087,False,lightgbm_T_plus_AD,identity,45.229891833588795,103576,125423,0.0165898689718324,0.0086999775180525,901.108871409814,805,102771,0.0077720707499806,2.2481947418301343e-08,True,FEASIBLE,"selected calibrated PD ascending, then frozen base_order ascending"
0.88,0.0088,False,lightgbm_T_plus_AD,identity,45.80151005026223,104885,124114,0.0168442637516384,0.008799989547089,922.986903646432,833,104052,0.0079420317490584,1.0452910977759576e-08,True,FEASIBLE,"selected calibrated PD ascending, then frozen base_order ascending"
0.89,0.0089,False,lightgbm_T_plus_AD,identity,46.368761435639456,106184,122815,0.0171017694752042,0.0088999646826999,945.0338498678163,857,105327,0.0080708958035108,3.5317300004639174e-08,True,FEASIBLE,"selected calibrated PD ascending, then frozen base_order ascending"
0.9,0.009,False,lightgbm_T_plus_AD,identity,46.93164598972048,107473,121526,0.0173733567145084,0.0089999370609463,967.250235751092,875,106598,0.0081415797456105,6.29390536025648e-08,True,FEASIBLE,"selected calibrated PD ascending, then frozen base_order ascending"
0.91,0.0091,False,lightgbm_T_plus_AD,identity,47.48972702937567,108751,120248,0.017647138858069,0.0090999380285435,989.6273605421446,897,107854,0.0082482000165515,6.19714564040197e-08,True,FEASIBLE,"selected calibrated PD ascending, then frozen base_order ascending"
0.92,0.0092,False,lightgbm_T_plus_AD,identity,48.04344123773466,110019,118980,0.0179042134321718,0.0091999275385619,1012.166827865052,922,109097,0.008380370663249,7.246143800439253e-08,True,FEASIBLE,"selected calibrated PD ascending, then frozen base_order ascending"
0.93,0.0093,False,lightgbm_T_plus_AD,identity,48.59322529792706,111278,117721,0.0181719522662896,0.0092999335095641,1034.8780010772834,943,110335,0.0084742716439907,6.649043581344327e-08,True,FEASIBLE,"selected calibrated PD ascending, then frozen base_order ascending"
0.94,0.0094,False,lightgbm_T_plus_AD,identity,49.13907920995288,112528,116471,0.0184342846339533,0.0093999652379475,1057.7592882957642,970,111558,0.00862007678089,3.4762052429290764e-08,True,FEASIBLE,"selected calibrated PD ascending, then frozen base_order ascending"
0.95,0.0095,False,lightgbm_T_plus_AD,identity,49.681439656941734,113770,115229,0.0186889425563981,0.009499929401634,1080.8069680239034,995,112775,0.008745715039114,7.059836597093917e-08,True,FEASIBLE,"selected calibrated PD ascending, then frozen base_order ascending"
0.96,0.0096,False,lightgbm_T_plus_AD,identity,50.22030663889362,115004,113995,0.0189524540380118,0.0095999422036168,1104.0317531847522,1021,113983,0.0088779520712323,5.7796383149885666e-08,True,FEASIBLE,"selected calibrated PD ascending, then frozen base_order ascending"
0.97,0.0097,False,lightgbm_T_plus_AD,identity,50.75524347267892,116229,112770,0.0192231426068096,0.0096999600973779,1127.416662158139,1041,115188,0.0089564566502335,3.9902622074594614e-08,True,FEASIBLE,"selected calibrated PD ascending, then frozen base_order ascending"
0.98,0.0098,False,lightgbm_T_plus_AD,identity,51.28581347516801,117444,111555,0.0195094401207651,0.009799955127522,1150.9459299966998,1065,116379,0.0090681516297128,4.487247794865423e-08,True,FEASIBLE,"selected calibrated PD ascending, then frozen base_order ascending"
0.99,0.0099,False,lightgbm_T_plus_AD,identity,51.81245332949052,118650,110349,0.0197717265234439,0.0098999964765709,1174.63458194514,1088,117562,0.0091698272229245,3.523429079749229e-09,True,FEASIBLE,"selected calibrated PD ascending, then frozen base_order ascending"
1.0,0.01,True,lightgbm_T_plus_AD,identity,52.334726352516824,119846,109153,0.0200640659133704,0.0099999631869796,1198.4555881067663,1110,118736,0.0092618860871451,3.6813020323073216e-08,True,FEASIBLE,"selected calibrated PD ascending, then frozen base_order ascending"
1.01,0.0101,False,lightgbm_T_plus_AD,identity,52.85263254424691,121032,107967,0.0203428406363625,0.0100999501591387,1222.4171676608798,1132,119900,0.0093528984070328,4.984086126105791e-08,True,FEASIBLE,"selected calibrated PD ascending, then frozen base_order ascending"
1.02,0.0102,False,lightgbm_T_plus_AD,identity,53.366608587810425,122209,106790,0.0206236722698906,0.010199978840376,1246.529214103513,1151,121058,0.0094182916151838,2.115962398178961e-08,True,FEASIBLE,"selected calibrated PD ascending, then frozen base_order ascending"
1.03,0.0103,False,lightgbm_T_plus_AD,identity,53.87578111694811,123375,105624,0.0209296453131297,0.0102999308764881,1270.7539718867222,1183,122192,0.0095886524822695,6.912351187791933e-08,True,FEASIBLE,"selected calibrated PD ascending, then frozen base_order ascending"
1.04,0.0104,False,lightgbm_T_plus_AD,identity,54.38058681478958,124531,104468,0.0212210524737709,0.0103999589848907,1295.1172923474348,1210,123321,0.0097164561434502,4.1015109209993634e-08,True,FEASIBLE,"selected calibrated PD ascending, then frozen base_order ascending"
1.05,0.0105,False,lightgbm_T_plus_AD,identity,54.881025681334854,125677,103322,0.021503397970978,0.0104999367242981,1319.6005476996138,1232,124445,0.0098029074532332,6.327570188820186e-08,True,FEASIBLE,"selected calibrated PD ascending, then frozen base_order ascending"
1.06,0.0106,False,lightgbm_T_plus_AD,identity,55.37753439971354,126814,102185,0.0218008864947016,0.0105999658625669,1344.224070895563,1252,125562,0.0098727269859794,3.4137433067849e-08,True,FEASIBLE,"selected calibrated PD ascending, then frozen base_order ascending"
1.07,0.0107,False,lightgbm_T_plus_AD,identity,55.869676286796015,127941,101058,0.0220969154419289,0.0106999175650889,1368.9581531950396,1272,126669,0.0099420826787347,8.243491109519163e-08,True,FEASIBLE,"selected calibrated PD ascending, then frozen base_order ascending"
1.08,0.0108,False,lightgbm_T_plus_AD,identity,56.3578880257119,129059,99940,0.0223922209403318,0.0107999126388077,1393.8259252518878,1298,127761,0.0100574156006167,8.736119226290807e-08,True,FEASIBLE,"selected calibrated PD ascending, then frozen base_order ascending"
1.09,0.0109,False,lightgbm_T_plus_AD,identity,56.84260629959083,130169,98830,0.0226790118684431,0.010899989144426,1418.8406869407977,1331,128838,0.0102251688189968,1.08555739258831e-08,True,FEASIBLE,"selected calibrated PD ascending, then frozen base_order ascending"
1.1,0.011,False,lightgbm_T_plus_AD,identity,57.32339442530317,131270,97729,0.0229675177884331,0.0109999738127565,1443.9665624005563,1359,129911,0.0103527081587567,2.6187243417144512e-08,True,FEASIBLE,"selected calibrated PD ascending, then frozen base_order ascending"
1.11,0.0111,False,lightgbm_T_plus_AD,identity,57.80025240284892,132362,96637,0.0232700707695163,0.0110999905822695,1469.2169534503682,1383,130979,0.0104486181834665,9.41773040455396e-09,True,FEASIBLE,"selected calibrated PD ascending, then frozen base_order ascending"
1.12,0.0112,False,lightgbm_T_plus_AD,identity,58.273180232228086,133445,95554,0.0235685889823938,0.0111999549898693,1494.577993623109,1410,132035,0.0105661508486642,4.501013069722892e-08,True,FEASIBLE,"selected calibrated PD ascending, then frozen base_order ascending"
1.13,0.0113,False,lightgbm_T_plus_AD,identity,58.74217791344067,134519,94480,0.0238833213858967,0.0112999540252501,1520.0585155226215,1440,133079,0.0107048074993123,4.597474987516614e-08,True,FEASIBLE,"selected calibrated PD ascending, then frozen base_order ascending"
1.14,0.0114,False,lightgbm_T_plus_AD,identity,59.206808763357046,135583,93416,0.0241921939030362,0.0113999119849914,1545.6342666610951,1474,134109,0.0108715694445468,8.801500855568078e-08,True,FEASIBLE,"selected calibrated PD ascending, then frozen base_order ascending"
1.15,0.0115,False,lightgbm_T_plus_AD,identity,59.66794614823645,136639,92360,0.0245030404125376,0.0114999743613249,1571.344996757073,1496,135143,0.01094855787879,2.5638675099637354e-08,True,FEASIBLE,"selected calibrated PD ascending, then frozen base_order ascending"
1.16,0.0116,False,lightgbm_T_plus_AD,identity,60.12515338494928,137686,91313,0.0248109908069034,0.0115999921313641,1597.1565165989985,1523,136163,0.011061400578127,7.868635892166465e-09,True,FEASIBLE,"selected calibrated PD ascending, then frozen base_order ascending"
1.17,0.0117,False,lightgbm_T_plus_AD,identity,60.57843047349552,138724,90275,0.0251146885073219,0.011699997222425,1623.0704146836974,1557,137167,0.0112237248060897,2.777574916595915e-09,True,FEASIBLE,"selected calibrated PD ascending, then frozen base_order ascending"
1.18,0.0118,False,lightgbm_T_plus_AD,identity,61.02777741387517,139753,89246,0.0254242874111323,0.0117999168760335,1649.0737831763192,1582,138171,0.0113199716642934,8.312396643228581e-08,True,FEASIBLE,"selected calibrated PD ascending, then frozen base_order ascending"
1.19,0.0119,False,lightgbm_T_plus_AD,identity,61.47406757234748,140775,88224,0.0257424983741374,0.0118999781472718,1675.2194236821888,1610,139165,0.0114366897531521,2.1852728192967022e-08,True,FEASIBLE,"selected calibrated PD ascending, then frozen base_order ascending"
1.2,0.012,False,lightgbm_T_plus_AD,identity,61.91599089952358,141787,87212,0.0260642810233486,0.0119999377845359,1701.4351786560003,1637,140150,0.0115454872449519,6.221546403756273e-08,True,FEASIBLE,"selected calibrated PD ascending, then frozen base_order ascending"
1.21,0.0121,False,lightgbm_T_plus_AD,identity,62.35442076166272,142791,86208,0.0263892555551124,0.0120999705038795,1727.766888219459,1666,141125,0.0116674020071293,2.9496120492258915e-08,True,FEASIBLE,"selected calibrated PD ascending, then frozen base_order ascending"
1.22,0.0122,False,lightgbm_T_plus_AD,identity,62.788920475635265,143786,85213,0.0267074073630696,0.0121999052282353,1754.1755731470537,1684,142102,0.0117118495541986,9.477176461311633e-08,True,FEASIBLE,"selected calibrated PD ascending, then frozen base_order ascending"
1.23,0.0123,False,lightgbm_T_plus_AD,identity,63.21992672457085,144773,84226,0.0270329305315514,0.0122999243388516,1780.6969463085738,1711,143062,0.0118185020687559,7.566114832227577e-08,True,FEASIBLE,"selected calibrated PD ascending, then frozen base_order ascending"
1.24,0.0124,False,lightgbm_T_plus_AD,identity,63.64700282533985,145751,83248,0.027371530354133,0.0123999526019186,1807.3054916822412,1744,144007,0.0119656125858484,4.7398081376437424e-08,True,FEASIBLE,"selected calibrated PD ascending, then frozen base_order ascending"
1.25,0.0125,True,lightgbm_T_plus_AD,identity,64.07058546107189,146721,82278,0.0276730467091424,0.0124999125641319,1833.999671322002,1770,144951,0.0120637127609544,8.743586806317373e-08,True,FEASIBLE,"selected calibrated PD ascending, then frozen base_order ascending"
1.26,0.0126,False,lightgbm_T_plus_AD,identity,64.49111131489657,147684,81315,0.0280000710613252,0.0125999324817601,1860.8084286362612,1798,145886,0.0121746431570109,6.751823988272733e-08,True,FEASIBLE,"selected calibrated PD ascending, then frozen base_order ascending"
1.27,0.0127,False,lightgbm_T_plus_AD,identity,64.90814370368429,148639,80360,0.0283350470384378,0.0126999559739693,1887.7087560148232,1826,146813,0.0122847973950309,4.4026030696087126e-08,True,FEASIBLE,"selected calibrated PD ascending, then frozen base_order ascending"
1.28,0.0128,False,lightgbm_T_plus_AD,identity,65.32124594430543,149585,79414,0.0286729563389491,0.01279990405786,1914.6736484949945,1849,147736,0.0123608650599993,9.59421399601007e-08,True,FEASIBLE,"selected calibrated PD ascending, then frozen base_order ascending"
1.29,0.0129,False,lightgbm_T_plus_AD,identity,65.73129140301923,150524,78475,0.0290024127419913,0.0128999342550927,1941.7497038135768,1870,148654,0.0124232680502776,6.574490727870308e-08,True,FEASIBLE,"selected calibrated PD ascending, then frozen base_order ascending"
1.3,0.013,False,lightgbm_T_plus_AD,identity,66.13740671356643,151454,77545,0.0293575723531704,0.012999913335931,1968.8888743800949,1898,149556,0.0125318578578314,8.666406899060508e-08,True,FEASIBLE,"selected calibrated PD ascending, then frozen base_order ascending"
1.31,0.0131,False,lightgbm_T_plus_AD,identity,66.5404652422063,152377,76622,0.0296808569013146,0.0130999664080236,1996.133581355421,1927,150450,0.0126462655125117,3.3591976341187935e-08,True,FEASIBLE,"selected calibrated PD ascending, then frozen base_order ascending"
1.32,0.0132,False,lightgbm_T_plus_AD,identity,66.9400303058092,153292,75707,0.0300189820626586,0.0131999369158611,2023.444729706182,1952,151340,0.01273386739034,6.308413888489461e-08,True,FEASIBLE,"selected calibrated PD ascending, then frozen base_order ascending"
1.33,0.0133,False,lightgbm_T_plus_AD,identity,67.33610190437513,154199,74800,0.0303726136128832,0.0132999078501179,2050.832490580339,1979,152220,0.0128340650717579,9.21498820426886e-08,True,FEASIBLE,"selected calibrated PD ascending, then frozen base_order ascending"
1.34,0.0134,False,lightgbm_T_plus_AD,identity,67.72911672103372,155099,73900,0.0307051409958166,0.0133999078324212,2078.3123049007045,2011,153088,0.0129659120948555,9.216757874443149e-08,True,FEASIBLE,"selected calibrated PD ascending, then frozen base_order ascending"
1.35,0.0135,False,lightgbm_T_plus_AD,identity,68.11907475578496,155992,73007,0.0310645465305641,0.013499956107082,2105.885153055938,2038,153954,0.0130647725524385,4.3892917979057595e-08,True,FEASIBLE,"selected calibrated PD ascending, then frozen base_order ascending"
1.36,0.0136,False,lightgbm_T_plus_AD,identity,68.50510264236962,156876,72123,0.0314086572774684,0.0135999002899915,2133.497957892717,2077,154799,0.0132397562405976,9.97100084339231e-08,True,FEASIBLE,"selected calibrated PD ascending, then frozen base_order ascending"
1.37,0.0137,False,lightgbm_T_plus_AD,identity,68.88807374704693,157753,71246,0.0317841690336184,0.0136999397496299,2161.206595323368,2103,155650,0.0133309667644989,6.025037008715317e-08,True,FEASIBLE,"selected calibrated PD ascending, then frozen base_order ascending"
1.38,0.0138,False,lightgbm_T_plus_AD,identity,69.26711470355765,158621,70378,0.0321542038951655,0.0137999124468121,2188.955912225785,2134,156487,0.0134534519388983,8.755318788022938e-08,True,FEASIBLE,"selected calibrated PD ascending, then frozen base_order ascending"
1.39,0.0139,False,lightgbm_T_plus_AD,identity,69.64309887816104,159482,69517,0.032505365785373,0.0138999353254525,2216.7894855738273,2156,157326,0.013518767008189,6.46745474258692e-08,True,FEASIBLE,"selected calibrated PD ascending, then frozen base_order ascending"
1.4,0.014,False,lightgbm_T_plus_AD,identity,70.01602627085708,160336,68663,0.0328504748098043,0.0139999333182564,2244.6933085159662,2183,158153,0.0136151581678475,6.668174355045632e-08,True,FEASIBLE,"selected calibrated PD ascending, then frozen base_order ascending"
1.41,0.0141,False,lightgbm_T_plus_AD,identity,70.38589688164578,161183,67816,0.0332142426509211,0.0140999296632008,2272.668962903696,2210,158973,0.013711123381498,7.033679919055126e-08,True,FEASIBLE,"selected calibrated PD ascending, then frozen base_order ascending"
1.42,0.0142,False,lightgbm_T_plus_AD,identity,70.7522740273975,162022,66977,0.0336017932673142,0.0141999356911514,2300.701980551738,2235,159787,0.0137944229795953,6.430884856405139e-08,True,FEASIBLE,"selected calibrated PD ascending, then frozen base_order ascending"
1.43,0.0143,False,lightgbm_T_plus_AD,identity,71.11515770811226,162853,66146,0.0339995774388732,0.0142999471455753,2328.7892924983794,2263,160590,0.0138959675289985,5.2854424668555284e-08,True,FEASIBLE,"selected calibrated PD ascending, then frozen base_order ascending"
1.44,0.0144,False,lightgbm_T_plus_AD,identity,71.47454792379006,163676,65323,0.0343857700353546,0.0143999710615554,2356.9296634711513,2289,161387,0.0139849458686673,2.8938444539966524e-08,True,FEASIBLE,"selected calibrated PD ascending, then frozen base_order ascending"
1.45,0.0145,False,lightgbm_T_plus_AD,identity,71.8304446744309,164491,64508,0.0347647035686066,0.0144999268955356,2385.107474973553,2311,162180,0.0140494008790754,7.310446436051278e-08,True,FEASIBLE,"selected calibrated PD ascending, then frozen base_order ascending"
1.46,0.0146,False,lightgbm_T_plus_AD,identity,72.18328464316438,165299,63700,0.0351502875116378,0.0145999248389571,2413.3529759547846,2343,162956,0.0141743144241646,7.516104280971826e-08,True,FEASIBLE,"selected calibrated PD ascending, then frozen base_order ascending"
1.47,0.0147,False,lightgbm_T_plus_AD,identity,72.53306782999053,166100,62899,0.0355403943588425,0.0146999993427049,2441.669890823292,2374,163726,0.0142925948223961,6.572950499855733e-10,True,FEASIBLE,"selected calibrated PD ascending, then frozen base_order ascending"
1.48,0.0148,False,lightgbm_T_plus_AD,identity,72.8793575517797,166893,62106,0.0359095425403339,0.0147999248254572,2470.003853895042,2404,164489,0.0144044387721474,7.517454271924184e-08,True,FEASIBLE,"selected calibrated PD ascending, then frozen base_order ascending"
1.49,0.0149,False,lightgbm_T_plus_AD,identity,73.22302717479116,167680,61319,0.0363259818798658,0.014899974461277,2498.4277176669407,2428,165252,0.014479961832061,2.5538722921158996e-08,True,FEASIBLE,"selected calibrated PD ascending, then frozen base_order ascending"
1.5,0.015,True,lightgbm_T_plus_AD,identity,73.56320333276564,168459,60540,0.0367052464710276,0.0149999108048147,2526.8699742682934,2460,165999,0.0146029597706266,8.919518521693925e-08,True,FEASIBLE,"selected calibrated PD ascending, then frozen base_order ascending"
1.51,0.0151,False,lightgbm_T_plus_AD,identity,73.90075939196241,169232,59767,0.0370995064080665,0.0150999355948957,2555.392300595393,2489,166743,0.0147076203082159,6.440510427752066e-08,True,FEASIBLE,"selected calibrated PD ascending, then frozen base_order ascending"
1.52,0.0152,False,lightgbm_T_plus_AD,identity,74.23525866925183,169998,59001,0.0374872494284309,0.0151999245127732,2583.9567673224215,2514,167484,0.0147884092754032,7.548722678191179e-08,True,FEASIBLE,"selected calibrated PD ascending, then frozen base_order ascending"
1.53,0.0153,False,lightgbm_T_plus_AD,identity,74.56670116463391,170757,58242,0.0378935564001778,0.0152999032483573,2612.5655789797515,2548,168209,0.0149217894434781,9.675164267496097e-08,True,FEASIBLE,"selected calibrated PD ascending, then frozen base_order ascending"
1.54,0.0154,False,lightgbm_T_plus_AD,identity,74.89552356123826,171510,57489,0.0382872413048796,0.0153999449167198,2641.244552666618,2574,168936,0.0150078712611509,5.508328017149455e-08,True,FEASIBLE,"selected calibrated PD ascending, then frozen base_order ascending"
1.55,0.0155,False,lightgbm_T_plus_AD,identity,75.22128917593527,172256,56743,0.0387035072717992,0.0154999932016427,2669.9668289421807,2615,169641,0.0151808935537804,6.798357208778749e-09,True,FEASIBLE,"selected calibrated PD ascending, then frozen base_order ascending"
1.56,0.0156,False,lightgbm_T_plus_AD,identity,75.54399800872493,172995,56004,0.0390976839494624,0.0155999350161328,2698.7107581159107,2649,170346,0.0153125812884765,6.498386710164505e-08,True,FEASIBLE,"selected calibrated PD ascending, then frozen base_order ascending"
1.57,0.0157,False,lightgbm_T_plus_AD,identity,75.86408674273687,173728,55271,0.0395202216342671,0.015699948015402,2727.5205688197657,2681,171047,0.0154321698286977,5.1984597959631174e-08,True,FEASIBLE,"selected calibrated PD ascending, then frozen base_order ascending"
1.58,0.0158,False,lightgbm_T_plus_AD,identity,76.18111869484146,174454,54545,0.0399179900359654,0.0157998880822804,2756.3536755061555,2715,171739,0.0155628417806413,1.119177195398058e-07,True,FEASIBLE,"selected calibrated PD ascending, then frozen base_order ascending"
1.59,0.0159,False,lightgbm_T_plus_AD,identity,76.49596723129795,175175,53824,0.0403025714759434,0.0158999776362569,2785.2785824313182,2748,172427,0.0156871699728842,2.2363743010234142e-08,True,FEASIBLE,"selected calibrated PD ascending, then frozen base_order ascending"
1.6,0.016,False,lightgbm_T_plus_AD,identity,76.8077589858471,175889,53110,0.0407260440134278,0.0159998910284471,2814.2048331025394,2781,173108,0.0158111081420668,1.089715528576618e-07,True,FEASIBLE,"selected calibrated PD ascending, then frozen base_order ascending"
1.61,0.0161,False,lightgbm_T_plus_AD,identity,77.11736732474814,176598,52401,0.041146025543128,0.0160999894648065,2843.2259395059054,2816,173782,0.0159458204509677,1.0535193460670111e-08,True,FEASIBLE,"selected calibrated PD ascending, then frozen base_order ascending"
1.62,0.0162,False,lightgbm_T_plus_AD,identity,77.42391888174184,177300,51699,0.0415647501119388,0.0161999927156648,2872.2587084873753,2843,174457,0.0160349689791314,7.284335162838218e-09,True,FEASIBLE,"selected calibrated PD ascending, then frozen base_order ascending"
1.63,0.0163,False,lightgbm_T_plus_AD,identity,77.72785033995781,177996,51003,0.0419795807486209,0.0162999862620993,2901.33235470863,2867,175129,0.0161071035304164,1.373790068162628e-08,True,FEASIBLE,"selected calibrated PD ascending, then frozen base_order ascending"
1.64,0.0164,False,lightgbm_T_plus_AD,identity,78.02916169939607,178686,50313,0.0423995125773564,0.0163999715089323,2930.4453090450784,2893,175793,0.0161904122315122,2.8491067692593134e-08,True,FEASIBLE,"selected calibrated PD ascending, then frozen base_order ascending"
1.65,0.0165,False,lightgbm_T_plus_AD,identity,78.32785296005659,179370,49629,0.042818190491476,0.0164999333858301,2959.593051416348,2923,176447,0.0162959246250766,6.66141698850431e-08,True,FEASIBLE,"selected calibrated PD ascending, then frozen base_order ascending"
1.66,0.0166,False,lightgbm_T_plus_AD,identity,78.62436080506902,180049,48950,0.0432255375618491,0.0165999552673291,2988.8053459273387,2948,177101,0.0163733205960599,4.473267089036282e-08,True,FEASIBLE,"selected calibrated PD ascending, then frozen base_order ascending"
1.67,0.0167,False,lightgbm_T_plus_AD,identity,78.91824855130372,180722,48277,0.0436696029016466,0.0166999402526967,3018.046602347863,2977,177745,0.0164728145992186,5.974730324376233e-08,True,FEASIBLE,"selected calibrated PD ascending, then frozen base_order ascending"
1.68,0.0168,False,lightgbm_T_plus_AD,identity,79.2095161987607,181389,47610,0.0441036714078601,0.0167999003476639,3047.3171241624095,3000,178389,0.0165390404048757,9.965233608438817e-08,True,FEASIBLE,"selected calibrated PD ascending, then frozen base_order ascending"
1.69,0.0169,False,lightgbm_T_plus_AD,identity,79.49816374743995,182050,46949,0.0445596886433504,0.0168998821004932,3076.623536394803,3032,179018,0.0166547651744026,1.1789950670956785e-07,True,FEASIBLE,"selected calibrated PD ascending, then frozen base_order ascending"
1.7,0.017,False,lightgbm_T_plus_AD,identity,79.78462788047109,182706,46293,0.0450013779741774,0.0169999918015624,3106.0005020962776,3071,179635,0.0168084244633454,8.198437505269052e-09,True,FEASIBLE,"selected calibrated PD ascending, then frozen base_order ascending"
1.71,0.0171,False,lightgbm_T_plus_AD,identity,80.06803523159489,183355,45644,0.0454378525339756,0.0170998949235809,3135.351233713189,3103,180252,0.0169234545008317,1.0507641903106937e-07,True,FEASIBLE,"selected calibrated PD ascending, then frozen base_order ascending"
1.72,0.0172,False,lightgbm_T_plus_AD,identity,80.3492591670706,183999,45000,0.0459320627125344,0.0171999648001956,3164.7763232711977,3134,180865,0.0170327012646807,3.5199804359481446e-08,True,FEASIBLE,"selected calibrated PD ascending, then frozen base_order ascending"
1.73,0.0173,False,lightgbm_T_plus_AD,identity,80.62742632063896,184636,44363,0.0464190054823733,0.0172999393380433,3194.1915996189705,3159,181477,0.0171093394570939,6.066195665579976e-08,True,FEASIBLE,"selected calibrated PD ascending, then frozen base_order ascending"
1.74,0.0174,False,lightgbm_T_plus_AD,identity,80.90297337542958,185267,43732,0.0468854221918677,0.0173999036734338,3223.6279538660665,3189,182078,0.017212995298677,9.632656616451185e-08,True,FEASIBLE,"selected calibrated PD ascending, then frozen base_order ascending"
1.75,0.0175,True,lightgbm_T_plus_AD,identity,81.17590033144249,185892,43107,0.0473769739612046,0.0174999008967629,3253.091577501065,3208,182684,0.017257332214404,9.910323701609049e-08,True,FEASIBLE,"selected calibrated PD ascending, then frozen base_order ascending"
1.76,0.0176,False,lightgbm_T_plus_AD,identity,81.44620718867768,186511,42488,0.0478613678481973,0.0175998774987821,3282.570752175353,3242,183269,0.0173823527834819,1.2250121787446558e-07,True,FEASIBLE,"selected calibrated PD ascending, then frozen base_order ascending"
1.77,0.0177,False,lightgbm_T_plus_AD,identity,81.71433063026475,187125,41874,0.0483559132659407,0.0176999808425599,3312.1089151640213,3277,183848,0.0175123580494321,1.9157440099559775e-08,True,FEASIBLE,"selected calibrated PD ascending, then frozen base_order ascending"
1.78,0.0178,False,lightgbm_T_plus_AD,identity,81.9793972899445,187732,41267,0.0488341562001478,0.017799910192755,3341.612740306289,3308,184424,0.0176208637845439,8.980724496010507e-08,True,FEASIBLE,"selected calibrated PD ascending, then frozen base_order ascending"
1.79,0.0179,False,lightgbm_T_plus_AD,identity,82.24228053397613,188334,40665,0.0493242566449984,0.0178999213185161,3371.163781601427,3343,184991,0.0177503796446738,7.868148381440233e-08,True,FEASIBLE,"selected calibrated PD ascending, then frozen base_order ascending"
1.8,0.018,False,lightgbm_T_plus_AD,identity,82.50254367923004,188930,40069,0.0498336252834221,0.0179998851117912,3400.718294170715,3375,185555,0.0178637590642036,1.1488820877980645e-07,True,FEASIBLE,"selected calibrated PD ascending, then frozen base_order ascending"
1.81,0.0181,False,lightgbm_T_plus_AD,identity,82.76062340883584,189521,39478,0.0503302987481721,0.0180998811373667,3430.307573034877,3413,186108,0.0180085584183283,1.1886263328805825e-07,True,FEASIBLE,"selected calibrated PD ascending, then frozen base_order ascending"
1.82,0.0182,False,lightgbm_T_plus_AD,identity,83.01651972279355,190107,38892,0.0508046129703427,0.0181999516948776,3459.938216858111,3445,186662,0.0181213737526761,4.8305122322261924e-08,True,FEASIBLE,"selected calibrated PD ascending, then frozen base_order ascending"
1.83,0.0183,False,lightgbm_T_plus_AD,identity,83.27023262110315,190688,38311,0.0512693542385858,0.0182999992562844,3489.590258182377,3476,187212,0.0182287296526262,7.437155093159563e-10,True,FEASIBLE,"selected calibrated PD ascending, then frozen base_order ascending"
1.84,0.0184,False,lightgbm_T_plus_AD,identity,83.52132542063502,191263,37736,0.0517948597194204,0.0183999057599007,3519.2211753558986,3511,187752,0.0183569221438542,9.424009924166589e-08,True,FEASIBLE,"selected calibrated PD ascending, then frozen base_order ascending"
1.85,0.0185,False,lightgbm_T_plus_AD,identity,83.7702348045188,191833,37166,0.0523252614202949,0.0184998979561269,3548.8909246176927,3543,188290,0.018469189346984,1.0204387309448173e-07,True,FEASIBLE,"selected calibrated PD ascending, then frozen base_order ascending"
1.86,0.0186,False,lightgbm_T_plus_AD,identity,84.01696077275447,192398,36601,0.0528161725218554,0.0185999269270676,3578.588740913965,3571,188827,0.0185604839967151,7.30729323335233e-08,True,FEASIBLE,"selected calibrated PD ascending, then frozen base_order ascending"
1.87,0.0187,False,lightgbm_T_plus_AD,identity,84.26106664221241,192957,36042,0.0533568472889005,0.0186998835492211,3608.273430007057,3595,189362,0.0186310939743051,1.1645077889824162e-07,True,FEASIBLE,"selected calibrated PD ascending, then frozen base_order ascending"
1.88,0.0188,False,lightgbm_T_plus_AD,identity,84.50298909602225,193511,35488,0.0539094502985555,0.0187998964503017,3637.986761994336,3623,189888,0.0187224498865697,1.0354969828471616e-07,True,FEASIBLE,"selected calibrated PD ascending, then frozen base_order ascending"
1.89,0.0189,False,lightgbm_T_plus_AD,identity,84.74272813418399,194060,34939,0.0544421237261953,0.018899995646261,3667.73315511341,3656,190404,0.0188395341646913,4.3537389977921234e-09,True,FEASIBLE,"selected calibrated PD ascending, then frozen base_order ascending"
1.9,0.019,False,lightgbm_T_plus_AD,identity,84.97984707356801,194603,34396,0.0549555843924093,0.0189998660401473,3697.430931010797,3685,190918,0.01893598762609,1.3395985263772725e-07,True,FEASIBLE,"selected calibrated PD ascending, then frozen base_order ascending"
1.91,0.0191,False,lightgbm_T_plus_AD,identity,85.21521928043354,195142,33857,0.0554805540556218,0.0190999413966285,3727.200764020895,3714,191428,0.0190322944317471,5.8603371416027234e-08,True,FEASIBLE,"selected calibrated PD ascending, then frozen base_order ascending"
1.92,0.0192,False,lightgbm_T_plus_AD,identity,85.44797138852135,195675,33324,0.0560510810287178,0.0191998333944152,3756.9273994522096,3745,191930,0.0191388782419828,1.6660558472061937e-07,True,FEASIBLE,"selected calibrated PD ascending, then frozen base_order ascending"
1.93,0.0193,False,lightgbm_T_plus_AD,identity,85.67897676409068,196204,32795,0.0566507708972875,0.019299973236767,3786.7319489466513,3777,192427,0.0192503720617316,2.6763232904153392e-08,True,FEASIBLE,"selected calibrated PD ascending, then frozen base_order ascending"
1.94,0.0194,False,lightgbm_T_plus_AD,identity,85.90692535775266,196726,32273,0.0572360230155668,0.0193998586395923,3816.456590732439,3811,192915,0.0193721216311011,1.4136040767803726e-07,True,FEASIBLE,"selected calibrated PD ascending, then frozen base_order ascending"
1.95,0.0195,False,lightgbm_T_plus_AD,identity,86.13312721889615,197244,31755,0.0577718135724395,0.0194999436332798,3846.246882002651,3842,193402,0.0194784125245888,5.6366720149053646e-08,True,FEASIBLE,"selected calibrated PD ascending, then frozen base_order ascending"
1.96,0.0196,False,lightgbm_T_plus_AD,identity,86.35714566439155,197757,31242,0.0583586385348438,0.019599965310097,3876.0303398288697,3865,193892,0.019544188069196,3.4689902912027344e-08,True,FEASIBLE,"selected calibrated PD ascending, then frozen base_order ascending"
1.97,0.0197,False,lightgbm_T_plus_AD,identity,86.57898069423884,198265,30734,0.0589069932596605,0.019699983666455,3905.817261629701,3898,194367,0.0196605553173782,1.633354499569473e-08,True,FEASIBLE,"selected calibrated PD ascending, then frozen base_order ascending"
1.98,0.0198,False,lightgbm_T_plus_AD,identity,86.79863230843803,198768,30231,0.0594476323394225,0.019799877233955,3935.5819980387864,3937,194831,0.0198070111889237,1.2276604490629728e-07,True,FEASIBLE,"selected calibrated PD ascending, then frozen base_order ascending"
1.99,0.0199,False,lightgbm_T_plus_AD,identity,87.01653719011874,199267,29732,0.0600454970306506,0.0198998577006682,3965.3849444390503,3965,195302,0.0198979258984177,1.4229933179704668e-07,True,FEASIBLE,"selected calibrated PD ascending, then frozen base_order ascending"
2.0,0.02,True,lightgbm_T_plus_AD,identity,87.23225865615133,199761,29238,0.0606263209476084,0.019999826527072,3995.185346874448,4000,195761,0.0200239285946706,1.7347292790778626e-07,True,FEASIBLE,"selected calibrated PD ascending, then frozen base_order ascending"
0.75,0.0075,True,mlp_T,logistic,32.88398639295368,75304,153695,0.0125828781665035,0.0074999663270783,564.77746429431,553,74751,0.0073435674067778,3.3672921623782714e-08,True,FEASIBLE,"selected calibrated PD ascending, then frozen base_order ascending"
0.76,0.0076,False,mlp_T,logistic,33.52853069227377,76780,152219,0.0128260058712738,0.0075999417336366,583.5235263086234,563,76217,0.0073326387079968,5.826636333139402e-08,True,FEASIBLE,"selected calibrated PD ascending, then frozen base_order ascending"
0.77,0.0077,False,mlp_T,logistic,34.1678347940384,78244,150755,0.0130605769536807,0.0076999332533796,602.4735774774388,582,77662,0.0074382700270947,6.67466203323544e-08,True,FEASIBLE,"selected calibrated PD ascending, then frozen base_order ascending"
0.78,0.0078,False,mlp_T,logistic,34.803645430766075,79700,149299,0.0132936204450669,0.0077999379471593,621.6550543886025,609,79091,0.0076411543287327,6.205284062109352e-08,True,FEASIBLE,"selected calibrated PD ascending, then frozen base_order ascending"
0.79,0.0079,False,mlp_T,logistic,35.43552591932716,81147,147852,0.0135270430881851,0.0078999581296766,641.0579023488692,628,80519,0.0077390414925998,4.1870323373369156e-08,True,FEASIBLE,"selected calibrated PD ascending, then frozen base_order ascending"
0.8,0.008,False,mlp_T,logistic,36.06303957659204,82584,146415,0.013771403772422,0.0079999711061536,660.669613830589,651,81933,0.0078828828828828,2.8893846398814205e-08,True,FEASIBLE,"selected calibrated PD ascending, then frozen base_order ascending"
0.81,0.0081,False,mlp_T,logistic,36.68574971943109,84010,144989,0.0140136614502876,0.0080999653108318,680.4780857629856,676,83334,0.0080466611117724,3.4689168126531e-08,True,FEASIBLE,"selected calibrated PD ascending, then frozen base_order ascending"
0.82,0.0082,False,mlp_T,logistic,37.302782981585075,85423,143576,0.0142719059793873,0.0081999963613038,700.4682891716606,701,84722,0.0082062208070426,3.638696129126817e-09,True,FEASIBLE,"selected calibrated PD ascending, then frozen base_order ascending"
0.83,0.0083,False,mlp_T,logistic,37.914576046183605,86824,142175,0.0145142167243885,0.0082999467761753,720.6345788946517,719,86105,0.0082811204275315,5.3223824614950794e-08,True,FEASIBLE,"selected calibrated PD ascending, then frozen base_order ascending"
0.84,0.0084,False,mlp_T,logistic,38.52243896261556,88216,140783,0.0147547636619451,0.008399951684406,741.0101377915618,736,87480,0.0083431577038179,4.831559397532048e-08,True,FEASIBLE,"selected calibrated PD ascending, then frozen base_order ascending"
0.85,0.0085,False,mlp_T,logistic,39.12637173088092,89599,139400,0.0150014317831679,0.0084999550861106,761.5874757604271,759,88840,0.0084710766861237,4.491388936288254e-08,True,FEASIBLE,"selected calibrated PD ascending, then frozen base_order ascending"
0.86,0.0086,False,mlp_T,logistic,39.725500984720455,90971,138028,0.0152615676881277,0.0085999948530362,782.3501317755585,772,90199,0.0084862208835782,5.146963775320978e-09,True,FEASIBLE,"selected calibrated PD ascending, then frozen base_order ascending"
0.87,0.0087,False,mlp_T,logistic,40.319390041004546,92331,136668,0.0155201964419919,0.0086999878758456,803.2785805647023,792,91539,0.0085778340968905,1.2124154374903996e-08,True,FEASIBLE,"selected calibrated PD ascending, then frozen base_order ascending"
0.88,0.0088,False,mlp_T,logistic,40.908475582862806,93680,135319,0.0157560757660861,0.0087999298188956,824.3774254341454,811,92869,0.0086571306575576,7.018110434117708e-08,True,FEASIBLE,"selected calibrated PD ascending, then frozen base_order ascending"
0.89,0.0089,False,mlp_T,logistic,41.494067659684106,95021,133978,0.0160110184682949,0.0088999309486295,845.6803386697248,834,94187,0.0087770071878847,6.905137048783538e-08,True,FEASIBLE,"selected calibrated PD ascending, then frozen base_order ascending"
0.9,0.009,False,mlp_T,logistic,42.0752929052092,96352,132647,0.016265870464658,0.0089999261400975,867.1608834506832,860,95492,0.0089256061109266,7.385990240769968e-08,True,FEASIBLE,"selected calibrated PD ascending, then frozen base_order ascending"
0.91,0.0091,False,mlp_T,logistic,42.6525880025677,97674,131325,0.0165218376323094,0.0090999917464382,888.8325938416046,890,96784,0.0091119438130925,8.253561801022102e-09,True,FEASIBLE,"selected calibrated PD ascending, then frozen base_order ascending"
0.92,0.0092,False,mlp_T,logistic,43.22464290237075,98984,130015,0.0167804441267117,0.0091999457099959,910.6474261582354,907,98077,0.0091630970661925,5.429000408778417e-08,True,FEASIBLE,"selected calibrated PD ascending, then frozen base_order ascending"
0.93,0.0093,False,mlp_T,logistic,43.79276765400722,100285,128714,0.0170388338427527,0.0092999452968362,932.6450140932204,930,99355,0.0092735703245749,5.47031637782719e-08,True,FEASIBLE,"selected calibrated PD ascending, then frozen base_order ascending"
0.94,0.0094,False,mlp_T,logistic,44.356525574347486,101576,127423,0.0173076897405855,0.0093999703731189,954.8113906199328,951,100625,0.0093624478223202,2.9626881028338437e-08,True,FEASIBLE,"selected calibrated PD ascending, then frozen base_order ascending"
0.95,0.0095,False,mlp_T,logistic,44.9150432971323,102855,126144,0.0175749390287877,0.0094999632287904,977.1187178972366,969,101886,0.0094210296047834,3.6771209599786865e-08,True,FEASIBLE,"selected calibrated PD ascending, then frozen base_order ascending"
0.96,0.0096,False,mlp_T,logistic,45.46919418862091,104124,124875,0.017831134926298,0.0095999415646848,999.5843154812472,987,103137,0.0094790826322461,5.84353151301259e-08,True,FEASIBLE,"selected calibrated PD ascending, then frozen base_order ascending"
0.97,0.0097,False,mlp_T,logistic,46.01941493194293,105384,123615,0.0180999599786577,0.0096999737611087,1022.2220348406792,1010,104374,0.0095839975707887,2.6238891301030853e-08,True,FEASIBLE,"selected calibrated PD ascending, then frozen base_order ascending"
0.98,0.0098,False,mlp_T,logistic,46.56483216083913,106633,122366,0.0183686509296342,0.0097999345202784,1044.9964177008535,1033,105600,0.009687432595913,6.547972153554682e-08,True,FEASIBLE,"selected calibrated PD ascending, then frozen base_order ascending"
0.99,0.0099,False,mlp_T,logistic,47.10588255843912,107872,121127,0.0186428655110799,0.0098999626875,1067.928775026007,1054,106818,0.0097708395134974,3.7312499933522814e-08,True,FEASIBLE,"selected calibrated PD ascending, then frozen base_order ascending"
1.0,0.01,True,mlp_T,logistic,47.642129441613285,109100,119899,0.0189301378647499,0.0099999726432795,1090.997015381795,1075,108025,0.0098533455545371,2.73567204844144e-08,True,FEASIBLE,"selected calibrated PD ascending, then frozen base_order ascending"
1.01,0.0101,False,mlp_T,logistic,48.173136127232,110316,118683,0.0192165344144244,0.0100999829944092,1114.189724011249,1098,109218,0.0099532252801044,1.7005590767157908e-08,True,FEASIBLE,"selected calibrated PD ascending, then frozen base_order ascending"
1.02,0.0102,False,mlp_T,logistic,48.69890261529526,111520,117479,0.0194976290652451,0.0101999204446096,1137.4951279828629,1131,110389,0.0101416786226685,7.955539039865289e-08,True,FEASIBLE,"selected calibrated PD ascending, then frozen base_order ascending"
1.03,0.0103,False,mlp_T,logistic,49.219865588932706,112713,116286,0.0197943692753658,0.0102999174719409,1160.934598014877,1156,111557,0.0102561372689929,8.252805907757454e-08,True,FEASIBLE,"selected calibrated PD ascending, then frozen base_order ascending"
1.04,0.0104,False,mlp_T,logistic,49.73602504814431,113895,115104,0.0200805680696981,0.010399948402601,1184.5021233142518,1180,112715,0.0103604196847974,5.159739890382709e-08,True,FEASIBLE,"selected calibrated PD ascending, then frozen base_order ascending"
1.05,0.0105,False,mlp_T,logistic,50.24781767605972,115067,113932,0.0203530246909866,0.0104999195208258,1208.194239502869,1208,113859,0.0104982314651463,8.047917413912808e-08,True,FEASIBLE,"selected calibrated PD ascending, then frozen base_order ascending"
1.06,0.0106,False,mlp_T,logistic,50.75568015580854,116230,112769,0.020638119016695,0.0105999592304025,1232.0332613496903,1224,115006,0.0105308440161748,4.0769597434153766e-08,True,FEASIBLE,"selected calibrated PD ascending, then frozen base_order ascending"
1.07,0.0107,False,mlp_T,logistic,51.259175804261154,117383,111616,0.0209175941877442,0.0106999384354325,1255.9908733663776,1242,116141,0.0105807484899857,6.156456746134188e-08,True,FEASIBLE,"selected calibrated PD ascending, then frozen base_order ascending"
1.08,0.0108,False,mlp_T,logistic,51.7591779876768,118528,110471,0.0211990165047769,0.0107999590620332,1280.097547704679,1268,117260,0.0106978941684665,4.0937966733559095e-08,True,FEASIBLE,"selected calibrated PD ascending, then frozen base_order ascending"
1.09,0.0109,False,mlp_T,logistic,52.25481333979624,119663,109336,0.0214876094555094,0.0108999979611125,1304.326456020612,1295,118368,0.0108220586146093,2.038887442559756e-09,True,FEASIBLE,"selected calibrated PD ascending, then frozen base_order ascending"
1.1,0.011,False,mlp_T,logistic,52.74608186061947,120788,108211,0.0217804798334644,0.010999995904637,1328.667505329301,1319,119469,0.0109199589363181,4.095362937661662e-09,True,FEASIBLE,"selected calibrated PD ascending, then frozen base_order ascending"
1.11,0.0111,False,mlp_T,logistic,53.23298355014651,121903,107096,0.0220687850798975,0.0110999248858364,1353.1141433581251,1353,120550,0.0110989885400687,7.511416351413391e-08,True,FEASIBLE,"selected calibrated PD ascending, then frozen base_order ascending"
1.12,0.0112,False,mlp_T,logistic,53.71639177463657,123010,105989,0.0223572489994615,0.0111999420686727,1377.7048738674348,1387,121623,0.0112755060564181,5.7931327250917986e-08,True,FEASIBLE,"selected calibrated PD ascending, then frozen base_order ascending"
1.13,0.0113,False,mlp_T,logistic,54.19586985096005,124108,104891,0.0226422359587359,0.0112999123528912,1402.4095222926296,1409,122699,0.0113530151158668,8.764710873049308e-08,True,FEASIBLE,"selected calibrated PD ascending, then frozen base_order ascending"
1.14,0.0114,False,mlp_T,logistic,54.67185446224656,125198,103801,0.0229340722380051,0.0113999162956261,1427.2467203798062,1429,123769,0.0114139203501653,8.37043738228377e-08,True,FEASIBLE,"selected calibrated PD ascending, then frozen base_order ascending"
1.15,0.0115,False,mlp_T,logistic,55.14390892536649,126279,102720,0.0232243232163949,0.0114999142280873,1452.19766880864,1466,124813,0.0116092145170614,8.57719126695633e-08,True,FEASIBLE,"selected calibrated PD ascending, then frozen base_order ascending"
1.16,0.0116,False,mlp_T,logistic,55.612469923449446,127352,101647,0.0235117264045589,0.0115999178521221,1477.2727383034571,1499,125853,0.0117705257867956,8.214787786987866e-08,True,FEASIBLE,"selected calibrated PD ascending, then frozen base_order ascending"
1.17,0.0117,False,mlp_T,logistic,56.07753745649544,128417,100582,0.0238072930535703,0.0116999361844955,1502.4707050043703,1520,126897,0.0118364391007421,6.381550440685836e-08,True,FEASIBLE,"selected calibrated PD ascending, then frozen base_order ascending"
1.18,0.0118,False,mlp_T,logistic,56.538674841374856,129473,99526,0.0241006881960094,0.0117999187357511,1527.7708784739127,1540,127933,0.0118943717995257,8.126424881800542e-08,True,FEASIBLE,"selected calibrated PD ascending, then frozen base_order ascending"
1.19,0.0119,False,mlp_T,logistic,56.99675544434692,130522,98477,0.0244099035525217,0.0118999963655946,1553.2113256301493,1569,128953,0.0120209619834204,3.6344053166298407e-09,True,FEASIBLE,"selected calibrated PD ascending, then frozen base_order ascending"
1.2,0.012,False,mlp_T,logistic,57.4509058991524,131562,97437,0.0246988608139116,0.0119999623061938,1578.7390409274717,1600,129962,0.0121615664097535,3.7693806178781826e-08,True,FEASIBLE,"selected calibrated PD ascending, then frozen base_order ascending"
1.21,0.0121,False,mlp_T,logistic,57.90112620579129,132593,96406,0.0250078216662443,0.0120999090647203,1604.36324261847,1628,130965,0.012278174564268,9.093527961537284e-08,True,FEASIBLE,"selected calibrated PD ascending, then frozen base_order ascending"
1.22,0.0122,False,mlp_T,logistic,58.34785304739322,133616,95383,0.0253168404348891,0.0121999137757587,1630.103679061782,1653,131963,0.0123712729014489,8.62242412434655e-08,True,FEASIBLE,"selected calibrated PD ascending, then frozen base_order ascending"
1.23,0.0123,False,mlp_T,logistic,58.791086423958184,134631,94368,0.0256162979221522,0.0122999376214571,1655.9529019143936,1686,132945,0.0125231187467968,6.237854287965973e-08,True,FEASIBLE,"selected calibrated PD ascending, then frozen base_order ascending"
1.24,0.0124,False,mlp_T,logistic,59.23082633548618,135638,93361,0.0259414059785132,0.0123999739443975,1681.9076658701888,1705,133933,0.0125702236836284,2.6055602495023145e-08,True,FEASIBLE,"selected calibrated PD ascending, then frozen base_order ascending"
1.25,0.0125,True,mlp_T,logistic,59.66619941571797,136635,92364,0.0262552661169429,0.0124999304927714,1707.9280028798223,1733,134902,0.0126834266476378,6.950722858389824e-08,True,FEASIBLE,"selected calibrated PD ascending, then frozen base_order ascending"
1.26,0.0126,False,mlp_T,logistic,60.0980790309128,137624,91375,0.0265686116283104,0.012599913896881,1734.050550144351,1762,135862,0.0128029994768354,8.610311899755196e-08,True,FEASIBLE,"selected calibrated PD ascending, then frozen base_order ascending"
1.27,0.0127,False,mlp_T,logistic,60.52690186420028,138606,90393,0.0268853096060494,0.0126999938092944,1760.2953419310622,1787,136819,0.0128926597694183,6.190705580111366e-09,True,FEASIBLE,"selected calibrated PD ascending, then frozen base_order ascending"
1.28,0.0128,False,mlp_T,logistic,60.95135786619156,139578,89421,0.0272073957312359,0.0127999158504137,1786.5866545690512,1817,137761,0.0130178108297869,8.414958624532176e-08,True,FEASIBLE,"selected calibrated PD ascending, then frozen base_order ascending"
1.29,0.0129,False,mlp_T,logistic,61.372757086275485,140543,88456,0.0275221769566791,0.0128999201374962,1812.9934758841364,1837,138706,0.0130707328006375,7.986250374382443e-08,True,FEASIBLE,"selected calibrated PD ascending, then frozen base_order ascending"
1.3,0.013,False,mlp_T,logistic,61.79066284132245,141500,87499,0.0278434813312032,0.0129999166967735,1839.488212593452,1868,139632,0.0132014134275618,8.330322648700261e-08,True,FEASIBLE,"selected calibrated PD ascending, then frozen base_order ascending"
1.31,0.0131,False,mlp_T,logistic,62.20551181446207,142450,86549,0.0281622180936463,0.0130999909678426,1866.093713369192,1893,140557,0.0132888732888732,9.032157305063904e-09,True,FEASIBLE,"selected calibrated PD ascending, then frozen base_order ascending"
1.32,0.0132,False,mlp_T,logistic,62.61643063943511,143391,85608,0.0284885262698899,0.013199903593288,1892.7473761451708,1920,141471,0.0133899617130782,9.640671192086281e-08,True,FEASIBLE,"selected calibrated PD ascending, then frozen base_order ascending"
1.33,0.0133,False,mlp_T,logistic,63.02472936563042,144326,84673,0.028807883479272,0.0132999745279976,1919.5321237277835,1946,142380,0.0134833640508293,2.5472002385812376e-08,True,FEASIBLE,"selected calibrated PD ascending, then frozen base_order ascending"
1.34,0.0134,False,mlp_T,logistic,63.429534626788765,145253,83746,0.0291293493135639,0.0133999944070839,1946.3893876121624,1975,143278,0.0135969652950369,5.592916066041176e-09,True,FEASIBLE,"selected calibrated PD ascending, then frozen base_order ascending"
1.35,0.0135,False,mlp_T,logistic,63.83128310603976,146173,82826,0.0294367194299445,0.0134999437521443,1973.3272780822028,2002,144171,0.0136960998269174,5.6247855604110726e-08,True,FEASIBLE,"selected calibrated PD ascending, then frozen base_order ascending"
1.36,0.0136,False,mlp_T,logistic,64.23041148651303,147087,81912,0.0297578287997577,0.0135999564625358,2000.3767962050051,2032,145055,0.0138149530549946,4.3537464184187364e-08,True,FEASIBLE,"selected calibrated PD ascending, then frozen base_order ascending"
1.37,0.0137,False,mlp_T,logistic,64.62648308507897,147994,81005,0.0300783084227369,0.0136999431076239,2027.5093802696963,2055,145939,0.0138856980688406,5.689237606715247e-08,True,FEASIBLE,"selected calibrated PD ascending, then frozen base_order ascending"
1.38,0.0138,False,mlp_T,logistic,65.01993458486719,148895,80104,0.0303782966161656,0.0137999758231087,2054.7474001817723,2086,146809,0.0140098727291044,2.4176891284116708e-08,True,FEASIBLE,"selected calibrated PD ascending, then frozen base_order ascending"
1.39,0.0139,False,mlp_T,logistic,65.41076598587767,149790,79209,0.030691603948336,0.0138999512577698,2082.0736989013485,2115,147675,0.0141197676747446,4.8742230130544024e-08,True,FEASIBLE,"selected calibrated PD ascending, then frozen base_order ascending"
1.4,0.014,False,mlp_T,logistic,65.79897728811042,150679,78320,0.0310238339513032,0.0139999898278784,2109.504467274895,2143,148536,0.0142222871136654,1.0172121563470362e-08,True,FEASIBLE,"selected calibrated PD ascending, then frozen base_order ascending"
1.41,0.0141,False,mlp_T,logistic,66.18369512530623,151560,77439,0.0313513622019856,0.0140998942000973,2136.979964966747,2165,149395,0.0142847717075745,1.057999026981421e-07,True,FEASIBLE,"selected calibrated PD ascending, then frozen base_order ascending"
1.42,0.0142,False,mlp_T,logistic,66.56622954685392,152436,76563,0.0316789930101581,0.0141999687746135,2164.5864401269955,2203,150233,0.0144519667270198,3.1225386422362174e-08,True,FEASIBLE,"selected calibrated PD ascending, then frozen base_order ascending"
1.43,0.0143,False,mlp_T,logistic,66.94570718649426,153305,75694,0.0320079698000862,0.0142999882646745,2192.2597009159267,2225,151080,0.0145135514171096,1.173532548394418e-08,True,FEASIBLE,"selected calibrated PD ascending, then frozen base_order ascending"
1.44,0.0144,False,mlp_T,logistic,67.32212804422727,154167,74832,0.0323338574762273,0.0143998961220504,2219.988785448146,2260,151907,0.0146594277633994,1.0387794958759133e-07,True,FEASIBLE,"selected calibrated PD ascending, then frozen base_order ascending"
1.45,0.0145,False,mlp_T,logistic,67.69636548631216,155024,73975,0.0326520069163644,0.0144999459078663,2247.8396144210733,2284,152740,0.0147332026008876,5.4092133649000236e-08,True,FEASIBLE,"selected calibrated PD ascending, then frozen base_order ascending"
1.46,0.0146,False,mlp_T,logistic,68.06798282961934,155875,73124,0.0329832758474366,0.0145999579378708,2275.7684435656165,2318,153557,0.0148708901363271,4.2062129165104656e-08,True,FEASIBLE,"selected calibrated PD ascending, then frozen base_order ascending"
1.47,0.0147,False,mlp_T,logistic,68.43698007414879,156720,72279,0.0333122101055868,0.0146999378703056,2303.774263034308,2342,154378,0.0149438489025012,6.212969430943739e-08,True,FEASIBLE,"selected calibrated PD ascending, then frozen base_order ascending"
1.48,0.0148,False,mlp_T,logistic,68.80335721990052,157559,71440,0.0336451008027269,0.0147999394496074,2331.8636597406976,2375,155184,0.0150737184165931,6.055039256797068e-08,True,FEASIBLE,"selected calibrated PD ascending, then frozen base_order ascending"
1.49,0.0149,False,mlp_T,logistic,69.16711426687453,158392,70607,0.0339868126096012,0.0148999414897524,2360.031532444863,2408,155984,0.0152027880195969,5.8510247594872895e-08,True,FEASIBLE,"selected calibrated PD ascending, then frozen base_order ascending"
1.5,0.015,True,mlp_T,logistic,69.52825121507081,159219,69780,0.0343284981293577,0.0149999596018863,2388.2785678527443,2436,156783,0.0152996815706668,4.0398113639039674e-08,True,FEASIBLE,"selected calibrated PD ascending, then frozen base_order ascending"
1.51,0.0151,False,mlp_T,logistic,69.88633138135974,160039,68960,0.034673434857746,0.0150999140449892,2416.57514384603,2459,157580,0.0153650047800848,8.595501077568458e-08,True,FEASIBLE,"selected calibrated PD ascending, then frozen base_order ascending"
1.52,0.0152,False,mlp_T,logistic,70.24222813200058,160854,68145,0.0350277520403608,0.0151999896806546,2444.9791400920235,2487,158367,0.0154612257077847,1.0319345346981867e-08,True,FEASIBLE,"selected calibrated PD ascending, then frozen base_order ascending"
1.53,0.0153,False,mlp_T,logistic,70.59506810073407,161662,67337,0.0353624743244779,0.0152999381188551,2473.418596170364,2512,159150,0.0155385928665982,6.188114483329787e-08,True,FEASIBLE,"selected calibrated PD ascending, then frozen base_order ascending"
1.54,0.0154,False,mlp_T,logistic,70.94572465381945,162465,66534,0.0357167259720615,0.0153999773308946,2501.9573170637964,2537,159928,0.0156156710676145,2.2669105368897106e-08,True,FEASIBLE,"selected calibrated PD ascending, then frozen base_order ascending"
1.55,0.0155,False,mlp_T,logistic,71.29376110812711,163262,65737,0.0360600589851506,0.0154999948840047,2530.560164752378,2572,160690,0.015753819014835,5.115995283661023e-09,True,FEASIBLE,"selected calibrated PD ascending, then frozen base_order ascending"
1.56,0.0156,False,mlp_T,logistic,71.63917746365705,164053,64946,0.0364174348502669,0.0155999926712327,2559.2255976937445,2593,161460,0.0158058676159533,7.328767261463587e-09,True,FEASIBLE,"selected calibrated PD ascending, then frozen base_order ascending"
1.57,0.0157,False,mlp_T,logistic,71.98197372040926,164838,64161,0.0367501466929932,0.015699918883612,2587.9432289368488,2610,162228,0.0158337276598842,8.1116387915664e-08,True,FEASIBLE,"selected calibrated PD ascending, then frozen base_order ascending"
1.58,0.0158,False,mlp_T,logistic,72.32258656151338,165618,63381,0.0370972759873823,0.0157998909114915,2616.746332979401,2637,162981,0.0159221823714813,1.0908850849034037e-07,True,FEASIBLE,"selected calibrated PD ascending, then frozen base_order ascending"
1.59,0.0159,False,mlp_T,logistic,72.66101598696937,166393,62606,0.0374583133284308,0.0158999498480159,2645.640355060926,2670,163723,0.016046348103586,5.0151984003210526e-08,True,FEASIBLE,"selected calibrated PD ascending, then frozen base_order ascending"
1.6,0.016,False,mlp_T,logistic,72.99682531364766,167162,61837,0.0378373683348297,0.0159999867583101,2674.589786492646,2697,164465,0.0161340496045752,1.32416898210308e-08,True,FEASIBLE,"selected calibrated PD ascending, then frozen base_order ascending"
1.61,0.0161,False,mlp_T,logistic,73.3295778584186,167924,61075,0.0381970736140743,0.0160998981306609,2703.559293693106,2712,165212,0.0161501631690526,1.0186933906836117e-07,True,FEASIBLE,"selected calibrated PD ascending, then frozen base_order ascending"
1.62,0.0162,False,mlp_T,logistic,73.66058367067104,168682,60317,0.0385545403015853,0.0161999856552236,2732.645980294443,2737,165945,0.0162257976547586,1.4344776307767536e-08,True,FEASIBLE,"selected calibrated PD ascending, then frozen base_order ascending"
1.63,0.0163,False,mlp_T,logistic,73.98853270101615,169433,59566,0.0389085990651035,0.0162999075726606,2761.7422397586197,2765,166668,0.0163191349973145,9.242733930298065e-08,True,FEASIBLE,"selected calibrated PD ascending, then frozen base_order ascending"
1.64,0.0164,False,mlp_T,logistic,74.3147349988428,170180,58819,0.0392557187642452,0.0163999182353057,2790.938085284331,2806,167374,0.0164884240216241,8.176469426177113e-08,True,FEASIBLE,"selected calibrated PD ascending, then frozen base_order ascending"
1.65,0.0165,False,mlp_T,logistic,74.63875388102132,170922,58077,0.0396369101707888,0.0164999298261399,2820.20100574349,2834,168088,0.0165806625244263,7.017386006655246e-08,True,FEASIBLE,"selected calibrated PD ascending, then frozen base_order ascending"
1.66,0.0166,False,mlp_T,logistic,74.96015266442211,171658,57341,0.0400238140867774,0.0165999833874014,2849.519948314557,2856,168802,0.0166377331671113,1.6612598557202984e-08,True,FEASIBLE,"selected calibrated PD ascending, then frozen base_order ascending"
1.67,0.0167,False,mlp_T,logistic,75.2789313490452,172388,56611,0.0404037434529788,0.0166999902745102,2878.8779234422705,2888,169500,0.0167529062347727,9.725489764217388e-09,True,FEASIBLE,"selected calibrated PD ascending, then frozen base_order ascending"
1.68,0.0168,False,mlp_T,logistic,75.59508993489055,173112,55887,0.040801394275774,0.0167999713826036,2908.27664598529,2917,170195,0.0168503627709228,2.861739630682925e-08,True,FEASIBLE,"selected calibrated PD ascending, then frozen base_order ascending"
1.69,0.0169,False,mlp_T,logistic,75.90862842195817,173830,55169,0.0411844174408914,0.0168998871722524,2937.7073871526436,2952,170878,0.0169821089570269,1.1282774754761693e-07,True,FEASIBLE,"selected calibrated PD ascending, then frozen base_order ascending"
1.7,0.017,False,mlp_T,logistic,76.2199834933777,174543,54456,0.0415724144387148,0.0169998755666445,2967.209281028839,2983,171560,0.0170903444996361,1.2443335545633818e-07,True,FEASIBLE,"selected calibrated PD ascending, then frozen base_order ascending"
1.71,0.0171,False,mlp_T,logistic,76.52915514914912,175251,53748,0.0419677594838298,0.0170999246768998,2996.7788995513824,3011,172240,0.0171810717199901,7.532310011132416e-08,True,FEASIBLE,"selected calibrated PD ascending, then frozen base_order ascending"
1.72,0.0172,False,mlp_T,logistic,76.83570670614282,175953,53046,0.0423405101345879,0.0171998732615685,3026.3692999927775,3032,172921,0.0172318744210101,1.2673843141283725e-07,True,FEASIBLE,"selected calibrated PD ascending, then frozen base_order ascending"
1.73,0.0173,False,mlp_T,logistic,77.14051153061804,176651,52348,0.0427273435118985,0.0172999759176899,3056.0580458358427,3063,173588,0.0173392734827428,2.4082310076667394e-08,True,FEASIBLE,"selected calibrated PD ascending, then frozen base_order ascending"
1.74,0.0174,False,mlp_T,logistic,77.44269625631553,177343,51656,0.043133184529647,0.0173999756269593,3085.7638776118506,3091,174252,0.0174295010234404,2.4373040655167877e-08,True,FEASIBLE,"selected calibrated PD ascending, then frozen base_order ascending"
1.75,0.0175,True,mlp_T,logistic,77.7422608832353,178029,50970,0.0435024423772738,0.0174998571255916,3115.4820642119503,3126,174903,0.0175589370271135,1.428744083840916e-07,True,FEASIBLE,"selected calibrated PD ascending, then frozen base_order ascending"
1.76,0.0176,False,mlp_T,logistic,78.0405154607662,178712,50287,0.0438749524823668,0.0175999557091054,3145.3232846856613,3153,175559,0.0176429115000671,4.4290894504056544e-08,True,FEASIBLE,"selected calibrated PD ascending, then frozen base_order ascending"
1.77,0.0177,False,mlp_T,logistic,78.33614993951939,179389,49610,0.0442929202596249,0.0176999064421988,3175.168516759614,3175,176214,0.0176989670492616,9.355780112782487e-08,True,FEASIBLE,"selected calibrated PD ascending, then frozen base_order ascending"
1.78,0.0178,False,mlp_T,logistic,78.62960100262447,180061,48938,0.0447259028287721,0.0177999818885362,3205.0825388317235,3208,176853,0.0178161845152476,1.8111463762765512e-08,True,FEASIBLE,"selected calibrated PD ascending, then frozen base_order ascending"
1.79,0.0179,False,mlp_T,logistic,78.92043196695182,180727,48272,0.0451216245093528,0.0178999404637407,3235.002540190472,3239,177488,0.0179220592385199,5.95362592628601e-08,True,FEASIBLE,"selected calibrated PD ascending, then frozen base_order ascending"
1.8,0.018,False,mlp_T,logistic,79.20907951563107,181388,47611,0.0455405613987391,0.0179998863284723,3264.963381348941,3278,178110,0.0180717577789048,1.1367152765937029e-07,True,FEASIBLE,"selected calibrated PD ascending, then frozen base_order ascending"
1.81,0.0181,False,mlp_T,logistic,79.49554364866222,182044,46955,0.0459719947150672,0.018099941227363,3294.985700794072,3299,178745,0.0181219924853332,5.8772636989806726e-08,True,FEASIBLE,"selected calibrated PD ascending, then frozen base_order ascending"
1.82,0.0182,False,mlp_T,logistic,79.77938768291564,182694,46305,0.0463918186113062,0.0181998850657074,3325.009802194352,3321,179373,0.0181779368780583,1.1493429257977696e-07,True,FEASIBLE,"selected calibrated PD ascending, then frozen base_order ascending"
1.83,0.0183,False,mlp_T,logistic,80.06148498465059,183340,45659,0.0467957775091033,0.0182999160314449,3355.1066052051237,3339,180001,0.0182120650158176,8.396855501538458e-08,True,FEASIBLE,"selected calibrated PD ascending, then frozen base_order ascending"
1.84,0.0184,False,mlp_T,logistic,80.34139887073742,183981,45018,0.0472132817276905,0.0183999194354975,3385.235577662281,3365,180616,0.0182899321125551,8.056450241655799e-08,True,FEASIBLE,"selected calibrated PD ascending, then frozen base_order ascending"
1.85,0.0185,False,mlp_T,logistic,80.61912934117616,184617,44382,0.0476314277711569,0.0184998840692085,3415.3930972050716,3400,181217,0.0184165055222433,1.159307914666563e-07,True,FEASIBLE,"selected calibrated PD ascending, then frozen base_order ascending"
1.86,0.0186,False,mlp_T,logistic,80.89511307909642,185249,43750,0.0480399655238405,0.0185999645344819,3445.624830048249,3426,181823,0.0184940269583101,3.546551803623732e-08,True,FEASIBLE,"selected calibrated PD ascending, then frozen base_order ascending"
1.87,0.0187,False,mlp_T,logistic,81.16891340136857,185876,43123,0.0484576100843801,0.0186999598961566,3475.873745658009,3458,182418,0.018603800383051,4.010384337463369e-08,True,FEASIBLE,"selected calibrated PD ascending, then frozen base_order ascending"
1.88,0.0188,False,mlp_T,logistic,81.44053030799262,186498,42501,0.0489149763714667,0.0187999616695455,3506.1552514469,3487,183011,0.0186972514450557,3.8330454484036824e-08,True,FEASIBLE,"selected calibrated PD ascending, then frozen base_order ascending"
1.89,0.0189,False,mlp_T,logistic,81.70996379896856,187115,41884,0.0493779699989596,0.0188999761260166,3536.4690328196084,3513,183602,0.0187745504101755,2.3873983335392923e-08,True,FEASIBLE,"selected calibrated PD ascending, then frozen base_order ascending"
1.9,0.019,False,mlp_T,logistic,81.97677719116678,187726,41273,0.0498075767662197,0.0189998934350315,3566.7739949847264,3549,184177,0.0189052129166977,1.0656496848490683e-07,True,FEASIBLE,"selected calibrated PD ascending, then frozen base_order ascending"
1.91,0.0191,False,mlp_T,logistic,82.24184385084651,188333,40666,0.0502732300710667,0.0190999015670692,3597.1417618308515,3578,184755,0.018998263713741,9.843293075767481e-08,True,FEASIBLE,"selected calibrated PD ascending, then frozen base_order ascending"
1.92,0.0192,False,mlp_T,logistic,82.50472709487815,188935,40064,0.050711434671468,0.0191999107511528,3627.535137769067,3611,185324,0.0191123931510837,8.924884713212845e-08,True,FEASIBLE,"selected calibrated PD ascending, then frozen base_order ascending"
1.93,0.0193,False,mlp_T,logistic,82.76542692326167,189532,39467,0.0511832673023779,0.0192998947670515,3657.94765498881,3639,185893,0.0191999240233839,1.0523294847325505e-07,True,FEASIBLE,"selected calibrated PD ascending, then frozen base_order ascending"
1.94,0.0194,False,mlp_T,logistic,83.0239433359971,190124,38875,0.0516774998671497,0.0193999253948447,3688.391415769472,3668,186456,0.0192926721508068,7.460515520640866e-08,True,FEASIBLE,"selected calibrated PD ascending, then frozen base_order ascending"
1.95,0.0195,False,mlp_T,logistic,83.27983964995481,190710,38289,0.0521563617047123,0.0194998551401844,3718.817373784579,3703,187007,0.0194169157359341,1.4485981553527538e-07,True,FEASIBLE,"selected calibrated PD ascending, then frozen base_order ascending"
1.96,0.0196,False,mlp_T,logistic,83.53398923139402,191292,37707,0.0526730960226465,0.0195999702343557,3749.3175060703866,3728,187564,0.0194885306233402,2.976564421677819e-08,True,FEASIBLE,"selected calibrated PD ascending, then frozen base_order ascending"
1.97,0.0197,False,mlp_T,logistic,83.7850820309259,191867,37132,0.0531645469086959,0.0196998340937699,3779.748068069354,3752,188115,0.0195552127254817,1.659062300769787e-07,True,FEASIBLE,"selected calibrated PD ascending, then frozen base_order ascending"
1.98,0.0198,False,mlp_T,logistic,84.03486478106892,192439,36560,0.0536370245464423,0.0197999867631254,3810.289652709104,3789,188650,0.0196893561076496,1.3236874520095032e-08,True,FEASIBLE,"selected calibrated PD ascending, then frozen base_order ascending"
1.99,0.0199,False,mlp_T,logistic,84.2820274324342,193005,35994,0.0541501489143453,0.0198999474220151,3840.789352186031,3825,189180,0.0198181394264397,5.2577984865215255e-08,True,FEASIBLE,"selected calibrated PD ascending, then frozen base_order ascending"
2.0,0.02,True,mlp_T,logistic,84.52700666815139,193566,35433,0.0546516486715794,0.0199999368362057,3871.307773637005,3858,189708,0.0199311862620501,6.316379423665365e-08,True,FEASIBLE,"selected calibrated PD ascending, then frozen base_order ascending"
0.75,0.0075,True,mlp_T_plus_AD,identity,41.49843449098031,95031,133968,0.0149317188188433,0.0074999569541172,712.7284093067137,705,94326,0.0074186318148814,4.304588277753013e-08,True,FEASIBLE,"selected calibrated PD ascending, then frozen base_order ascending"
0.76,0.0076,False,mlp_T_plus_AD,identity,42.055205481246645,96306,132693,0.0151740200817585,0.0075999485099701,731.9206412011845,722,95584,0.007496936847133,5.1490029857881314e-08,True,FEASIBLE,"selected calibrated PD ascending, then frozen base_order ascending"
0.77,0.0077,False,mlp_T_plus_AD,identity,42.60891968960563,97574,131425,0.015429607592523,0.0076999963709239,751.3194458965299,739,96835,0.007573738905856,3.62907608651708e-09,True,FEASIBLE,"selected calibrated PD ascending, then frozen base_order ascending"
0.78,0.0078,False,mlp_T_plus_AD,identity,43.157830383538794,98831,130168,0.0156920813024044,0.007799981418368,770.8799635587347,754,98077,0.0076291851746921,1.8581631929318058e-08,True,FEASIBLE,"selected calibrated PD ascending, then frozen base_order ascending"
0.79,0.0079,False,mlp_T_plus_AD,identity,43.70237424617575,100078,128921,0.0159521978348493,0.0078999205051967,790.6082443190826,775,99303,0.007743959711425,7.949480322795578e-08,True,FEASIBLE,"selected calibrated PD ascending, then frozen base_order ascending"
0.8,0.008,False,mlp_T_plus_AD,identity,44.24298796064612,101316,127683,0.0162144899368286,0.0079999466962193,810.5225994741631,792,100524,0.0078171266137628,5.3303780615104885e-08,True,FEASIBLE,"selected calibrated PD ascending, then frozen base_order ascending"
0.81,0.0081,False,mlp_T_plus_AD,identity,44.77923484382028,102544,126455,0.0164794698357582,0.0080999202840819,830.5982256108982,808,101736,0.0078795443907005,7.971591806099633e-08,True,FEASIBLE,"selected calibrated PD ascending, then frozen base_order ascending"
0.82,0.0082,False,mlp_T_plus_AD,identity,45.31155157882785,103763,125236,0.0167546682059764,0.008199983953641,850.8549349816603,827,102936,0.0079700856760116,1.604635891175321e-08,True,FEASIBLE,"selected calibrated PD ascending, then frozen base_order ascending"
0.83,0.0083,False,mlp_T_plus_AD,identity,45.838628116279985,104970,124029,0.0170259065926074,0.0082999181639461,871.2424096694303,844,104126,0.0080403924930932,8.183605382239278e-08,True,FEASIBLE,"selected calibrated PD ascending, then frozen base_order ascending"
0.84,0.0084,False,mlp_T_plus_AD,identity,46.36221118869515,106169,122830,0.0172992683947086,0.0083999521239516,891.8145170478238,870,105299,0.0081944823818628,4.7876048339320916e-08,True,FEASIBLE,"selected calibrated PD ascending, then frozen base_order ascending"
0.85,0.0085,False,mlp_T_plus_AD,identity,46.8814274298141,107358,121641,0.0175628587603569,0.0084999442487063,912.5370146526112,894,106464,0.0083272788241211,5.5751293699668476e-08,True,FEASIBLE,"selected calibrated PD ascending, then frozen base_order ascending"
0.86,0.0086,False,mlp_T_plus_AD,identity,47.39671352276648,108538,120461,0.0178278535604476,0.0085999241380807,933.4185660990042,924,107614,0.0085131474690891,7.58619192881005e-08,True,FEASIBLE,"selected calibrated PD ascending, then frozen base_order ascending"
0.87,0.0087,False,mlp_T_plus_AD,identity,47.90806946755226,109709,119290,0.0181089229881763,0.008699918305079,954.459337331922,949,108760,0.0086501563226353,8.169492090627507e-08,True,FEASIBLE,"selected calibrated PD ascending, then frozen base_order ascending"
0.88,0.0088,False,mlp_T_plus_AD,identity,48.41549526417146,110871,118128,0.018380669876933,0.0087999616101999,975.660543684484,976,109895,0.0088030233334235,3.838980000385461e-08,True,FEASIBLE,"selected calibrated PD ascending, then frozen base_order ascending"
0.89,0.0089,False,mlp_T_plus_AD,identity,48.918990912624075,112024,116975,0.0186600815504789,0.0088999920907565,997.0127139749092,998,111026,0.0089088052560165,7.9092434719652e-09,True,FEASIBLE,"selected calibrated PD ascending, then frozen base_order ascending"
0.9,0.009,False,mlp_T_plus_AD,identity,49.4185564129101,113168,115831,0.0189146865159273,0.008999979168823,1018.5096425773664,1014,112154,0.0089601300721051,2.0831176955268815e-08,True,FEASIBLE,"selected calibrated PD ascending, then frozen base_order ascending"
0.91,0.0091,False,mlp_T_plus_AD,identity,49.915065131288785,114305,114694,0.0191898290067911,0.0090999507931576,1040.1698754118845,1044,113261,0.0091334587288395,4.9206842357707454e-08,True,FEASIBLE,"selected calibrated PD ascending, then frozen base_order ascending"
0.92,0.0092,False,mlp_T_plus_AD,identity,50.40764370150088,115433,113566,0.0194789487868547,0.0091999540311392,1061.9782936764968,1064,114369,0.0092174681416925,4.5968860750908453e-08,True,FEASIBLE,"selected calibrated PD ascending, then frozen base_order ascending"
0.93,0.0093,False,mlp_T_plus_AD,identity,50.89585544041677,116551,112448,0.0197665933519601,0.0092999387885134,1083.9171657400293,1079,115472,0.0092577498262563,6.121148656522414e-08,True,FEASIBLE,"selected calibrated PD ascending, then frozen base_order ascending"
0.94,0.0094,False,mlp_T_plus_AD,identity,51.38013703116607,117660,111339,0.0200624167919158,0.0093999753602989,1106.0011008927686,1106,116554,0.0093999660037395,2.4639701100628852e-08,True,FEASIBLE,"selected calibrated PD ascending, then frozen base_order ascending"
0.95,0.0095,False,mlp_T_plus_AD,identity,51.85961510748955,118758,110241,0.0203478410840034,0.0094999418061333,1128.194089012788,1131,117627,0.0095235689385136,5.8193866619635215e-08,True,FEASIBLE,"selected calibrated PD ascending, then frozen base_order ascending"
0.96,0.0096,False,mlp_T_plus_AD,identity,52.33603640190569,119849,109150,0.0206306744366884,0.0095999519421316,1150.5446403125388,1149,118700,0.0095870637218499,4.805786832720593e-08,True,FEASIBLE,"selected calibrated PD ascending, then frozen base_order ascending"
0.97,0.0097,False,mlp_T_plus_AD,identity,52.808964231284854,120932,108067,0.0209108851850032,0.0096999973542106,1173.0400800393982,1173,119759,0.0096996659279595,2.645789384456143e-09,True,FEASIBLE,"selected calibrated PD ascending, then frozen base_order ascending"
0.98,0.0098,False,mlp_T_plus_AD,identity,53.27796191249743,122006,106993,0.021204276010394,0.0097999639483445,1195.654401481719,1205,120801,0.0098765634476992,3.6051655499455555e-08,True,FEASIBLE,"selected calibrated PD ascending, then frozen base_order ascending"
0.99,0.0099,False,mlp_T_plus_AD,identity,53.74346612867305,123072,105927,0.0214919857680797,0.0098999560507767,1218.4073910812003,1232,121840,0.0100104004160166,4.3949223217307216e-08,True,FEASIBLE,"selected calibrated PD ascending, then frozen base_order ascending"
1.0,0.01,True,mlp_T_plus_AD,identity,54.20504019668208,124129,104870,0.0217894539237022,0.0099999456437385,1241.2832528116269,1251,122878,0.0100782250723038,5.4356261415533513e-08,True,FEASIBLE,"selected calibrated PD ascending, then frozen base_order ascending"
1.01,0.0101,False,mlp_T_plus_AD,identity,54.663120799654145,125178,103821,0.022083343937993,0.0100999973981432,1264.2974743047816,1280,123898,0.0102254389748997,2.601856702311167e-09,True,FEASIBLE,"selected calibrated PD ascending, then frozen base_order ascending"
1.02,0.0102,False,mlp_T_plus_AD,identity,55.117271254459624,126218,102781,0.0223888047039508,0.0101999905044762,1287.4224014939828,1305,124913,0.0103392543060419,9.495523754440849e-09,True,FEASIBLE,"selected calibrated PD ascending, then frozen base_order ascending"
1.03,0.0103,False,mlp_T_plus_AD,identity,55.56749156109852,127249,101750,0.0226947739720344,0.010299991295064,1310.663592305602,1320,125929,0.0103733624625733,8.704935976905359e-09,True,FEASIBLE,"selected calibrated PD ascending, then frozen base_order ascending"
1.04,0.0104,False,mlp_T_plus_AD,identity,56.01334503644121,128270,100729,0.0230032261461019,0.0103999060290949,1333.9959463520065,1337,126933,0.0104233257971466,9.397090507297369e-08,True,FEASIBLE,"selected calibrated PD ascending, then frozen base_order ascending"
1.05,0.0105,False,mlp_T_plus_AD,identity,56.45614172987655,129284,99715,0.0233133509755134,0.0104999677062034,1357.4778249288065,1361,127923,0.010527211410538,3.2293796553561904e-08,True,FEASIBLE,"selected calibrated PD ascending, then frozen base_order ascending"
1.06,0.0106,False,mlp_T_plus_AD,identity,56.89500827514531,130289,98710,0.0236186627298593,0.0105999795334125,1381.0607334287924,1390,128899,0.0106685905947547,2.0466587414419424e-08,True,FEASIBLE,"selected calibrated PD ascending, then frozen base_order ascending"
1.07,0.0107,False,mlp_T_plus_AD,identity,57.32994467224748,131285,97714,0.023935779929161,0.0106999441303607,1404.7421651544137,1420,129865,0.0108161633088319,5.586963922922517e-08,True,FEASIBLE,"selected calibrated PD ascending, then frozen base_order ascending"
1.08,0.0108,False,mlp_T_plus_AD,identity,57.76138760431268,132273,96726,0.0242400486022233,0.0107999385218552,1428.5402681013657,1444,130829,0.0109168159790735,6.147814470350288e-08,True,FEASIBLE,"selected calibrated PD ascending, then frozen base_order ascending"
1.09,0.0109,False,mlp_T_plus_AD,identity,58.189773754470544,133254,95745,0.0245426297187805,0.0108999955135703,1452.468002165304,1468,131786,0.0110165548501358,4.486429646191614e-09,True,FEASIBLE,"selected calibrated PD ascending, then frozen base_order ascending"
1.1,0.011,False,mlp_T_plus_AD,identity,58.61422975646182,134226,94773,0.024876719340682,0.0109999666759906,1476.4815270515246,1487,132739,0.0110783305767884,3.3324009322821535e-08,True,FEASIBLE,"selected calibrated PD ascending, then frozen base_order ascending"
1.11,0.0111,False,mlp_T_plus_AD,identity,59.03475561028651,135189,93810,0.0251955725252628,0.0110999412886712,1500.5899628741754,1512,133677,0.0111843419213101,5.8711328767419024e-08,True,FEASIBLE,"selected calibrated PD ascending, then frozen base_order ascending"
1.12,0.0112,False,mlp_T_plus_AD,identity,59.451787999074234,136144,92855,0.0255124177783727,0.0111999363878173,1524.8041395830078,1539,134605,0.0113042073099071,6.36121826325109e-08,True,FEASIBLE,"selected calibrated PD ascending, then frozen base_order ascending"
1.13,0.0113,False,mlp_T_plus_AD,identity,59.86532692282499,137091,91908,0.025825560092926,0.011299902974943,1549.1149987379176,1565,135526,0.0114157749232261,9.702505694882124e-08,True,FEASIBLE,"selected calibrated PD ascending, then frozen base_order ascending"
1.14,0.0114,False,mlp_T_plus_AD,identity,60.27580906466841,138031,90968,0.0261480156332254,0.0113998954164726,1573.5389642311347,1590,136441,0.011519151494954,1.0458352736261722e-07,True,FEASIBLE,"selected calibrated PD ascending, then frozen base_order ascending"
1.15,0.0115,False,mlp_T_plus_AD,identity,60.68279774147485,138963,90036,0.0264885146170854,0.0114999194774728,1598.063310348065,1616,137347,0.0116289947683915,8.052252711138187e-08,True,FEASIBLE,"selected calibrated PD ascending, then frozen base_order ascending"
1.16,0.0116,False,mlp_T_plus_AD,identity,61.08629295324434,139887,89112,0.0268038902431726,0.011599997966875,1622.6889155922545,1642,138245,0.0117380457083217,2.033124918421336e-09,True,FEASIBLE,"selected calibrated PD ascending, then frozen base_order ascending"
1.17,0.0117,False,mlp_T_plus_AD,identity,61.48629469997685,140803,88196,0.0271182898432016,0.0116999226541436,1647.384209471391,1663,139140,0.011810827894292,7.734585633252522e-08,True,FEASIBLE,"selected calibrated PD ascending, then frozen base_order ascending"
1.18,0.0118,False,mlp_T_plus_AD,identity,61.88367634793165,141713,87286,0.0274433195590972,0.0117999907017145,1672.2120823120786,1689,140024,0.0119184549053368,9.298285417666531e-09,True,FEASIBLE,"selected calibrated PD ascending, then frozen base_order ascending"
1.19,0.0119,False,mlp_T_plus_AD,identity,62.27756453084948,142615,86384,0.0277614630758762,0.0118999458173581,1697.110772742526,1717,140898,0.0120394067945167,5.4182641897465584e-08,True,FEASIBLE,"selected calibrated PD ascending, then frozen base_order ascending"
1.2,0.012,False,mlp_T_plus_AD,identity,62.66883261498958,143511,85488,0.0280970837920904,0.0119999942730572,1722.1311781207187,1745,141766,0.01215934667029,5.726942751624331e-09,True,FEASIBLE,"selected calibrated PD ascending, then frozen base_order ascending"
1.21,0.0121,False,mlp_T_plus_AD,identity,63.0561705509631,144398,84601,0.0284308027476072,0.0120999627731343,1747.210424515055,1769,142629,0.0122508622003074,3.7226865642198126e-08,True,FEASIBLE,"selected calibrated PD ascending, then frozen base_order ascending"
1.22,0.0122,False,mlp_T_plus_AD,identity,63.44045170502928,145278,83721,0.0287630669772624,0.0121999267655894,1772.3809606513096,1802,143476,0.0124038051184625,7.323441051330927e-08,True,FEASIBLE,"selected calibrated PD ascending, then frozen base_order ascending"
1.23,0.0123,False,mlp_T_plus_AD,identity,63.82211276031773,146152,82847,0.0291070248931646,0.0122999971118324,1797.6691778885288,1824,144328,0.0124801576440965,2.888167600911817e-09,True,FEASIBLE,"selected calibrated PD ascending, then frozen base_order ascending"
1.24,0.0124,False,mlp_T_plus_AD,identity,64.1998436674396,147017,81982,0.0294484496116638,0.0123998857827754,1822.9940081263048,1846,145171,0.0125563710319214,1.1421722450472017e-07,True,FEASIBLE,"selected calibrated PD ascending, then frozen base_order ascending"
1.25,0.0125,True,mlp_T_plus_AD,identity,64.57539115891336,147877,81122,0.0297627709805965,0.0124999514522011,1848.4553208971483,1871,146006,0.0126524070680362,4.8547798859113755e-08,True,FEASIBLE,"selected calibrated PD ascending, then frozen base_order ascending"
1.26,0.0126,False,mlp_T_plus_AD,identity,64.94788186847977,148730,80269,0.0300944633781909,0.0125999120932696,1873.9849256320013,1904,146826,0.0128017212398305,8.790673030820152e-08,True,FEASIBLE,"selected calibrated PD ascending, then frozen base_order ascending"
1.27,0.0127,False,mlp_T_plus_AD,identity,65.31775247926846,149577,79422,0.0304200444370508,0.0126998898529965,1899.6114245416684,1927,147650,0.0128829967174097,1.1014700342613927e-07,True,FEASIBLE,"selected calibrated PD ascending, then frozen base_order ascending"
1.28,0.0128,False,mlp_T_plus_AD,identity,65.68500299127943,150418,78581,0.0307534746825695,0.0127999099088371,1925.336848667459,1953,148465,0.0129838184259862,9.009116289961094e-08,True,FEASIBLE,"selected calibrated PD ascending, then frozen base_order ascending"
1.29,0.0129,False,mlp_T_plus_AD,identity,66.04963340451269,151253,77746,0.0310971606522798,0.0128999754541612,1951.1599873682571,1982,149271,0.0131038723198878,2.4545838712281e-08,True,FEASIBLE,"selected calibrated PD ascending, then frozen base_order ascending"
1.3,0.013,False,mlp_T_plus_AD,identity,66.41077035270897,152080,76919,0.0314488373696804,0.0129999056272099,1977.025647786082,2005,150075,0.0131838506049447,9.437279009649747e-08,True,FEASIBLE,"selected calibrated PD ascending, then frozen base_order ascending"
1.31,0.0131,False,mlp_T_plus_AD,identity,66.76928720212752,152901,76098,0.0318008475005626,0.0130999084829642,2002.9891069537116,2039,150862,0.0133354261908031,9.151703578465233e-08,True,FEASIBLE,"selected calibrated PD ascending, then frozen base_order ascending"
1.32,0.0132,False,mlp_T_plus_AD,identity,67.12518395276835,153716,75283,0.0321341827511787,0.0131999235219297,2029.039444096954,2067,151649,0.0134468760571443,7.647807024648012e-08,True,FEASIBLE,"selected calibrated PD ascending, then frozen base_order ascending"
1.33,0.0133,False,mlp_T_plus_AD,identity,67.47846060463147,154525,74474,0.0324728824198246,0.0132999376775732,2055.172869627,2091,152434,0.0135317909723345,6.232242679045374e-08,True,FEASIBLE,"selected calibrated PD ascending, then frozen base_order ascending"
1.34,0.0134,False,mlp_T_plus_AD,identity,67.82911715771685,155328,73671,0.0328256674110889,0.0133999486725215,2081.38722740543,2121,153207,0.0136549752781211,5.1327478432436346e-08,True,FEASIBLE,"selected calibrated PD ascending, then frozen base_order ascending"
1.35,0.0135,False,mlp_T_plus_AD,identity,68.17715361202451,156125,72874,0.0331716798245906,0.013499988951574,2107.6857750644995,2144,153981,0.013732586068855,1.1048425943224749e-08,True,FEASIBLE,"selected calibrated PD ascending, then frozen base_order ascending"
1.36,0.0136,False,mlp_T_plus_AD,identity,68.52213328442483,156915,72084,0.033507764339447,0.0135998823511014,2134.0255391230894,2170,154745,0.0138291431666825,1.1764889851564877e-07,True,FEASIBLE,"selected calibrated PD ascending, then frozen base_order ascending"
1.37,0.0137,False,mlp_T_plus_AD,identity,68.86536622430665,157701,71298,0.0338646061718463,0.013699988825144,2160.5019377140416,2194,155507,0.0139124038528607,1.1174855952048037e-08,True,FEASIBLE,"selected calibrated PD ascending, then frozen base_order ascending"
1.38,0.0138,False,mlp_T_plus_AD,identity,69.20554238228115,158480,70519,0.0342182107269763,0.0137999860881565,2187.021795251043,2233,156247,0.0140901060070671,1.3911843494904264e-08,True,FEASIBLE,"selected calibrated PD ascending, then frozen base_order ascending"
1.39,0.0139,False,mlp_T_plus_AD,identity,69.54309844147791,159253,69746,0.0345585010945797,0.013899914508419,2213.6030852092517,2255,156998,0.0141598588409637,8.549158099502296e-08,True,FEASIBLE,"selected calibrated PD ascending, then frozen base_order ascending"
1.4,0.014,False,mlp_T_plus_AD,identity,69.87847108502658,160021,68978,0.0349179618060588,0.0139999308580032,2240.282935828538,2274,157747,0.0142106348541753,6.914199675127354e-08,True,FEASIBLE,"selected calibrated PD ascending, then frozen base_order ascending"
1.41,0.0141,False,mlp_T_plus_AD,identity,70.21122362979752,160783,68216,0.0352791845798492,0.014099921446504,2267.0276699332608,2308,158475,0.0143547514351641,7.85534959493045e-08,True,FEASIBLE,"selected calibrated PD ascending, then frozen base_order ascending"
1.42,0.0142,False,mlp_T_plus_AD,identity,70.54179275892035,161540,67459,0.0356224775314331,0.014199976818274,2293.8642552239908,2344,159196,0.0145103379967809,2.3181725946827547e-08,True,FEASIBLE,"selected calibrated PD ascending, then frozen base_order ascending"
1.43,0.0143,False,mlp_T_plus_AD,identity,70.86974178926546,162291,66708,0.0360035635530948,0.0142999849626619,2320.7588595753623,2371,159920,0.0146095593717458,1.5037338100404307e-08,True,FEASIBLE,"selected calibrated PD ascending, then frozen base_order ascending"
1.44,0.0144,False,mlp_T_plus_AD,identity,71.19507072083285,163036,65963,0.0363661013543605,0.0143999847085365,2347.715906940968,2391,160645,0.0146654726563458,1.5291463430558427e-08,True,FEASIBLE,"selected calibrated PD ascending, then frozen base_order ascending"
1.45,0.0145,False,mlp_T_plus_AD,identity,71.5177795536225,163775,65224,0.0367180332541465,0.0144998981619558,2374.720821474315,2411,161364,0.0147214165776217,1.0183804417633613e-07,True,FEASIBLE,"selected calibrated PD ascending, then frozen base_order ascending"
1.46,0.0146,False,mlp_T_plus_AD,identity,71.83874165389369,164510,64489,0.0370867811143398,0.014599980224539,2401.842746738912,2440,162070,0.0148319251109355,1.977546099443672e-08,True,FEASIBLE,"selected calibrated PD ascending, then frozen base_order ascending"
1.47,0.0147,False,mlp_T_plus_AD,identity,72.15708365538714,165239,63760,0.0374543294310569,0.0146999825090787,2429.010409817667,2464,162775,0.0149117339126961,1.7490921228741074e-08,True,FEASIBLE,"selected calibrated PD ascending, then frozen base_order ascending"
1.48,0.0148,False,mlp_T_plus_AD,identity,72.47280555810288,165962,63037,0.0378301553428173,0.0147999516742294,2456.2295797584666,2483,163479,0.0149612561911762,4.8325770558854675e-08,True,FEASIBLE,"selected calibrated PD ascending, then frozen base_order ascending"
1.49,0.0149,False,mlp_T_plus_AD,identity,72.78634404517051,166680,62319,0.0381985828280448,0.0148999582383639,2483.525039170505,2503,164177,0.0150167986561075,4.1761636039930334e-08,True,FEASIBLE,"selected calibrated PD ascending, then frozen base_order ascending"
1.5,0.015,True,mlp_T_plus_AD,identity,73.09726243346041,167392,61607,0.0385871157050132,0.0149998966039408,2510.862692326875,2538,164854,0.0151620149111068,1.0339605910174301e-07,True,FEASIBLE,"selected calibrated PD ascending, then frozen base_order ascending"
1.51,0.0151,False,mlp_T_plus_AD,identity,73.40599740610222,168099,60900,0.0389635525643825,0.015099901158068,2538.278284770073,2566,165533,0.0152648141868779,9.884193200027093e-08,True,FEASIBLE,"selected calibrated PD ascending, then frozen base_order ascending"
1.52,0.0152,False,mlp_T_plus_AD,identity,73.71254896309591,168801,60198,0.0393466055393219,0.0151999571533609,2565.7679674444807,2588,166213,0.0153316627271165,4.2846639056182134e-08,True,FEASIBLE,"selected calibrated PD ascending, then frozen base_order ascending"
1.53,0.0153,False,mlp_T_plus_AD,identity,74.01648042131188,169497,59502,0.0397444367408752,0.0152999411034142,2593.2941172054125,2611,166886,0.0154044024378012,5.8896585705681126e-08,True,FEASIBLE,"selected calibrated PD ascending, then frozen base_order ascending"
1.54,0.0154,False,mlp_T_plus_AD,identity,74.31779178075013,170187,58812,0.040154580026865,0.0153998989554481,2620.8626035308553,2640,167547,0.015512348181706,1.0104455184546669e-07,True,FEASIBLE,"selected calibrated PD ascending, then frozen base_order ascending"
1.55,0.0155,False,mlp_T_plus_AD,identity,74.61691972454028,170872,58127,0.0405412465333938,0.015499911311372,2648.500845596762,2661,168211,0.0155730605365419,8.868862796766742e-08,True,FEASIBLE,"selected calibrated PD ascending, then frozen base_order ascending"
1.56,0.0156,False,mlp_T_plus_AD,identity,74.91386425268233,171552,57447,0.0409338548779487,0.0155999535924107,2676.2032386852516,2684,168868,0.015645401977243,4.6407589235006326e-08,True,FEASIBLE,"selected calibrated PD ascending, then frozen base_order ascending"
1.57,0.0157,False,mlp_T_plus_AD,identity,75.20818868204664,172226,56773,0.0413224995136261,0.015699866403587,2703.925191224189,2713,169513,0.0157525576858314,1.3359641291496582e-07,True,FEASIBLE,"selected calibrated PD ascending, then frozen base_order ascending"
1.58,0.0158,False,mlp_T_plus_AD,identity,75.50076637889248,172896,56103,0.0417312420904636,0.0157999656981177,2731.750869341762,2735,170161,0.0158187580973533,3.4301882275572515e-08,True,FEASIBLE,"selected calibrated PD ascending, then frozen base_order ascending"
1.59,0.0159,False,mlp_T_plus_AD,identity,75.79072397696059,173560,55439,0.042132418602705,0.0158999324272505,2759.592272073598,2770,170790,0.0159598985941461,6.757274949309444e-08,True,FEASIBLE,"selected calibrated PD ascending, then frozen base_order ascending"
1.6,0.016,False,mlp_T_plus_AD,identity,76.07849815938062,174219,54780,0.0425414927303791,0.0159999507425426,2787.495418415041,2805,171414,0.0161004253267439,4.925745733172505e-08,True,FEASIBLE,"selected calibrated PD ascending, then frozen base_order ascending"
1.61,0.0161,False,mlp_T_plus_AD,identity,76.3636522430229,174872,54127,0.0429545901715755,0.0160998555829215,2815.41394549665,2840,172032,0.0162404501578297,1.444170784938026e-07,True,FEASIBLE,"selected calibrated PD ascending, then frozen base_order ascending"
1.62,0.0162,False,mlp_T_plus_AD,identity,76.6470595941467,175521,53478,0.0433639697730541,0.0161999187466523,2843.4259383311582,2869,172652,0.01634562246113,8.125334769945591e-08,True,FEASIBLE,"selected calibrated PD ascending, then frozen base_order ascending"
1.63,0.0163,False,mlp_T_plus_AD,identity,76.9282835296224,176165,52834,0.04374261200428,0.016299890613293,2871.470229890765,2902,173263,0.0164731927454375,1.0938670697707709e-07,True,FEASIBLE,"selected calibrated PD ascending, then frozen base_order ascending"
1.64,0.0164,False,mlp_T_plus_AD,identity,77.20776073257962,176805,52194,0.0441284701228141,0.0163998885528463,2899.5822955859912,2918,173887,0.016504058143152,1.1144715369310056e-07,True,FEASIBLE,"selected calibrated PD ascending, then frozen base_order ascending"
1.65,0.0165,False,mlp_T_plus_AD,identity,77.48505451988873,177440,51559,0.0445320717990398,0.01649984247822,2927.732049335362,2942,174498,0.0165802524797114,1.575217799740236e-07,True,FEASIBLE,"selected calibrated PD ascending, then frozen base_order ascending"
1.66,0.0166,False,mlp_T_plus_AD,identity,77.76060157467937,178071,50928,0.0449451096355915,0.0165999047476822,2955.96163832453,2970,175101,0.0166787405023838,9.525231772777865e-08,True,FEASIBLE,"selected calibrated PD ascending, then frozen base_order ascending"
1.67,0.0167,False,mlp_T_plus_AD,identity,78.0339652138219,178697,50302,0.0453516095876693,0.0166998822738106,2984.2188626831485,2996,175701,0.0167658102822095,1.1772618931094049e-07,True,FEASIBLE,"selected calibrated PD ascending, then frozen base_order ascending"
1.68,0.0168,False,mlp_T_plus_AD,identity,78.30558212044595,179319,49680,0.0457586832344532,0.0167999646881801,3012.552867919774,3017,176302,0.0168247648046219,3.53118198605229e-08,True,FEASIBLE,"selected calibrated PD ascending, then frozen base_order ascending"
1.69,0.0169,False,mlp_T_plus_AD,identity,78.57501561142189,179936,49063,0.0461915135383605,0.0168999623833868,3040.911631417097,3048,176888,0.0169393562155433,3.7616613143831585e-08,True,FEASIBLE,"selected calibrated PD ascending, then frozen base_order ascending"
1.7,0.017,False,mlp_T_plus_AD,identity,78.8418290036201,180547,48452,0.0466521754860878,0.0169998775393849,3069.2768901033414,3072,177475,0.0170149600934936,1.224606150131147e-07,True,FEASIBLE,"selected calibrated PD ascending, then frozen base_order ascending"
1.71,0.0171,False,mlp_T_plus_AD,identity,79.10689566329984,181154,47845,0.0470946691930294,0.0170999956761618,3097.732616719426,3099,178055,0.0171069918411958,4.32383813822601e-09,True,FEASIBLE,"selected calibrated PD ascending, then frozen base_order ascending"
1.72,0.0172,False,mlp_T_plus_AD,identity,79.36934222420186,181755,47244,0.0475112311542034,0.0171998668671233,3126.1618024339987,3132,178623,0.0172319881158702,1.331328766812634e-07,True,FEASIBLE,"selected calibrated PD ascending, then frozen base_order ascending"
1.73,0.0173,False,mlp_T_plus_AD,identity,79.630478735715,182353,46646,0.0479556210339069,0.0172999878964542,3154.704692882122,3155,179198,0.0173016073220621,1.2103545748987088e-08,True,FEASIBLE,"selected calibrated PD ascending, then frozen base_order ascending"
1.74,0.0174,False,mlp_T_plus_AD,identity,79.88899514845043,182945,46054,0.0483650751411914,0.0173998710837445,3183.219415415646,3179,179766,0.0173768072371477,1.2891625545199958e-07,True,FEASIBLE,"selected calibrated PD ascending, then frozen base_order ascending"
1.75,0.0175,True,mlp_T_plus_AD,identity,80.14620151179699,183534,45465,0.0487801246345043,0.0174999082241025,3211.8281560024334,3218,180316,0.0175335360205738,9.177589747194627e-08,True,FEASIBLE,"selected calibrated PD ascending, then frozen base_order ascending"
1.76,0.0176,False,mlp_T_plus_AD,identity,80.40166114262507,184119,44880,0.0492193922400474,0.0175999724558022,3240.489328589858,3247,180872,0.017635333670072,2.7544197731682596e-08,True,FEASIBLE,"selected calibrated PD ascending, then frozen base_order ascending"
1.77,0.0177,False,mlp_T_plus_AD,identity,80.65493735780505,184699,44300,0.0496605038642883,0.0176999476776631,3269.1626361167146,3272,181427,0.0177153097742813,5.2322336803467546e-08,True,FEASIBLE,"selected calibrated PD ascending, then frozen base_order ascending"
1.78,0.0178,False,mlp_T_plus_AD,identity,80.90646684046655,185275,43724,0.0501057654619216,0.0177999854308029,3297.892300692023,3295,181980,0.0177843745783295,1.4569197015479318e-08,True,FEASIBLE,"selected calibrated PD ascending, then frozen base_order ascending"
1.79,0.0179,False,mlp_T_plus_AD,identity,81.15581290747994,185846,43153,0.050531405955553,0.0178998803617017,3326.6211657008243,3321,182525,0.0178696339980413,1.196382982439348e-07,True,FEASIBLE,"selected calibrated PD ascending, then frozen base_order ascending"
1.8,0.018,False,mlp_T_plus_AD,identity,81.40384892510447,186414,42585,0.0509759150445461,0.0179999760579952,3355.44753687513,3357,183057,0.0180083040973317,2.394200472946584e-08,True,FEASIBLE,"selected calibrated PD ascending, then frozen base_order ascending"
1.81,0.0181,False,mlp_T_plus_AD,identity,81.64970152708091,186977,42022,0.0513988584280014,0.0180999251011033,3384.269695629002,3382,183595,0.0180877861983024,7.489889664730187e-08,True,FEASIBLE,"selected calibrated PD ascending, then frozen base_order ascending"
1.82,0.0182,False,mlp_T_plus_AD,identity,81.89380739653885,187536,41463,0.0518766269087791,0.0181999004499395,3413.1365307798696,3413,184123,0.0181991724255609,9.955006041728609e-08,True,FEASIBLE,"selected calibrated PD ascending, then frozen base_order ascending"
1.83,0.0183,False,mlp_T_plus_AD,identity,82.13616653347832,188091,40908,0.0523412004113197,0.0182999877806389,3442.063001648159,3436,184655,0.0182677533746962,1.2219361057719258e-08,True,FEASIBLE,"selected calibrated PD ascending, then frozen base_order ascending"
1.84,0.0184,False,mlp_T_plus_AD,identity,82.37634225476967,188641,40358,0.0527906380593776,0.0183998861300023,3470.9729194497777,3461,185180,0.0183470189407392,1.1386999762552641e-07,True,FEASIBLE,"selected calibrated PD ascending, then frozen base_order ascending"
1.85,0.0185,False,mlp_T_plus_AD,identity,82.61520792667217,189188,39811,0.0532365813851356,0.0184999579001157,3499.970035207094,3487,185701,0.0184314015688098,4.2099884273172357e-08,True,FEASIBLE,"selected calibrated PD ascending, then frozen base_order ascending"
1.86,0.0186,False,mlp_T_plus_AD,identity,82.85232686605619,189731,39268,0.0536694042384624,0.0185999972623237,3528.996080577941,3521,186210,0.0185578529602437,2.737676283587342e-09,True,FEASIBLE,"selected calibrated PD ascending, then frozen base_order ascending"
1.87,0.0187,False,mlp_T_plus_AD,identity,83.0872623897921,190269,38730,0.0541299246251583,0.0186998306271493,3557.998073597075,3553,186716,0.0186735621672474,1.6937285067519794e-07,True,FEASIBLE,"selected calibrated PD ascending, then frozen base_order ascending"
1.88,0.0188,False,mlp_T_plus_AD,identity,83.32088786413914,190804,38195,0.0546139255166053,0.0187998688667048,3587.090179242761,3598,187206,0.018857047022075,1.311332951045574e-07,True,FEASIBLE,"selected calibrated PD ascending, then frozen base_order ascending"
1.89,0.0189,False,mlp_T_plus_AD,identity,83.5527666059677,191335,37664,0.0551037676632404,0.0188999792183003,3616.227523733498,3627,187708,0.0189562808686335,2.078169964933596e-08,True,FEASIBLE,"selected calibrated PD ascending, then frozen base_order ascending"
1.9,0.019,False,mlp_T_plus_AD,identity,83.78246193214818,191861,37138,0.0555804781615734,0.0189999010648836,3645.3400182096375,3662,188199,0.0190867346672851,9.893511637368293e-08,True,FEASIBLE,"selected calibrated PD ascending, then frozen base_order ascending"
1.91,0.0191,False,mlp_T_plus_AD,identity,84.01041052581016,192383,36616,0.0560804009437561,0.0190998250692625,3674.4816462999297,3688,188695,0.0191700929915844,1.7493073748917065e-07,True,FEASIBLE,"selected calibrated PD ascending, then frozen base_order ascending"
1.92,0.0192,False,mlp_T_plus_AD,identity,84.23704907008327,192902,36097,0.0565540380775928,0.0191999299200896,3703.704881445141,3709,189193,0.0192273797057573,7.00799103123262e-08,True,FEASIBLE,"selected calibrated PD ascending, then frozen base_order ascending"
1.93,0.0193,False,mlp_T_plus_AD,identity,84.4615041987083,193416,35583,0.0570095628499984,0.0192998230164806,3732.8945685556246,3731,189685,0.0192900277122885,1.769835193364544e-07,True,FEASIBLE,"selected calibrated PD ascending, then frozen base_order ascending"
1.94,0.0194,False,mlp_T_plus_AD,identity,84.68508596107407,193928,35071,0.0575019493699073,0.0193999982943648,3762.202869229586,3761,190167,0.0193937956354935,1.7056351539479484e-09,True,FEASIBLE,"selected calibrated PD ascending, then frozen base_order ascending"
1.95,0.0195,False,mlp_T_plus_AD,identity,84.90604762466212,194434,34565,0.0580153539776802,0.0194998189454391,3791.42779683751,3784,190650,0.0194616167954164,1.8105456087852414e-07,True,FEASIBLE,"selected calibrated PD ascending, then frozen base_order ascending"
1.96,0.0196,False,mlp_T_plus_AD,identity,85.1256992388613,194937,34062,0.0584920980036258,0.0195998139382488,3820.728929680408,3812,191125,0.019555035729492,1.860617511902085e-07,True,FEASIBLE,"selected calibrated PD ascending, then frozen base_order ascending"
1.97,0.0197,False,mlp_T_plus_AD,identity,85.34404080367163,195437,33562,0.059022843837738,0.019699994174989,3850.1077615773393,3847,191590,0.0196840925720308,5.825010928467433e-09,True,FEASIBLE,"selected calibrated PD ascending, then frozen base_order ascending"
1.98,0.0198,False,mlp_T_plus_AD,identity,85.56019895283386,195932,33067,0.0595421865582466,0.0197999911596569,3879.4518678939057,3885,192047,0.0198283077802502,8.840343051347288e-09,True,FEASIBLE,"selected calibrated PD ascending, then frozen base_order ascending"
1.99,0.0199,False,mlp_T_plus_AD,identity,85.77417368634798,196422,32577,0.0600827485322952,0.0198998289597724,3908.764203936429,3918,192504,0.0199468491309527,1.7104022752637005e-07,True,FEASIBLE,"selected calibrated PD ascending, then frozen base_order ascending"
2.0,0.02,True,mlp_T_plus_AD,identity,85.98683837047324,196909,32090,0.0605666562914848,0.019999808968903,3938.142384257735,3957,192952,0.0200955771447724,1.9103109692719666e-07,True,FEASIBLE,"selected calibrated PD ascending, then frozen base_order ascending"
