algorithm_family,t_model_id,t_plus_ad_model_id,n_bins,t_risk_bin,t_plus_ad_risk_bin,case_count,share_of_total,share_within_t_bin,target_default_count,observed_default_rate,bin_assignment
logit,logit_T,logit_T_plus_AD,5,1,1,33109,0.1445814173861021,0.7229039301310044,189,0.005708417650789816,"separate global stable ranks by selected calibrated PD ascending, then frozen base_order ascending; bin 1 lowest risk"
logit,logit_T,logit_T_plus_AD,5,1,2,9814,0.04285608234097092,0.21427947598253275,131,0.013348277970246587,"separate global stable ranks by selected calibrated PD ascending, then frozen base_order ascending; bin 1 lowest risk"
logit,logit_T,logit_T_plus_AD,5,1,3,2666,0.011641972235686618,0.058209606986899566,53,0.019879969992498126,"separate global stable ranks by selected calibrated PD ascending, then frozen base_order ascending; bin 1 lowest risk"
logit,logit_T,logit_T_plus_AD,5,1,4,190,0.0008296979462792414,0.004148471615720524,6,0.031578947368421054,"separate global stable ranks by selected calibrated PD ascending, then frozen base_order ascending; bin 1 lowest risk"
logit,logit_T,logit_T_plus_AD,5,1,5,21,9.17034572203372e-05,0.00045851528384279475,0,0.0,"separate global stable ranks by selected calibrated PD ascending, then frozen base_order ascending; bin 1 lowest risk"
logit,logit_T,logit_T_plus_AD,5,2,1,10473,0.04573382416517103,0.22866812227074235,70,0.006683853719087177,"separate global stable ranks by selected calibrated PD ascending, then frozen base_order ascending; bin 1 lowest risk"
logit,logit_T,logit_T_plus_AD,5,2,2,20273,0.08852877086799506,0.4426419213973799,261,0.01287426626547625,"separate global stable ranks by selected calibrated PD ascending, then frozen base_order ascending; bin 1 lowest risk"
logit,logit_T,logit_T_plus_AD,5,2,3,11241,0.04908755060065764,0.24543668122270743,209,0.018592651899297215,"separate global stable ranks by selected calibrated PD ascending, then frozen base_order ascending; bin 1 lowest risk"
logit,logit_T,logit_T_plus_AD,5,2,4,3633,0.015864698099118335,0.0793231441048035,93,0.02559867877786953,"separate global stable ranks by selected calibrated PD ascending, then frozen base_order ascending; bin 1 lowest risk"
logit,logit_T,logit_T_plus_AD,5,2,5,180,0.0007860296333171761,0.003930131004366812,6,0.03333333333333333,"separate global stable ranks by selected calibrated PD ascending, then frozen base_order ascending; bin 1 lowest risk"
logit,logit_T,logit_T_plus_AD,5,3,1,1841,0.008039336416316229,0.04019650655021834,16,0.008690928843020097,"separate global stable ranks by selected calibrated PD ascending, then frozen base_order ascending; bin 1 lowest risk"
logit,logit_T,logit_T_plus_AD,5,3,2,12726,0.055572295075524344,0.27786026200873365,168,0.013201320132013201,"separate global stable ranks by selected calibrated PD ascending, then frozen base_order ascending; bin 1 lowest risk"
logit,logit_T,logit_T_plus_AD,5,3,3,17188,0.0750570963191979,0.37528384279475985,357,0.020770304863858505,"separate global stable ranks by selected calibrated PD ascending, then frozen base_order ascending; bin 1 lowest risk"
logit,logit_T,logit_T_plus_AD,5,3,4,12752,0.055685832689225716,0.2784279475982533,425,0.03332810539523212,"separate global stable ranks by selected calibrated PD ascending, then frozen base_order ascending; bin 1 lowest risk"
logit,logit_T,logit_T_plus_AD,5,3,5,1293,0.005646312865995048,0.028231441048034933,64,0.04949729311678268,"separate global stable ranks by selected calibrated PD ascending, then frozen base_order ascending; bin 1 lowest risk"
logit,logit_T,logit_T_plus_AD,5,4,1,344,0.0015021899658950477,0.007510917030567685,3,0.00872093023255814,"separate global stable ranks by selected calibrated PD ascending, then frozen base_order ascending; bin 1 lowest risk"
logit,logit_T,logit_T_plus_AD,5,4,2,2805,0.012248961785859326,0.061244541484716156,44,0.01568627450980392,"separate global stable ranks by selected calibrated PD ascending, then frozen base_order ascending; bin 1 lowest risk"
logit,logit_T,logit_T_plus_AD,5,4,3,13248,0.05785178101214416,0.28925764192139736,314,0.02370169082125604,"separate global stable ranks by selected calibrated PD ascending, then frozen base_order ascending; bin 1 lowest risk"
logit,logit_T,logit_T_plus_AD,5,4,4,19144,0.08359861833457788,0.41799126637554584,690,0.036042624320936065,"separate global stable ranks by selected calibrated PD ascending, then frozen base_order ascending; bin 1 lowest risk"
logit,logit_T,logit_T_plus_AD,5,4,5,10259,0.044799322267782826,0.22399563318777294,543,0.05292913539331319,"separate global stable ranks by selected calibrated PD ascending, then frozen base_order ascending; bin 1 lowest risk"
logit,logit_T,logit_T_plus_AD,5,5,1,33,0.0001441054327748156,0.000720539749776196,0,0.0,"separate global stable ranks by selected calibrated PD ascending, then frozen base_order ascending; bin 1 lowest risk"
logit,logit_T,logit_T_plus_AD,5,5,2,182,0.0007947632959095891,0.003973885892705081,4,0.02197802197802198,"separate global stable ranks by selected calibrated PD ascending, then frozen base_order ascending; bin 1 lowest risk"
logit,logit_T,logit_T_plus_AD,5,5,3,1457,0.00636247319857292,0.031812921679512655,38,0.02608098833218943,"separate global stable ranks by selected calibrated PD ascending, then frozen base_order ascending; bin 1 lowest risk"
logit,logit_T,logit_T_plus_AD,5,5,4,10081,0.044022026297058064,0.22011397628769186,454,0.04503521476044043,"separate global stable ranks by selected calibrated PD ascending, then frozen base_order ascending; bin 1 lowest risk"
logit,logit_T,logit_T_plus_AD,5,5,5,34046,0.14867313831064766,0.7433786763903142,3061,0.08990777183810139,"separate global stable ranks by selected calibrated PD ascending, then frozen base_order ascending; bin 1 lowest risk"
logit,logit_T,logit_T_plus_AD,10,1,1,14815,0.06469460565329979,0.646943231441048,66,0.004454944313196085,"separate global stable ranks by selected calibrated PD ascending, then frozen base_order ascending; bin 1 lowest risk"
logit,logit_T,logit_T_plus_AD,10,1,2,4878,0.02130140306289547,0.21301310043668123,36,0.007380073800738007,"separate global stable ranks by selected calibrated PD ascending, then frozen base_order ascending; bin 1 lowest risk"
logit,logit_T,logit_T_plus_AD,10,1,3,1955,0.008537155184083774,0.0853711790393013,28,0.01432225063938619,"separate global stable ranks by selected calibrated PD ascending, then frozen base_order ascending; bin 1 lowest risk"
logit,logit_T,logit_T_plus_AD,10,1,4,901,0.003934514997882087,0.03934497816593886,18,0.01997780244173141,"separate global stable ranks by selected calibrated PD ascending, then frozen base_order ascending; bin 1 lowest risk"
logit,logit_T,logit_T_plus_AD,10,1,5,250,0.0010917078240516335,0.010917030567685589,3,0.012,"separate global stable ranks by selected calibrated PD ascending, then frozen base_order ascending; bin 1 lowest risk"
logit,logit_T,logit_T_plus_AD,10,1,6,74,0.0003231455159192835,0.0032314410480349344,2,0.02702702702702703,"separate global stable ranks by selected calibrated PD ascending, then frozen base_order ascending; bin 1 lowest risk"
logit,logit_T,logit_T_plus_AD,10,1,7,19,8.296979462792414e-05,0.0008296943231441048,0,0.0,"separate global stable ranks by selected calibrated PD ascending, then frozen base_order ascending; bin 1 lowest risk"
logit,logit_T,logit_T_plus_AD,10,1,8,7,3.056781907344573e-05,0.0003056768558951965,0,0.0,"separate global stable ranks by selected calibrated PD ascending, then frozen base_order ascending; bin 1 lowest risk"
logit,logit_T,logit_T_plus_AD,10,1,9,0,0.0,0.0,0,,"separate global stable ranks by selected calibrated PD ascending, then frozen base_order ascending; bin 1 lowest risk"
logit,logit_T,logit_T_plus_AD,10,1,10,1,4.366831296206534e-06,4.3668122270742355e-05,0,0.0,"separate global stable ranks by selected calibrated PD ascending, then frozen base_order ascending; bin 1 lowest risk"
logit,logit_T,logit_T_plus_AD,10,2,1,5355,0.02338438159118599,0.23384279475982533,19,0.0035480859010270775,"separate global stable ranks by selected calibrated PD ascending, then frozen base_order ascending; bin 1 lowest risk"
logit,logit_T,logit_T_plus_AD,10,2,2,8061,0.035201027078720866,0.3520087336244542,68,0.008435677955588637,"separate global stable ranks by selected calibrated PD ascending, then frozen base_order ascending; bin 1 lowest risk"
logit,logit_T,logit_T_plus_AD,10,2,3,4539,0.019821047253481456,0.19820960698689957,50,0.011015642211940957,"separate global stable ranks by selected calibrated PD ascending, then frozen base_order ascending; bin 1 lowest risk"
logit,logit_T,logit_T_plus_AD,10,2,4,2419,0.010563364905523604,0.10563318777292577,35,0.014468788755684168,"separate global stable ranks by selected calibrated PD ascending, then frozen base_order ascending; bin 1 lowest risk"
logit,logit_T,logit_T_plus_AD,10,2,5,1734,0.0075720854676221295,0.07572052401746725,36,0.020761245674740483,"separate global stable ranks by selected calibrated PD ascending, then frozen base_order ascending; bin 1 lowest risk"
logit,logit_T,logit_T_plus_AD,10,2,6,608,0.0026550334280935725,0.026550218340611352,12,0.019736842105263157,"separate global stable ranks by selected calibrated PD ascending, then frozen base_order ascending; bin 1 lowest risk"
logit,logit_T,logit_T_plus_AD,10,2,7,135,0.000589522224987882,0.0058951965065502186,4,0.02962962962962963,"separate global stable ranks by selected calibrated PD ascending, then frozen base_order ascending; bin 1 lowest risk"
logit,logit_T,logit_T_plus_AD,10,2,8,29,0.00012663810758998948,0.0012663755458515284,2,0.06896551724137931,"separate global stable ranks by selected calibrated PD ascending, then frozen base_order ascending; bin 1 lowest risk"
logit,logit_T,logit_T_plus_AD,10,2,9,12,5.24019755544784e-05,0.0005240174672489083,0,0.0,"separate global stable ranks by selected calibrated PD ascending, then frozen base_order ascending; bin 1 lowest risk"
logit,logit_T,logit_T_plus_AD,10,2,10,8,3.493465036965227e-05,0.00034934497816593884,0,0.0,"separate global stable ranks by selected calibrated PD ascending, then frozen base_order ascending; bin 1 lowest risk"
logit,logit_T,logit_T_plus_AD,10,3,1,1591,0.006947628592264595,0.06947598253275108,9,0.0056568196103079825,"separate global stable ranks by selected calibrated PD ascending, then frozen base_order ascending; bin 1 lowest risk"
logit,logit_T,logit_T_plus_AD,10,3,2,5673,0.024773033943379666,0.24772925764192139,33,0.005817028027498678,"separate global stable ranks by selected calibrated PD ascending, then frozen base_order ascending; bin 1 lowest risk"
logit,logit_T,logit_T_plus_AD,10,3,3,5937,0.02592587740557819,0.2592576419213974,78,0.013137948458817585,"separate global stable ranks by selected calibrated PD ascending, then frozen base_order ascending; bin 1 lowest risk"
logit,logit_T,logit_T_plus_AD,10,3,4,3976,0.017362521233717176,0.1736244541484716,52,0.013078470824949699,"separate global stable ranks by selected calibrated PD ascending, then frozen base_order ascending; bin 1 lowest risk"
logit,logit_T,logit_T_plus_AD,10,3,5,2686,0.011729308861610749,0.11729257641921398,45,0.01675353685778109,"separate global stable ranks by selected calibrated PD ascending, then frozen base_order ascending; bin 1 lowest risk"
logit,logit_T,logit_T_plus_AD,10,3,6,2113,0.009227114528884405,0.0922707423580786,44,0.02082347373402745,"separate global stable ranks by selected calibrated PD ascending, then frozen base_order ascending; bin 1 lowest risk"
logit,logit_T,logit_T_plus_AD,10,3,7,753,0.0032882239660435198,0.032882096069869,19,0.025232403718459494,"separate global stable ranks by selected calibrated PD ascending, then frozen base_order ascending; bin 1 lowest risk"
logit,logit_T,logit_T_plus_AD,10,3,8,124,0.0005414870807296102,0.005414847161572052,4,0.03225806451612903,"separate global stable ranks by selected calibrated PD ascending, then frozen base_order ascending; bin 1 lowest risk"
logit,logit_T,logit_T_plus_AD,10,3,9,33,0.0001441054327748156,0.001441048034934498,2,0.06060606060606061,"separate global stable ranks by selected calibrated PD ascending, then frozen base_order ascending; bin 1 lowest risk"
logit,logit_T,logit_T_plus_AD,10,3,10,14,6.113563814689147e-05,0.000611353711790393,1,0.07142857142857142,"separate global stable ranks by selected calibrated PD ascending, then frozen base_order ascending; bin 1 lowest risk"
logit,logit_T,logit_T_plus_AD,10,4,1,640,0.0027947720295721816,0.02794759825327511,4,0.00625,"separate global stable ranks by selected calibrated PD ascending, then frozen base_order ascending; bin 1 lowest risk"
logit,logit_T,logit_T_plus_AD,10,4,2,2569,0.011218389599954585,0.11218340611353712,24,0.009342156481121059,"separate global stable ranks by selected calibrated PD ascending, then frozen base_order ascending; bin 1 lowest risk"
logit,logit_T,logit_T_plus_AD,10,4,3,5270,0.02301320093100843,0.23013100436681222,61,0.01157495256166983,"separate global stable ranks by selected calibrated PD ascending, then frozen base_order ascending; bin 1 lowest risk"
logit,logit_T,logit_T_plus_AD,10,4,4,5090,0.022227171297691257,0.22227074235807862,70,0.0137524557956778,"separate global stable ranks by selected calibrated PD ascending, then frozen base_order ascending; bin 1 lowest risk"
logit,logit_T,logit_T_plus_AD,10,4,5,3620,0.015807929292267653,0.15807860262008733,59,0.016298342541436465,"separate global stable ranks by selected calibrated PD ascending, then frozen base_order ascending; bin 1 lowest risk"
logit,logit_T,logit_T_plus_AD,10,4,6,2822,0.012323197917894838,0.12323144104803493,61,0.02161587526576896,"separate global stable ranks by selected calibrated PD ascending, then frozen base_order ascending; bin 1 lowest risk"
logit,logit_T,logit_T_plus_AD,10,4,7,2228,0.009729300127948157,0.09729257641921397,51,0.02289048473967684,"separate global stable ranks by selected calibrated PD ascending, then frozen base_order ascending; bin 1 lowest risk"
logit,logit_T,logit_T_plus_AD,10,4,8,528,0.0023056869243970497,0.023056768558951966,19,0.03598484848484849,"separate global stable ranks by selected calibrated PD ascending, then frozen base_order ascending; bin 1 lowest risk"
logit,logit_T,logit_T_plus_AD,10,4,9,107,0.0004672509486940991,0.004672489082969433,3,0.028037383177570093,"separate global stable ranks by selected calibrated PD ascending, then frozen base_order ascending; bin 1 lowest risk"
logit,logit_T,logit_T_plus_AD,10,4,10,26,0.00011353761370136988,0.0011353711790393012,0,0.0,"separate global stable ranks by selected calibrated PD ascending, then frozen base_order ascending; bin 1 lowest risk"
logit,logit_T,logit_T_plus_AD,10,5,1,277,0.0012096122690492099,0.012096069868995633,2,0.007220216606498195,"separate global stable ranks by selected calibrated PD ascending, then frozen base_order ascending; bin 1 lowest risk"
logit,logit_T,logit_T_plus_AD,10,5,2,1032,0.0045065698976851426,0.04506550218340611,11,0.01065891472868217,"separate global stable ranks by selected calibrated PD ascending, then frozen base_order ascending; bin 1 lowest risk"
logit,logit_T,logit_T_plus_AD,10,5,3,3018,0.013179096851951318,0.13179039301310044,28,0.00927766732935719,"separate global stable ranks by selected calibrated PD ascending, then frozen base_order ascending; bin 1 lowest risk"
logit,logit_T,logit_T_plus_AD,10,5,4,4857,0.021209699605675134,0.21209606986899562,73,0.015029853819229977,"separate global stable ranks by selected calibrated PD ascending, then frozen base_order ascending; bin 1 lowest risk"
logit,logit_T,logit_T_plus_AD,10,5,5,4593,0.02005685614347661,0.20056768558951965,71,0.01545830611800566,"separate global stable ranks by selected calibrated PD ascending, then frozen base_order ascending; bin 1 lowest risk"
logit,logit_T,logit_T_plus_AD,10,5,6,3587,0.015663823859492835,0.15663755458515283,91,0.025369389461945915,"separate global stable ranks by selected calibrated PD ascending, then frozen base_order ascending; bin 1 lowest risk"
logit,logit_T,logit_T_plus_AD,10,5,7,3283,0.01433630714544605,0.14336244541484716,97,0.02954614681693573,"separate global stable ranks by selected calibrated PD ascending, then frozen base_order ascending; bin 1 lowest risk"
logit,logit_T,logit_T_plus_AD,10,5,8,1965,0.008580823497045838,0.08580786026200873,66,0.03358778625954199,"separate global stable ranks by selected calibrated PD ascending, then frozen base_order ascending; bin 1 lowest risk"
logit,logit_T,logit_T_plus_AD,10,5,9,240,0.001048039511089568,0.010480349344978166,7,0.029166666666666667,"separate global stable ranks by selected calibrated PD ascending, then frozen base_order ascending; bin 1 lowest risk"
logit,logit_T,logit_T_plus_AD,10,5,10,48,0.0002096079022179136,0.002096069868995633,1,0.020833333333333332,"separate global stable ranks by selected calibrated PD ascending, then frozen base_order ascending; bin 1 lowest risk"
logit,logit_T,logit_T_plus_AD,10,6,1,115,0.0005021855990637513,0.005021834061135371,0,0.0,"separate global stable ranks by selected calibrated PD ascending, then frozen base_order ascending; bin 1 lowest risk"
logit,logit_T,logit_T_plus_AD,10,6,2,417,0.0018209686505181245,0.018209606986899562,3,0.007194244604316547,"separate global stable ranks by selected calibrated PD ascending, then frozen base_order ascending; bin 1 lowest risk"
logit,logit_T,logit_T_plus_AD,10,6,3,1435,0.006266402910056376,0.06266375545851528,20,0.013937282229965157,"separate global stable ranks by selected calibrated PD ascending, then frozen base_order ascending; bin 1 lowest risk"
logit,logit_T,logit_T_plus_AD,10,6,4,3416,0.01491709570784152,0.1491703056768559,47,0.013758782201405152,"separate global stable ranks by selected calibrated PD ascending, then frozen base_order ascending; bin 1 lowest risk"
logit,logit_T,logit_T_plus_AD,10,6,5,4656,0.02033196651513762,0.2033187772925764,88,0.018900343642611683,"separate global stable ranks by selected calibrated PD ascending, then frozen base_order ascending; bin 1 lowest risk"
logit,logit_T,logit_T_plus_AD,10,6,6,4352,0.019004449801090836,0.19004366812227075,107,0.02458639705882353,"separate global stable ranks by selected calibrated PD ascending, then frozen base_order ascending; bin 1 lowest risk"
logit,logit_T,logit_T_plus_AD,10,6,7,3857,0.0168428683094686,0.16842794759825327,112,0.029038112522686024,"separate global stable ranks by selected calibrated PD ascending, then frozen base_order ascending; bin 1 lowest risk"
logit,logit_T,logit_T_plus_AD,10,6,8,3647,0.01592583373726523,0.15925764192139738,150,0.04112969564025226,"separate global stable ranks by selected calibrated PD ascending, then frozen base_order ascending; bin 1 lowest risk"
logit,logit_T,logit_T_plus_AD,10,6,9,902,0.003938881829178294,0.03938864628820961,47,0.052106430155210645,"separate global stable ranks by selected calibrated PD ascending, then frozen base_order ascending; bin 1 lowest risk"
logit,logit_T,logit_T_plus_AD,10,6,10,103,0.00044978362350927295,0.0044978165938864625,9,0.08737864077669903,"separate global stable ranks by selected calibrated PD ascending, then frozen base_order ascending; bin 1 lowest risk"
logit,logit_T,logit_T_plus_AD,10,7,1,65,0.0002838440342534247,0.0028384279475982535,1,0.015384615384615385,"separate global stable ranks by selected calibrated PD ascending, then frozen base_order ascending; bin 1 lowest risk"
logit,logit_T,logit_T_plus_AD,10,7,2,167,0.0007292608264664911,0.007292576419213974,1,0.005988023952095809,"separate global stable ranks by selected calibrated PD ascending, then frozen base_order ascending; bin 1 lowest risk"
logit,logit_T,logit_T_plus_AD,10,7,3,531,0.0023187874182856692,0.023187772925764193,9,0.01694915254237288,"separate global stable ranks by selected calibrated PD ascending, then frozen base_order ascending; bin 1 lowest risk"
logit,logit_T,logit_T_plus_AD,10,7,4,1674,0.007310075589849738,0.07310043668122271,26,0.015531660692951015,"separate global stable ranks by selected calibrated PD ascending, then frozen base_order ascending; bin 1 lowest risk"
logit,logit_T,logit_T_plus_AD,10,7,5,3558,0.015537185751902848,0.1553711790393013,58,0.016301292861157952,"separate global stable ranks by selected calibrated PD ascending, then frozen base_order ascending; bin 1 lowest risk"
logit,logit_T,logit_T_plus_AD,10,7,6,4726,0.02063764470587208,0.2063755458515284,135,0.028565382987727466,"separate global stable ranks by selected calibrated PD ascending, then frozen base_order ascending; bin 1 lowest risk"
logit,logit_T,logit_T_plus_AD,10,7,7,4416,0.019283927004048053,0.19283842794759826,127,0.028759057971014492,"separate global stable ranks by selected calibrated PD ascending, then frozen base_order ascending; bin 1 lowest risk"
logit,logit_T,logit_T_plus_AD,10,7,8,4555,0.01989091655422076,0.19890829694323145,176,0.038638858397365534,"separate global stable ranks by selected calibrated PD ascending, then frozen base_order ascending; bin 1 lowest risk"
logit,logit_T,logit_T_plus_AD,10,7,9,2956,0.012908353311586513,0.1290829694323144,147,0.04972936400541272,"separate global stable ranks by selected calibrated PD ascending, then frozen base_order ascending; bin 1 lowest risk"
logit,logit_T,logit_T_plus_AD,10,7,10,252,0.0011004414866440464,0.011004366812227074,20,0.07936507936507936,"separate global stable ranks by selected calibrated PD ascending, then frozen base_order ascending; bin 1 lowest risk"
logit,logit_T,logit_T_plus_AD,10,8,1,29,0.00012663810758998948,0.0012663755458515284,0,0.0,"separate global stable ranks by selected calibrated PD ascending, then frozen base_order ascending; bin 1 lowest risk"
logit,logit_T,logit_T_plus_AD,10,8,2,83,0.0003624469975851423,0.0036244541484716157,1,0.012048192771084338,"separate global stable ranks by selected calibrated PD ascending, then frozen base_order ascending; bin 1 lowest risk"
logit,logit_T,logit_T_plus_AD,10,8,3,160,0.0006986930073930454,0.0069868995633187774,3,0.01875,"separate global stable ranks by selected calibrated PD ascending, then frozen base_order ascending; bin 1 lowest risk"
logit,logit_T,logit_T_plus_AD,10,8,4,440,0.0019214057703308748,0.01921397379912664,6,0.013636363636363636,"separate global stable ranks by selected calibrated PD ascending, then frozen base_order ascending; bin 1 lowest risk"
logit,logit_T,logit_T_plus_AD,10,8,5,1454,0.0063493727046843,0.06349344978165938,26,0.017881705639614855,"separate global stable ranks by selected calibrated PD ascending, then frozen base_order ascending; bin 1 lowest risk"
logit,logit_T,logit_T_plus_AD,10,8,6,3510,0.015327577849684934,0.15327510917030568,95,0.027065527065527065,"separate global stable ranks by selected calibrated PD ascending, then frozen base_order ascending; bin 1 lowest risk"
logit,logit_T,logit_T_plus_AD,10,8,7,4997,0.02182105598714405,0.21820960698689956,171,0.034220532319391636,"separate global stable ranks by selected calibrated PD ascending, then frozen base_order ascending; bin 1 lowest risk"
logit,logit_T,logit_T_plus_AD,10,8,8,5176,0.02260271878916502,0.22602620087336245,216,0.04173106646058733,"separate global stable ranks by selected calibrated PD ascending, then frozen base_order ascending; bin 1 lowest risk"
logit,logit_T,logit_T_plus_AD,10,8,9,6010,0.026244656090201268,0.26244541484716155,314,0.052246256239600664,"separate global stable ranks by selected calibrated PD ascending, then frozen base_order ascending; bin 1 lowest risk"
logit,logit_T,logit_T_plus_AD,10,8,10,1041,0.004545871379351002,0.045458515283842794,62,0.059558117195004805,"separate global stable ranks by selected calibrated PD ascending, then frozen base_order ascending; bin 1 lowest risk"
logit,logit_T,logit_T_plus_AD,10,9,1,12,5.24019755544784e-05,0.0005240174672489083,0,0.0,"separate global stable ranks by selected calibrated PD ascending, then frozen base_order ascending; bin 1 lowest risk"
logit,logit_T,logit_T_plus_AD,10,9,2,17,7.423613203551108e-05,0.0007423580786026201,0,0.0,"separate global stable ranks by selected calibrated PD ascending, then frozen base_order ascending; bin 1 lowest risk"
logit,logit_T,logit_T_plus_AD,10,9,3,48,0.0002096079022179136,0.002096069868995633,0,0.0,"separate global stable ranks by selected calibrated PD ascending, then frozen base_order ascending; bin 1 lowest risk"
logit,logit_T,logit_T_plus_AD,10,9,4,113,0.0004934519364713383,0.004934497816593887,3,0.02654867256637168,"separate global stable ranks by selected calibrated PD ascending, then frozen base_order ascending; bin 1 lowest risk"
logit,logit_T,logit_T_plus_AD,10,9,5,320,0.0013973860147860908,0.013973799126637555,9,0.028125,"separate global stable ranks by selected calibrated PD ascending, then frozen base_order ascending; bin 1 lowest risk"
logit,logit_T,logit_T_plus_AD,10,9,6,1037,0.004528404054166176,0.045283842794759825,25,0.024108003857280617,"separate global stable ranks by selected calibrated PD ascending, then frozen base_order ascending; bin 1 lowest risk"
logit,logit_T,logit_T_plus_AD,10,9,7,2959,0.012921453805475134,0.12921397379912664,103,0.034809057113889826,"separate global stable ranks by selected calibrated PD ascending, then frozen base_order ascending; bin 1 lowest risk"
logit,logit_T,logit_T_plus_AD,10,9,8,5661,0.024720631967825188,0.2472052401746725,272,0.04804804804804805,"separate global stable ranks by selected calibrated PD ascending, then frozen base_order ascending; bin 1 lowest risk"
logit,logit_T,logit_T_plus_AD,10,9,9,7670,0.03349359604190411,0.3349344978165939,411,0.05358539765319426,"separate global stable ranks by selected calibrated PD ascending, then frozen base_order ascending; bin 1 lowest risk"
logit,logit_T,logit_T_plus_AD,10,9,10,5063,0.02210926685269368,0.22109170305676856,409,0.08078214497333597,"separate global stable ranks by selected calibrated PD ascending, then frozen base_order ascending; bin 1 lowest risk"
logit,logit_T,logit_T_plus_AD,10,10,1,1,4.366831296206534e-06,4.36700292589196e-05,0,0.0,"separate global stable ranks by selected calibrated PD ascending, then frozen base_order ascending; bin 1 lowest risk"
logit,logit_T,logit_T_plus_AD,10,10,2,3,1.31004938886196e-05,0.00013101008777675882,0,0.0,"separate global stable ranks by selected calibrated PD ascending, then frozen base_order ascending; bin 1 lowest risk"
logit,logit_T,logit_T_plus_AD,10,10,3,7,3.056781907344573e-05,0.0003056902048124372,0,0.0,"separate global stable ranks by selected calibrated PD ascending, then frozen base_order ascending; bin 1 lowest risk"
logit,logit_T,logit_T_plus_AD,10,10,4,14,6.113563814689147e-05,0.0006113804096248744,1,0.07142857142857142,"separate global stable ranks by selected calibrated PD ascending, then frozen base_order ascending; bin 1 lowest risk"
logit,logit_T,logit_T_plus_AD,10,10,5,29,0.00012663810758998948,0.0012664308485086685,2,0.06896551724137931,"separate global stable ranks by selected calibrated PD ascending, then frozen base_order ascending; bin 1 lowest risk"
logit,logit_T,logit_T_plus_AD,10,10,6,71,0.00031004502203066386,0.003100572077383292,2,0.028169014084507043,"separate global stable ranks by selected calibrated PD ascending, then frozen base_order ascending; bin 1 lowest risk"
logit,logit_T,logit_T_plus_AD,10,10,7,253,0.001104808317940253,0.011048517402506659,14,0.05533596837944664,"separate global stable ranks by selected calibrated PD ascending, then frozen base_order ascending; bin 1 lowest risk"
logit,logit_T,logit_T_plus_AD,10,10,8,1208,0.0052751322058174925,0.052753395344774884,65,0.05380794701986755,"separate global stable ranks by selected calibrated PD ascending, then frozen base_order ascending; bin 1 lowest risk"
logit,logit_T,logit_T_plus_AD,10,10,9,4970,0.021703151542146474,0.21704004541683042,333,0.06700201207243461,"separate global stable ranks by selected calibrated PD ascending, then frozen base_order ascending; bin 1 lowest risk"
logit,logit_T,logit_T_plus_AD,10,10,10,16343,0.07136712387390338,0.7136992881785231,1908,0.11674723123049624,"separate global stable ranks by selected calibrated PD ascending, then frozen base_order ascending; bin 1 lowest risk"
logit,logit_T,logit_T_plus_AD,20,1,1,6461,0.028214097004790415,0.5642794759825327,30,0.004643244079863798,"separate global stable ranks by selected calibrated PD ascending, then frozen base_order ascending; bin 1 lowest risk"
logit,logit_T,logit_T_plus_AD,20,1,2,2462,0.010751138651260485,0.21502183406113537,14,0.005686433793663688,"separate global stable ranks by selected calibrated PD ascending, then frozen base_order ascending; bin 1 lowest risk"
logit,logit_T,logit_T_plus_AD,20,1,3,1022,0.004462901584723077,0.08925764192139737,7,0.00684931506849315,"separate global stable ranks by selected calibrated PD ascending, then frozen base_order ascending; bin 1 lowest risk"
logit,logit_T,logit_T_plus_AD,20,1,4,584,0.0025502294769846156,0.05100436681222707,3,0.005136986301369863,"separate global stable ranks by selected calibrated PD ascending, then frozen base_order ascending; bin 1 lowest risk"
logit,logit_T,logit_T_plus_AD,20,1,5,437,0.0019083052764422553,0.03816593886462882,5,0.011441647597254004,"separate global stable ranks by selected calibrated PD ascending, then frozen base_order ascending; bin 1 lowest risk"
logit,logit_T,logit_T_plus_AD,20,1,6,263,0.0011484766309023183,0.02296943231441048,6,0.022813688212927757,"separate global stable ranks by selected calibrated PD ascending, then frozen base_order ascending; bin 1 lowest risk"
logit,logit_T,logit_T_plus_AD,20,1,7,113,0.0004934519364713383,0.009868995633187773,0,0.0,"separate global stable ranks by selected calibrated PD ascending, then frozen base_order ascending; bin 1 lowest risk"
logit,logit_T,logit_T_plus_AD,20,1,8,39,0.0001703064205520548,0.003406113537117904,1,0.02564102564102564,"separate global stable ranks by selected calibrated PD ascending, then frozen base_order ascending; bin 1 lowest risk"
logit,logit_T,logit_T_plus_AD,20,1,9,28,0.00012227127629378293,0.002445414847161572,1,0.03571428571428571,"separate global stable ranks by selected calibrated PD ascending, then frozen base_order ascending; bin 1 lowest risk"
logit,logit_T,logit_T_plus_AD,20,1,10,16,6.986930073930454e-05,0.0013973799126637554,0,0.0,"separate global stable ranks by selected calibrated PD ascending, then frozen base_order ascending; bin 1 lowest risk"
logit,logit_T,logit_T_plus_AD,20,1,11,11,4.803514425827187e-05,0.0009606986899563319,0,0.0,"separate global stable ranks by selected calibrated PD ascending, then frozen base_order ascending; bin 1 lowest risk"
logit,logit_T,logit_T_plus_AD,20,1,12,8,3.493465036965227e-05,0.0006986899563318777,0,0.0,"separate global stable ranks by selected calibrated PD ascending, then frozen base_order ascending; bin 1 lowest risk"
logit,logit_T,logit_T_plus_AD,20,1,13,2,8.733662592413068e-06,0.00017467248908296942,0,0.0,"separate global stable ranks by selected calibrated PD ascending, then frozen base_order ascending; bin 1 lowest risk"
logit,logit_T,logit_T_plus_AD,20,1,14,0,0.0,0.0,0,,"separate global stable ranks by selected calibrated PD ascending, then frozen base_order ascending; bin 1 lowest risk"
logit,logit_T,logit_T_plus_AD,20,1,15,3,1.31004938886196e-05,0.00026200873362445414,0,0.0,"separate global stable ranks by selected calibrated PD ascending, then frozen base_order ascending; bin 1 lowest risk"
logit,logit_T,logit_T_plus_AD,20,1,16,0,0.0,0.0,0,,"separate global stable ranks by selected calibrated PD ascending, then frozen base_order ascending; bin 1 lowest risk"
logit,logit_T,logit_T_plus_AD,20,1,17,0,0.0,0.0,0,,"separate global stable ranks by selected calibrated PD ascending, then frozen base_order ascending; bin 1 lowest risk"
logit,logit_T,logit_T_plus_AD,20,1,18,0,0.0,0.0,0,,"separate global stable ranks by selected calibrated PD ascending, then frozen base_order ascending; bin 1 lowest risk"
logit,logit_T,logit_T_plus_AD,20,1,19,1,4.366831296206534e-06,8.733624454148471e-05,0,0.0,"separate global stable ranks by selected calibrated PD ascending, then frozen base_order ascending; bin 1 lowest risk"
logit,logit_T,logit_T_plus_AD,20,1,20,0,0.0,0.0,0,,"separate global stable ranks by selected calibrated PD ascending, then frozen base_order ascending; bin 1 lowest risk"
logit,logit_T,logit_T_plus_AD,20,2,1,2546,0.011117952480141835,0.22235807860262008,5,0.0019638648860958365,"separate global stable ranks by selected calibrated PD ascending, then frozen base_order ascending; bin 1 lowest risk"
logit,logit_T,logit_T_plus_AD,20,2,2,3346,0.014611417517107062,0.29222707423580785,17,0.005080693365212194,"separate global stable ranks by selected calibrated PD ascending, then frozen base_order ascending; bin 1 lowest risk"
logit,logit_T,logit_T_plus_AD,20,2,3,2104,0.009187813047218546,0.18375545851528385,13,0.006178707224334601,"separate global stable ranks by selected calibrated PD ascending, then frozen base_order ascending; bin 1 lowest risk"
logit,logit_T,logit_T_plus_AD,20,2,4,1168,0.005100458953969231,0.10200873362445415,13,0.01113013698630137,"separate global stable ranks by selected calibrated PD ascending, then frozen base_order ascending; bin 1 lowest risk"
logit,logit_T,logit_T_plus_AD,20,2,5,681,0.0029738121127166495,0.05947598253275109,9,0.013215859030837005,"separate global stable ranks by selected calibrated PD ascending, then frozen base_order ascending; bin 1 lowest risk"
logit,logit_T,logit_T_plus_AD,20,2,6,574,0.0025065611640225503,0.050131004366812226,8,0.013937282229965157,"separate global stable ranks by selected calibrated PD ascending, then frozen base_order ascending; bin 1 lowest risk"
logit,logit_T,logit_T_plus_AD,20,2,7,485,0.002117913178660169,0.042358078602620086,10,0.020618556701030927,"separate global stable ranks by selected calibrated PD ascending, then frozen base_order ascending; bin 1 lowest risk"
logit,logit_T,logit_T_plus_AD,20,2,8,264,0.0011528434621985249,0.023056768558951966,7,0.026515151515151516,"separate global stable ranks by selected calibrated PD ascending, then frozen base_order ascending; bin 1 lowest risk"
logit,logit_T,logit_T_plus_AD,20,2,9,149,0.0006506578631347735,0.013013100436681222,1,0.006711409395973154,"separate global stable ranks by selected calibrated PD ascending, then frozen base_order ascending; bin 1 lowest risk"
logit,logit_T,logit_T_plus_AD,20,2,10,57,0.00024890938388377244,0.004978165938864629,1,0.017543859649122806,"separate global stable ranks by selected calibrated PD ascending, then frozen base_order ascending; bin 1 lowest risk"
logit,logit_T,logit_T_plus_AD,20,2,11,34,0.00014847226407102215,0.0029694323144104804,2,0.058823529411764705,"separate global stable ranks by selected calibrated PD ascending, then frozen base_order ascending; bin 1 lowest risk"
logit,logit_T,logit_T_plus_AD,20,2,12,21,9.17034572203372e-05,0.001834061135371179,0,0.0,"separate global stable ranks by selected calibrated PD ascending, then frozen base_order ascending; bin 1 lowest risk"
logit,logit_T,logit_T_plus_AD,20,2,13,12,5.24019755544784e-05,0.0010480349344978166,0,0.0,"separate global stable ranks by selected calibrated PD ascending, then frozen base_order ascending; bin 1 lowest risk"
logit,logit_T,logit_T_plus_AD,20,2,14,5,2.183415648103267e-05,0.0004366812227074236,0,0.0,"separate global stable ranks by selected calibrated PD ascending, then frozen base_order ascending; bin 1 lowest risk"
logit,logit_T,logit_T_plus_AD,20,2,15,3,1.31004938886196e-05,0.00026200873362445414,0,0.0,"separate global stable ranks by selected calibrated PD ascending, then frozen base_order ascending; bin 1 lowest risk"
logit,logit_T,logit_T_plus_AD,20,2,16,1,4.366831296206534e-06,8.733624454148471e-05,0,0.0,"separate global stable ranks by selected calibrated PD ascending, then frozen base_order ascending; bin 1 lowest risk"
logit,logit_T,logit_T_plus_AD,20,2,17,0,0.0,0.0,0,,"separate global stable ranks by selected calibrated PD ascending, then frozen base_order ascending; bin 1 lowest risk"
logit,logit_T,logit_T_plus_AD,20,2,18,0,0.0,0.0,0,,"separate global stable ranks by selected calibrated PD ascending, then frozen base_order ascending; bin 1 lowest risk"
logit,logit_T,logit_T_plus_AD,20,2,19,0,0.0,0.0,0,,"separate global stable ranks by selected calibrated PD ascending, then frozen base_order ascending; bin 1 lowest risk"
logit,logit_T,logit_T_plus_AD,20,2,20,0,0.0,0.0,0,,"separate global stable ranks by selected calibrated PD ascending, then frozen base_order ascending; bin 1 lowest risk"
logit,logit_T,logit_T_plus_AD,20,3,1,1082,0.004724911462495469,0.09449781659388647,2,0.0018484288354898336,"separate global stable ranks by selected calibrated PD ascending, then frozen base_order ascending; bin 1 lowest risk"
logit,logit_T,logit_T_plus_AD,20,3,2,2401,0.010484761942191887,0.2096943231441048,12,0.0049979175343606835,"separate global stable ranks by selected calibrated PD ascending, then frozen base_order ascending; bin 1 lowest risk"
logit,logit_T,logit_T_plus_AD,20,3,3,2298,0.010034978318682615,0.2006986899563319,18,0.007832898172323759,"separate global stable ranks by selected calibrated PD ascending, then frozen base_order ascending; bin 1 lowest risk"
logit,logit_T,logit_T_plus_AD,20,3,4,1753,0.007655055262250053,0.1531004366812227,15,0.008556759840273816,"separate global stable ranks by selected calibrated PD ascending, then frozen base_order ascending; bin 1 lowest risk"
logit,logit_T,logit_T_plus_AD,20,3,5,1147,0.005008755496748894,0.10017467248908297,11,0.00959023539668701,"separate global stable ranks by selected calibrated PD ascending, then frozen base_order ascending; bin 1 lowest risk"
logit,logit_T,logit_T_plus_AD,20,3,6,799,0.0034890982056690204,0.06978165938864629,10,0.012515644555694618,"separate global stable ranks by selected calibrated PD ascending, then frozen base_order ascending; bin 1 lowest risk"
logit,logit_T,logit_T_plus_AD,20,3,7,589,0.0025720636334656483,0.051441048034934496,13,0.022071307300509338,"separate global stable ranks by selected calibrated PD ascending, then frozen base_order ascending; bin 1 lowest risk"
logit,logit_T,logit_T_plus_AD,20,3,8,498,0.002174681985510854,0.043493449781659387,8,0.01606425702811245,"separate global stable ranks by selected calibrated PD ascending, then frozen base_order ascending; bin 1 lowest risk"
logit,logit_T,logit_T_plus_AD,20,3,9,433,0.001890837951257429,0.037816593886462885,10,0.023094688221709007,"separate global stable ranks by selected calibrated PD ascending, then frozen base_order ascending; bin 1 lowest risk"
logit,logit_T,logit_T_plus_AD,20,3,10,250,0.0010917078240516335,0.021834061135371178,9,0.036,"separate global stable ranks by selected calibrated PD ascending, then frozen base_order ascending; bin 1 lowest risk"
logit,logit_T,logit_T_plus_AD,20,3,11,109,0.0004759846112865122,0.009519650655021835,3,0.027522935779816515,"separate global stable ranks by selected calibrated PD ascending, then frozen base_order ascending; bin 1 lowest risk"
logit,logit_T,logit_T_plus_AD,20,3,12,43,0.00018777374573688096,0.0037554585152838427,2,0.046511627906976744,"separate global stable ranks by selected calibrated PD ascending, then frozen base_order ascending; bin 1 lowest risk"
logit,logit_T,logit_T_plus_AD,20,3,13,24,0.0001048039511089568,0.002096069868995633,0,0.0,"separate global stable ranks by selected calibrated PD ascending, then frozen base_order ascending; bin 1 lowest risk"
logit,logit_T,logit_T_plus_AD,20,3,14,12,5.24019755544784e-05,0.0010480349344978166,0,0.0,"separate global stable ranks by selected calibrated PD ascending, then frozen base_order ascending; bin 1 lowest risk"
logit,logit_T,logit_T_plus_AD,20,3,15,4,1.7467325184826136e-05,0.00034934497816593884,1,0.25,"separate global stable ranks by selected calibrated PD ascending, then frozen base_order ascending; bin 1 lowest risk"
logit,logit_T,logit_T_plus_AD,20,3,16,2,8.733662592413068e-06,0.00017467248908296942,0,0.0,"separate global stable ranks by selected calibrated PD ascending, then frozen base_order ascending; bin 1 lowest risk"
logit,logit_T,logit_T_plus_AD,20,3,17,3,1.31004938886196e-05,0.00026200873362445414,0,0.0,"separate global stable ranks by selected calibrated PD ascending, then frozen base_order ascending; bin 1 lowest risk"
logit,logit_T,logit_T_plus_AD,20,3,18,3,1.31004938886196e-05,0.00026200873362445414,0,0.0,"separate global stable ranks by selected calibrated PD ascending, then frozen base_order ascending; bin 1 lowest risk"
logit,logit_T,logit_T_plus_AD,20,3,19,0,0.0,0.0,0,,"separate global stable ranks by selected calibrated PD ascending, then frozen base_order ascending; bin 1 lowest risk"
logit,logit_T,logit_T_plus_AD,20,3,20,0,0.0,0.0,0,,"separate global stable ranks by selected calibrated PD ascending, then frozen base_order ascending; bin 1 lowest risk"
logit,logit_T,logit_T_plus_AD,20,4,1,524,0.0022882195992122234,0.045764192139737994,1,0.0019083969465648854,"separate global stable ranks by selected calibrated PD ascending, then frozen base_order ascending; bin 1 lowest risk"
logit,logit_T,logit_T_plus_AD,20,4,2,1348,0.0058864885872864075,0.1177292576419214,4,0.002967359050445104,"separate global stable ranks by selected calibrated PD ascending, then frozen base_order ascending; bin 1 lowest risk"
logit,logit_T,logit_T_plus_AD,20,4,3,2092,0.009135411071664068,0.18270742358078604,18,0.008604206500956023,"separate global stable ranks by selected calibrated PD ascending, then frozen base_order ascending; bin 1 lowest risk"
logit,logit_T,logit_T_plus_AD,20,4,4,1918,0.008375582426124132,0.1675109170305677,17,0.008863399374348279,"separate global stable ranks by selected calibrated PD ascending, then frozen base_order ascending; bin 1 lowest risk"
logit,logit_T,logit_T_plus_AD,20,4,5,1506,0.0065764479320870395,0.131528384279476,12,0.00796812749003984,"separate global stable ranks by selected calibrated PD ascending, then frozen base_order ascending; bin 1 lowest risk"
logit,logit_T,logit_T_plus_AD,20,4,6,1087,0.004746745618976502,0.09493449781659388,17,0.015639374425023,"separate global stable ranks by selected calibrated PD ascending, then frozen base_order ascending; bin 1 lowest risk"
logit,logit_T,logit_T_plus_AD,20,4,7,715,0.0031222843767876717,0.062445414847161575,10,0.013986013986013986,"separate global stable ranks by selected calibrated PD ascending, then frozen base_order ascending; bin 1 lowest risk"
logit,logit_T,logit_T_plus_AD,20,4,8,617,0.0026943349097594315,0.05388646288209607,4,0.006482982171799027,"separate global stable ranks by selected calibrated PD ascending, then frozen base_order ascending; bin 1 lowest risk"
logit,logit_T,logit_T_plus_AD,20,4,9,522,0.0022794859366198107,0.045589519650655025,8,0.01532567049808429,"separate global stable ranks by selected calibrated PD ascending, then frozen base_order ascending; bin 1 lowest risk"
logit,logit_T,logit_T_plus_AD,20,4,10,529,0.0023100537556932565,0.04620087336244542,9,0.017013232514177693,"separate global stable ranks by selected calibrated PD ascending, then frozen base_order ascending; bin 1 lowest risk"
logit,logit_T,logit_T_plus_AD,20,4,11,313,0.001366818195712645,0.027336244541484717,5,0.01597444089456869,"separate global stable ranks by selected calibrated PD ascending, then frozen base_order ascending; bin 1 lowest risk"
logit,logit_T,logit_T_plus_AD,20,4,12,143,0.0006244568753575343,0.012489082969432314,2,0.013986013986013986,"separate global stable ranks by selected calibrated PD ascending, then frozen base_order ascending; bin 1 lowest risk"
logit,logit_T,logit_T_plus_AD,20,4,13,60,0.000262009877772392,0.005240174672489083,2,0.03333333333333333,"separate global stable ranks by selected calibrated PD ascending, then frozen base_order ascending; bin 1 lowest risk"
logit,logit_T,logit_T_plus_AD,20,4,14,39,0.0001703064205520548,0.003406113537117904,2,0.05128205128205128,"separate global stable ranks by selected calibrated PD ascending, then frozen base_order ascending; bin 1 lowest risk"
logit,logit_T,logit_T_plus_AD,20,4,15,16,6.986930073930454e-05,0.0013973799126637554,1,0.0625,"separate global stable ranks by selected calibrated PD ascending, then frozen base_order ascending; bin 1 lowest risk"
logit,logit_T,logit_T_plus_AD,20,4,16,7,3.056781907344573e-05,0.000611353711790393,0,0.0,"separate global stable ranks by selected calibrated PD ascending, then frozen base_order ascending; bin 1 lowest risk"
logit,logit_T,logit_T_plus_AD,20,4,17,4,1.7467325184826136e-05,0.00034934497816593884,0,0.0,"separate global stable ranks by selected calibrated PD ascending, then frozen base_order ascending; bin 1 lowest risk"
logit,logit_T,logit_T_plus_AD,20,4,18,2,8.733662592413068e-06,0.00017467248908296942,0,0.0,"separate global stable ranks by selected calibrated PD ascending, then frozen base_order ascending; bin 1 lowest risk"
logit,logit_T,logit_T_plus_AD,20,4,19,3,1.31004938886196e-05,0.00026200873362445414,0,0.0,"separate global stable ranks by selected calibrated PD ascending, then frozen base_order ascending; bin 1 lowest risk"
logit,logit_T,logit_T_plus_AD,20,4,20,5,2.183415648103267e-05,0.0004366812227074236,0,0.0,"separate global stable ranks by selected calibrated PD ascending, then frozen base_order ascending; bin 1 lowest risk"
logit,logit_T,logit_T_plus_AD,20,5,1,264,0.0011528434621985249,0.023056768558951966,1,0.003787878787878788,"separate global stable ranks by selected calibrated PD ascending, then frozen base_order ascending; bin 1 lowest risk"
logit,logit_T,logit_T_plus_AD,20,5,2,756,0.0033013244599321393,0.06602620087336245,6,0.007936507936507936,"separate global stable ranks by selected calibrated PD ascending, then frozen base_order ascending; bin 1 lowest risk"
logit,logit_T,logit_T_plus_AD,20,5,3,1432,0.006253302416167756,0.12506550218340612,10,0.006983240223463687,"separate global stable ranks by selected calibrated PD ascending, then frozen base_order ascending; bin 1 lowest risk"
logit,logit_T,logit_T_plus_AD,20,5,4,1835,0.00801313542853899,0.16026200873362445,11,0.005994550408719346,"separate global stable ranks by selected calibrated PD ascending, then frozen base_order ascending; bin 1 lowest risk"
logit,logit_T,logit_T_plus_AD,20,5,5,1599,0.0069825632426342476,0.13965065502183407,25,0.015634771732332707,"separate global stable ranks by selected calibrated PD ascending, then frozen base_order ascending; bin 1 lowest risk"
logit,logit_T,logit_T_plus_AD,20,5,6,1304,0.00569434801025332,0.11388646288209607,22,0.01687116564417178,"separate global stable ranks by selected calibrated PD ascending, then frozen base_order ascending; bin 1 lowest risk"
logit,logit_T,logit_T_plus_AD,20,5,7,1043,0.004554605041943415,0.09109170305676856,19,0.01821668264621285,"separate global stable ranks by selected calibrated PD ascending, then frozen base_order ascending; bin 1 lowest risk"
logit,logit_T,logit_T_plus_AD,20,5,8,767,0.0033493596041904113,0.06698689956331878,12,0.01564537157757497,"separate global stable ranks by selected calibrated PD ascending, then frozen base_order ascending; bin 1 lowest risk"
logit,logit_T,logit_T_plus_AD,20,5,9,668,0.0029170433058659643,0.05834061135371179,15,0.02245508982035928,"separate global stable ranks by selected calibrated PD ascending, then frozen base_order ascending; bin 1 lowest risk"
logit,logit_T,logit_T_plus_AD,20,5,10,591,0.0025807972960580614,0.051615720524017465,12,0.02030456852791878,"separate global stable ranks by selected calibrated PD ascending, then frozen base_order ascending; bin 1 lowest risk"
logit,logit_T,logit_T_plus_AD,20,5,11,558,0.0024366918632832456,0.04873362445414847,15,0.026881720430107527,"separate global stable ranks by selected calibrated PD ascending, then frozen base_order ascending; bin 1 lowest risk"
logit,logit_T,logit_T_plus_AD,20,5,12,379,0.0016550290612622762,0.03310043668122271,8,0.021108179419525065,"separate global stable ranks by selected calibrated PD ascending, then frozen base_order ascending; bin 1 lowest risk"
logit,logit_T,logit_T_plus_AD,20,5,13,145,0.0006331905379499473,0.012663755458515284,3,0.020689655172413793,"separate global stable ranks by selected calibrated PD ascending, then frozen base_order ascending; bin 1 lowest risk"
logit,logit_T,logit_T_plus_AD,20,5,14,54,0.00023580888999515283,0.004716157205240175,0,0.0,"separate global stable ranks by selected calibrated PD ascending, then frozen base_order ascending; bin 1 lowest risk"
logit,logit_T,logit_T_plus_AD,20,5,15,21,9.17034572203372e-05,0.001834061135371179,2,0.09523809523809523,"separate global stable ranks by selected calibrated PD ascending, then frozen base_order ascending; bin 1 lowest risk"
logit,logit_T,logit_T_plus_AD,20,5,16,15,6.5502469443098e-05,0.0013100436681222707,0,0.0,"separate global stable ranks by selected calibrated PD ascending, then frozen base_order ascending; bin 1 lowest risk"
logit,logit_T,logit_T_plus_AD,20,5,17,6,2.62009877772392e-05,0.0005240174672489083,0,0.0,"separate global stable ranks by selected calibrated PD ascending, then frozen base_order ascending; bin 1 lowest risk"
logit,logit_T,logit_T_plus_AD,20,5,18,6,2.62009877772392e-05,0.0005240174672489083,0,0.0,"separate global stable ranks by selected calibrated PD ascending, then frozen base_order ascending; bin 1 lowest risk"
logit,logit_T,logit_T_plus_AD,20,5,19,3,1.31004938886196e-05,0.00026200873362445414,0,0.0,"separate global stable ranks by selected calibrated PD ascending, then frozen base_order ascending; bin 1 lowest risk"
logit,logit_T,logit_T_plus_AD,20,5,20,4,1.7467325184826136e-05,0.00034934497816593884,0,0.0,"separate global stable ranks by selected calibrated PD ascending, then frozen base_order ascending; bin 1 lowest risk"
logit,logit_T,logit_T_plus_AD,20,6,1,170,0.0007423613203551107,0.014847161572052401,1,0.0058823529411764705,"separate global stable ranks by selected calibrated PD ascending, then frozen base_order ascending; bin 1 lowest risk"
logit,logit_T,logit_T_plus_AD,20,6,2,401,0.00175109934977882,0.03502183406113537,1,0.0024937655860349127,"separate global stable ranks by selected calibrated PD ascending, then frozen base_order ascending; bin 1 lowest risk"
logit,logit_T,logit_T_plus_AD,20,6,3,946,0.004131022406211381,0.08262008733624454,5,0.005285412262156448,"separate global stable ranks by selected calibrated PD ascending, then frozen base_order ascending; bin 1 lowest risk"
logit,logit_T,logit_T_plus_AD,20,6,4,1460,0.006375573692461539,0.1275109170305677,7,0.004794520547945206,"separate global stable ranks by selected calibrated PD ascending, then frozen base_order ascending; bin 1 lowest risk"
logit,logit_T,logit_T_plus_AD,20,6,5,1582,0.0069083271105987365,0.13816593886462883,19,0.012010113780025285,"separate global stable ranks by selected calibrated PD ascending, then frozen base_order ascending; bin 1 lowest risk"
logit,logit_T,logit_T_plus_AD,20,6,6,1452,0.006340639042091887,0.1268122270742358,12,0.008264462809917356,"separate global stable ranks by selected calibrated PD ascending, then frozen base_order ascending; bin 1 lowest risk"
logit,logit_T,logit_T_plus_AD,20,6,7,1193,0.005209629736374395,0.10419213973799127,10,0.008382229673093043,"separate global stable ranks by selected calibrated PD ascending, then frozen base_order ascending; bin 1 lowest risk"
logit,logit_T,logit_T_plus_AD,20,6,8,973,0.004248926851208958,0.08497816593886463,11,0.011305241521068859,"separate global stable ranks by selected calibrated PD ascending, then frozen base_order ascending; bin 1 lowest risk"
logit,logit_T,logit_T_plus_AD,20,6,9,746,0.003257656146970074,0.0651528384279476,7,0.00938337801608579,"separate global stable ranks by selected calibrated PD ascending, then frozen base_order ascending; bin 1 lowest risk"
logit,logit_T,logit_T_plus_AD,20,6,10,681,0.0029738121127166495,0.05947598253275109,11,0.016152716593245228,"separate global stable ranks by selected calibrated PD ascending, then frozen base_order ascending; bin 1 lowest risk"
logit,logit_T,logit_T_plus_AD,20,6,11,656,0.002864641330311486,0.057292576419213974,12,0.018292682926829267,"separate global stable ranks by selected calibrated PD ascending, then frozen base_order ascending; bin 1 lowest risk"
logit,logit_T,logit_T_plus_AD,20,6,12,520,0.0022707522740273976,0.045414847161572056,9,0.01730769230769231,"separate global stable ranks by selected calibrated PD ascending, then frozen base_order ascending; bin 1 lowest risk"
logit,logit_T,logit_T_plus_AD,20,6,13,388,0.0016943305429281351,0.03388646288209607,12,0.030927835051546393,"separate global stable ranks by selected calibrated PD ascending, then frozen base_order ascending; bin 1 lowest risk"
logit,logit_T,logit_T_plus_AD,20,6,14,166,0.0007248939951702846,0.014497816593886463,4,0.024096385542168676,"separate global stable ranks by selected calibrated PD ascending, then frozen base_order ascending; bin 1 lowest risk"
logit,logit_T,logit_T_plus_AD,20,6,15,52,0.00022707522740273976,0.004541484716157205,0,0.0,"separate global stable ranks by selected calibrated PD ascending, then frozen base_order ascending; bin 1 lowest risk"
logit,logit_T,logit_T_plus_AD,20,6,16,36,0.00015720592666343522,0.0031441048034934497,2,0.05555555555555555,"separate global stable ranks by selected calibrated PD ascending, then frozen base_order ascending; bin 1 lowest risk"
logit,logit_T,logit_T_plus_AD,20,6,17,16,6.986930073930454e-05,0.0013973799126637554,1,0.0625,"separate global stable ranks by selected calibrated PD ascending, then frozen base_order ascending; bin 1 lowest risk"
logit,logit_T,logit_T_plus_AD,20,6,18,5,2.183415648103267e-05,0.0004366812227074236,1,0.2,"separate global stable ranks by selected calibrated PD ascending, then frozen base_order ascending; bin 1 lowest risk"
logit,logit_T,logit_T_plus_AD,20,6,19,4,1.7467325184826136e-05,0.00034934497816593884,0,0.0,"separate global stable ranks by selected calibrated PD ascending, then frozen base_order ascending; bin 1 lowest risk"
logit,logit_T,logit_T_plus_AD,20,6,20,3,1.31004938886196e-05,0.00026200873362445414,1,0.3333333333333333,"separate global stable ranks by selected calibrated PD ascending, then frozen base_order ascending; bin 1 lowest risk"
logit,logit_T,logit_T_plus_AD,20,7,1,144,0.0006288237066537409,0.012576419213973799,1,0.006944444444444444,"separate global stable ranks by selected calibrated PD ascending, then frozen base_order ascending; bin 1 lowest risk"
logit,logit_T,logit_T_plus_AD,20,7,2,258,0.0011266424744212856,0.022532751091703055,2,0.007751937984496124,"separate global stable ranks by selected calibrated PD ascending, then frozen base_order ascending; bin 1 lowest risk"
logit,logit_T,logit_T_plus_AD,20,7,3,580,0.0025327621517997894,0.050655021834061134,4,0.006896551724137931,"separate global stable ranks by selected calibrated PD ascending, then frozen base_order ascending; bin 1 lowest risk"
logit,logit_T,logit_T_plus_AD,20,7,4,1020,0.0044541679221306646,0.0890829694323144,6,0.0058823529411764705,"separate global stable ranks by selected calibrated PD ascending, then frozen base_order ascending; bin 1 lowest risk"
logit,logit_T,logit_T_plus_AD,20,7,5,1428,0.00623583509098293,0.12471615720524018,16,0.011204481792717087,"separate global stable ranks by selected calibrated PD ascending, then frozen base_order ascending; bin 1 lowest risk"
logit,logit_T,logit_T_plus_AD,20,7,6,1464,0.006393041017646366,0.12786026200873363,21,0.014344262295081968,"separate global stable ranks by selected calibrated PD ascending, then frozen base_order ascending; bin 1 lowest risk"
logit,logit_T,logit_T_plus_AD,20,7,7,1334,0.005825352949139516,0.11650655021834061,15,0.011244377811094454,"separate global stable ranks by selected calibrated PD ascending, then frozen base_order ascending; bin 1 lowest risk"
logit,logit_T,logit_T_plus_AD,20,7,8,1126,0.0049170520395285565,0.09834061135371179,14,0.012433392539964476,"separate global stable ranks by selected calibrated PD ascending, then frozen base_order ascending; bin 1 lowest risk"
logit,logit_T,logit_T_plus_AD,20,7,9,912,0.003982550142140359,0.07965065502183406,16,0.017543859649122806,"separate global stable ranks by selected calibrated PD ascending, then frozen base_order ascending; bin 1 lowest risk"
logit,logit_T,logit_T_plus_AD,20,7,10,741,0.0032358219904890413,0.06471615720524017,10,0.01349527665317139,"separate global stable ranks by selected calibrated PD ascending, then frozen base_order ascending; bin 1 lowest risk"
logit,logit_T,logit_T_plus_AD,20,7,11,653,0.0028515408364228664,0.05703056768558952,11,0.016845329249617153,"separate global stable ranks by selected calibrated PD ascending, then frozen base_order ascending; bin 1 lowest risk"
logit,logit_T,logit_T_plus_AD,20,7,12,650,0.002838440342534247,0.056768558951965066,11,0.016923076923076923,"separate global stable ranks by selected calibrated PD ascending, then frozen base_order ascending; bin 1 lowest risk"
logit,logit_T,logit_T_plus_AD,20,7,13,580,0.0025327621517997894,0.050655021834061134,8,0.013793103448275862,"separate global stable ranks by selected calibrated PD ascending, then frozen base_order ascending; bin 1 lowest risk"
logit,logit_T,logit_T_plus_AD,20,7,14,353,0.0015414914475609064,0.030829694323144106,9,0.025495750708215296,"separate global stable ranks by selected calibrated PD ascending, then frozen base_order ascending; bin 1 lowest risk"
logit,logit_T,logit_T_plus_AD,20,7,15,114,0.0004978187677675449,0.009956331877729258,5,0.043859649122807015,"separate global stable ranks by selected calibrated PD ascending, then frozen base_order ascending; bin 1 lowest risk"
logit,logit_T,logit_T_plus_AD,20,7,16,47,0.0002052410709217071,0.004104803493449782,2,0.0425531914893617,"separate global stable ranks by selected calibrated PD ascending, then frozen base_order ascending; bin 1 lowest risk"
logit,logit_T,logit_T_plus_AD,20,7,17,24,0.0001048039511089568,0.002096069868995633,1,0.041666666666666664,"separate global stable ranks by selected calibrated PD ascending, then frozen base_order ascending; bin 1 lowest risk"
logit,logit_T,logit_T_plus_AD,20,7,18,12,5.24019755544784e-05,0.0010480349344978166,0,0.0,"separate global stable ranks by selected calibrated PD ascending, then frozen base_order ascending; bin 1 lowest risk"
logit,logit_T,logit_T_plus_AD,20,7,19,8,3.493465036965227e-05,0.0006986899563318777,0,0.0,"separate global stable ranks by selected calibrated PD ascending, then frozen base_order ascending; bin 1 lowest risk"
logit,logit_T,logit_T_plus_AD,20,7,20,2,8.733662592413068e-06,0.00017467248908296942,0,0.0,"separate global stable ranks by selected calibrated PD ascending, then frozen base_order ascending; bin 1 lowest risk"
logit,logit_T,logit_T_plus_AD,20,8,1,82,0.00035808016628893573,0.007161572052401747,0,0.0,"separate global stable ranks by selected calibrated PD ascending, then frozen base_order ascending; bin 1 lowest risk"
logit,logit_T,logit_T_plus_AD,20,8,2,156,0.0006812256822082192,0.013624454148471616,1,0.00641025641025641,"separate global stable ranks by selected calibrated PD ascending, then frozen base_order ascending; bin 1 lowest risk"
logit,logit_T,logit_T_plus_AD,20,8,3,335,0.0014628884842291887,0.02925764192139738,1,0.0029850746268656717,"separate global stable ranks by selected calibrated PD ascending, then frozen base_order ascending; bin 1 lowest risk"
logit,logit_T,logit_T_plus_AD,20,8,4,634,0.002768571041794942,0.05537117903930131,13,0.02050473186119874,"separate global stable ranks by selected calibrated PD ascending, then frozen base_order ascending; bin 1 lowest risk"
logit,logit_T,logit_T_plus_AD,20,8,5,1088,0.004751112450272709,0.09502183406113537,8,0.007352941176470588,"separate global stable ranks by selected calibrated PD ascending, then frozen base_order ascending; bin 1 lowest risk"
logit,logit_T,logit_T_plus_AD,20,8,6,1290,0.005633212372106428,0.11266375545851529,16,0.012403100775193798,"separate global stable ranks by selected calibrated PD ascending, then frozen base_order ascending; bin 1 lowest risk"
logit,logit_T,logit_T_plus_AD,20,8,7,1366,0.005965091550618125,0.11930131004366812,16,0.01171303074670571,"separate global stable ranks by selected calibrated PD ascending, then frozen base_order ascending; bin 1 lowest risk"
logit,logit_T,logit_T_plus_AD,20,8,8,1264,0.005519674758405059,0.11039301310043668,25,0.01977848101265823,"separate global stable ranks by selected calibrated PD ascending, then frozen base_order ascending; bin 1 lowest risk"
logit,logit_T,logit_T_plus_AD,20,8,9,1079,0.0047118109686068495,0.094235807860262,21,0.019462465245597776,"separate global stable ranks by selected calibrated PD ascending, then frozen base_order ascending; bin 1 lowest risk"
logit,logit_T,logit_T_plus_AD,20,8,10,888,0.0038777461910314017,0.07755458515283843,12,0.013513513513513514,"separate global stable ranks by selected calibrated PD ascending, then frozen base_order ascending; bin 1 lowest risk"
logit,logit_T,logit_T_plus_AD,20,8,11,789,0.003445429892706955,0.06890829694323145,20,0.025348542458808618,"separate global stable ranks by selected calibrated PD ascending, then frozen base_order ascending; bin 1 lowest risk"
logit,logit_T,logit_T_plus_AD,20,8,12,730,0.0031877868462307697,0.06375545851528384,19,0.026027397260273973,"separate global stable ranks by selected calibrated PD ascending, then frozen base_order ascending; bin 1 lowest risk"
logit,logit_T,logit_T_plus_AD,20,8,13,712,0.003109183882899052,0.06218340611353712,16,0.02247191011235955,"separate global stable ranks by selected calibrated PD ascending, then frozen base_order ascending; bin 1 lowest risk"
logit,logit_T,logit_T_plus_AD,20,8,14,583,0.0025458626456884093,0.05091703056768559,18,0.030874785591766724,"separate global stable ranks by selected calibrated PD ascending, then frozen base_order ascending; bin 1 lowest risk"
logit,logit_T,logit_T_plus_AD,20,8,15,286,0.0012489137507150686,0.02497816593886463,8,0.027972027972027972,"separate global stable ranks by selected calibrated PD ascending, then frozen base_order ascending; bin 1 lowest risk"
logit,logit_T,logit_T_plus_AD,20,8,16,81,0.0003537133349927292,0.007074235807860262,4,0.04938271604938271,"separate global stable ranks by selected calibrated PD ascending, then frozen base_order ascending; bin 1 lowest risk"
logit,logit_T,logit_T_plus_AD,20,8,17,43,0.00018777374573688096,0.0037554585152838427,2,0.046511627906976744,"separate global stable ranks by selected calibrated PD ascending, then frozen base_order ascending; bin 1 lowest risk"
logit,logit_T,logit_T_plus_AD,20,8,18,28,0.00012227127629378293,0.002445414847161572,0,0.0,"separate global stable ranks by selected calibrated PD ascending, then frozen base_order ascending; bin 1 lowest risk"
logit,logit_T,logit_T_plus_AD,20,8,19,10,4.366831296206534e-05,0.0008733624454148472,0,0.0,"separate global stable ranks by selected calibrated PD ascending, then frozen base_order ascending; bin 1 lowest risk"
logit,logit_T,logit_T_plus_AD,20,8,20,6,2.62009877772392e-05,0.0005240174672489083,0,0.0,"separate global stable ranks by selected calibrated PD ascending, then frozen base_order ascending; bin 1 lowest risk"
logit,logit_T,logit_T_plus_AD,20,9,1,50,0.00021834156481032667,0.004366812227074236,0,0.0,"separate global stable ranks by selected calibrated PD ascending, then frozen base_order ascending; bin 1 lowest risk"
logit,logit_T,logit_T_plus_AD,20,9,2,107,0.0004672509486940991,0.009344978165938865,2,0.018691588785046728,"separate global stable ranks by selected calibrated PD ascending, then frozen base_order ascending; bin 1 lowest risk"
logit,logit_T,logit_T_plus_AD,20,9,3,244,0.0010655068362743943,0.02131004366812227,1,0.004098360655737705,"separate global stable ranks by selected calibrated PD ascending, then frozen base_order ascending; bin 1 lowest risk"
logit,logit_T,logit_T_plus_AD,20,9,4,408,0.0017816671688522657,0.03563318777292576,7,0.01715686274509804,"separate global stable ranks by selected calibrated PD ascending, then frozen base_order ascending; bin 1 lowest risk"
logit,logit_T,logit_T_plus_AD,20,9,5,695,0.0030349477508635407,0.060698689956331875,7,0.010071942446043165,"separate global stable ranks by selected calibrated PD ascending, then frozen base_order ascending; bin 1 lowest risk"
logit,logit_T,logit_T_plus_AD,20,9,6,1020,0.0044541679221306646,0.0890829694323144,11,0.010784313725490196,"separate global stable ranks by selected calibrated PD ascending, then frozen base_order ascending; bin 1 lowest risk"
logit,logit_T,logit_T_plus_AD,20,9,7,1310,0.005720548998030559,0.11441048034934498,13,0.009923664122137405,"separate global stable ranks by selected calibrated PD ascending, then frozen base_order ascending; bin 1 lowest risk"
logit,logit_T,logit_T_plus_AD,20,9,8,1315,0.005742383154511592,0.11484716157205241,21,0.01596958174904943,"separate global stable ranks by selected calibrated PD ascending, then frozen base_order ascending; bin 1 lowest risk"
logit,logit_T,logit_T_plus_AD,20,9,9,1179,0.005148494098227503,0.10296943231441048,16,0.013570822731128074,"separate global stable ranks by selected calibrated PD ascending, then frozen base_order ascending; bin 1 lowest risk"
logit,logit_T,logit_T_plus_AD,20,9,10,1005,0.004388665452687566,0.08777292576419214,13,0.012935323383084577,"separate global stable ranks by selected calibrated PD ascending, then frozen base_order ascending; bin 1 lowest risk"
logit,logit_T,logit_T_plus_AD,20,9,11,832,0.003633203638443836,0.07266375545851528,15,0.018028846153846152,"separate global stable ranks by selected calibrated PD ascending, then frozen base_order ascending; bin 1 lowest risk"
logit,logit_T,logit_T_plus_AD,20,9,12,855,0.0037336407582565863,0.07467248908296943,20,0.023391812865497075,"separate global stable ranks by selected calibrated PD ascending, then frozen base_order ascending; bin 1 lowest risk"
logit,logit_T,logit_T_plus_AD,20,9,13,800,0.0034934650369652267,0.06986899563318777,23,0.02875,"separate global stable ranks by selected calibrated PD ascending, then frozen base_order ascending; bin 1 lowest risk"
logit,logit_T,logit_T_plus_AD,20,9,14,758,0.0033100581225245524,0.06620087336244541,26,0.03430079155672823,"separate global stable ranks by selected calibrated PD ascending, then frozen base_order ascending; bin 1 lowest risk"
logit,logit_T,logit_T_plus_AD,20,9,15,585,0.002554596308280822,0.05109170305676856,19,0.03247863247863248,"separate global stable ranks by selected calibrated PD ascending, then frozen base_order ascending; bin 1 lowest risk"
logit,logit_T,logit_T_plus_AD,20,9,16,182,0.0007947632959095891,0.01589519650655022,10,0.054945054945054944,"separate global stable ranks by selected calibrated PD ascending, then frozen base_order ascending; bin 1 lowest risk"
logit,logit_T,logit_T_plus_AD,20,9,17,51,0.00022270839610653322,0.00445414847161572,1,0.0196078431372549,"separate global stable ranks by selected calibrated PD ascending, then frozen base_order ascending; bin 1 lowest risk"
logit,logit_T,logit_T_plus_AD,20,9,18,28,0.00012227127629378293,0.002445414847161572,1,0.03571428571428571,"separate global stable ranks by selected calibrated PD ascending, then frozen base_order ascending; bin 1 lowest risk"
logit,logit_T,logit_T_plus_AD,20,9,19,20,8.733662592413067e-05,0.0017467248908296944,1,0.05,"separate global stable ranks by selected calibrated PD ascending, then frozen base_order ascending; bin 1 lowest risk"
logit,logit_T,logit_T_plus_AD,20,9,20,6,2.62009877772392e-05,0.0005240174672489083,0,0.0,"separate global stable ranks by selected calibrated PD ascending, then frozen base_order ascending; bin 1 lowest risk"
logit,logit_T,logit_T_plus_AD,20,10,1,42,0.0001834069144406744,0.003668122270742358,0,0.0,"separate global stable ranks by selected calibrated PD ascending, then frozen base_order ascending; bin 1 lowest risk"
logit,logit_T,logit_T_plus_AD,20,10,2,78,0.0003406128411041096,0.006812227074235808,0,0.0,"separate global stable ranks by selected calibrated PD ascending, then frozen base_order ascending; bin 1 lowest risk"
logit,logit_T,logit_T_plus_AD,20,10,3,137,0.0005982558875802951,0.011965065502183406,0,0.0,"separate global stable ranks by selected calibrated PD ascending, then frozen base_order ascending; bin 1 lowest risk"
logit,logit_T,logit_T_plus_AD,20,10,4,243,0.0010611400049781877,0.021222707423580785,3,0.012345679012345678,"separate global stable ranks by selected calibrated PD ascending, then frozen base_order ascending; bin 1 lowest risk"
logit,logit_T,logit_T_plus_AD,20,10,5,506,0.002209616635880506,0.044192139737991264,3,0.005928853754940711,"separate global stable ranks by selected calibrated PD ascending, then frozen base_order ascending; bin 1 lowest risk"
logit,logit_T,logit_T_plus_AD,20,10,6,797,0.0034803645430766072,0.06960698689956332,7,0.00878293601003764,"separate global stable ranks by selected calibrated PD ascending, then frozen base_order ascending; bin 1 lowest risk"
logit,logit_T,logit_T_plus_AD,20,10,7,987,0.004310062489355848,0.08620087336244542,18,0.0182370820668693,"separate global stable ranks by selected calibrated PD ascending, then frozen base_order ascending; bin 1 lowest risk"
logit,logit_T,logit_T_plus_AD,20,10,8,1245,0.005436704963777134,0.10873362445414847,21,0.016867469879518072,"separate global stable ranks by selected calibrated PD ascending, then frozen base_order ascending; bin 1 lowest risk"
logit,logit_T,logit_T_plus_AD,20,10,9,1257,0.005489106939331613,0.10978165938864629,20,0.015910898965791568,"separate global stable ranks by selected calibrated PD ascending, then frozen base_order ascending; bin 1 lowest risk"
logit,logit_T,logit_T_plus_AD,20,10,10,1152,0.005030589653229927,0.10061135371179039,22,0.019097222222222224,"separate global stable ranks by selected calibrated PD ascending, then frozen base_order ascending; bin 1 lowest risk"
logit,logit_T,logit_T_plus_AD,20,10,11,982,0.004288228332874816,0.08576419213973799,31,0.031568228105906315,"separate global stable ranks by selected calibrated PD ascending, then frozen base_order ascending; bin 1 lowest risk"
logit,logit_T,logit_T_plus_AD,20,10,12,918,0.004008751129917598,0.08017467248908297,25,0.027233115468409588,"separate global stable ranks by selected calibrated PD ascending, then frozen base_order ascending; bin 1 lowest risk"
logit,logit_T,logit_T_plus_AD,20,10,13,884,0.003860278865846576,0.0772052401746725,31,0.03506787330316742,"separate global stable ranks by selected calibrated PD ascending, then frozen base_order ascending; bin 1 lowest risk"
logit,logit_T,logit_T_plus_AD,20,10,14,841,0.0036725051201096947,0.07344978165938865,17,0.020214030915576695,"separate global stable ranks by selected calibrated PD ascending, then frozen base_order ascending; bin 1 lowest risk"
logit,logit_T,logit_T_plus_AD,20,10,15,795,0.003471630880484194,0.06943231441048035,20,0.025157232704402517,"separate global stable ranks by selected calibrated PD ascending, then frozen base_order ascending; bin 1 lowest risk"
logit,logit_T,logit_T_plus_AD,20,10,16,403,0.001759833012371233,0.03519650655021834,17,0.04218362282878412,"separate global stable ranks by selected calibrated PD ascending, then frozen base_order ascending; bin 1 lowest risk"
logit,logit_T,logit_T_plus_AD,20,10,17,118,0.000515286092952371,0.010305676855895196,2,0.01694915254237288,"separate global stable ranks by selected calibrated PD ascending, then frozen base_order ascending; bin 1 lowest risk"
logit,logit_T,logit_T_plus_AD,20,10,18,43,0.00018777374573688096,0.0037554585152838427,3,0.06976744186046512,"separate global stable ranks by selected calibrated PD ascending, then frozen base_order ascending; bin 1 lowest risk"
logit,logit_T,logit_T_plus_AD,20,10,19,13,5.676880685068494e-05,0.0011353711790393012,0,0.0,"separate global stable ranks by selected calibrated PD ascending, then frozen base_order ascending; bin 1 lowest risk"
logit,logit_T,logit_T_plus_AD,20,10,20,9,3.9301481665858805e-05,0.0007860262008733624,0,0.0,"separate global stable ranks by selected calibrated PD ascending, then frozen base_order ascending; bin 1 lowest risk"
logit,logit_T,logit_T_plus_AD,20,11,1,30,0.000131004938886196,0.0026200873362445414,0,0.0,"separate global stable ranks by selected calibrated PD ascending, then frozen base_order ascending; bin 1 lowest risk"
logit,logit_T,logit_T_plus_AD,20,11,2,44,0.00019214057703308748,0.0038427947598253277,0,0.0,"separate global stable ranks by selected calibrated PD ascending, then frozen base_order ascending; bin 1 lowest risk"
logit,logit_T,logit_T_plus_AD,20,11,3,91,0.00039738164795479456,0.00794759825327511,0,0.0,"separate global stable ranks by selected calibrated PD ascending, then frozen base_order ascending; bin 1 lowest risk"
logit,logit_T,logit_T_plus_AD,20,11,4,157,0.0006855925135044258,0.013711790393013101,2,0.012738853503184714,"separate global stable ranks by selected calibrated PD ascending, then frozen base_order ascending; bin 1 lowest risk"
logit,logit_T,logit_T_plus_AD,20,11,5,326,0.00142358700256333,0.028471615720524018,3,0.009202453987730062,"separate global stable ranks by selected calibrated PD ascending, then frozen base_order ascending; bin 1 lowest risk"
logit,logit_T,logit_T_plus_AD,20,11,6,568,0.002480360176245311,0.04960698689956332,7,0.01232394366197183,"separate global stable ranks by selected calibrated PD ascending, then frozen base_order ascending; bin 1 lowest risk"
logit,logit_T,logit_T_plus_AD,20,11,7,827,0.003611369481962803,0.07222707423580786,13,0.015719467956469165,"separate global stable ranks by selected calibrated PD ascending, then frozen base_order ascending; bin 1 lowest risk"
logit,logit_T,logit_T_plus_AD,20,11,8,1091,0.004764212944161328,0.09528384279475982,16,0.01466544454628781,"separate global stable ranks by selected calibrated PD ascending, then frozen base_order ascending; bin 1 lowest risk"
logit,logit_T,logit_T_plus_AD,20,11,9,1217,0.005314433687483352,0.1062882096069869,19,0.015612161051766639,"separate global stable ranks by selected calibrated PD ascending, then frozen base_order ascending; bin 1 lowest risk"
logit,logit_T,logit_T_plus_AD,20,11,10,1219,0.0053231673500757646,0.10646288209606987,25,0.020508613617719443,"separate global stable ranks by selected calibrated PD ascending, then frozen base_order ascending; bin 1 lowest risk"
logit,logit_T,logit_T_plus_AD,20,11,11,1115,0.004869016895270285,0.09737991266375545,24,0.021524663677130046,"separate global stable ranks by selected calibrated PD ascending, then frozen base_order ascending; bin 1 lowest risk"
logit,logit_T,logit_T_plus_AD,20,11,12,893,0.0038995803475124343,0.07799126637554585,32,0.03583426651735722,"separate global stable ranks by selected calibrated PD ascending, then frozen base_order ascending; bin 1 lowest risk"
logit,logit_T,logit_T_plus_AD,20,11,13,954,0.004165957056581033,0.08331877729257642,27,0.02830188679245283,"separate global stable ranks by selected calibrated PD ascending, then frozen base_order ascending; bin 1 lowest risk"
logit,logit_T,logit_T_plus_AD,20,11,14,965,0.004213992200839305,0.08427947598253276,29,0.03005181347150259,"separate global stable ranks by selected calibrated PD ascending, then frozen base_order ascending; bin 1 lowest risk"
logit,logit_T,logit_T_plus_AD,20,11,15,917,0.004004384298621391,0.08008733624454148,38,0.04143947655398037,"separate global stable ranks by selected calibrated PD ascending, then frozen base_order ascending; bin 1 lowest risk"
logit,logit_T,logit_T_plus_AD,20,11,16,682,0.002978178944012856,0.059563318777292575,25,0.036656891495601175,"separate global stable ranks by selected calibrated PD ascending, then frozen base_order ascending; bin 1 lowest risk"
logit,logit_T,logit_T_plus_AD,20,11,17,255,0.0011135419805326661,0.0222707423580786,15,0.058823529411764705,"separate global stable ranks by selected calibrated PD ascending, then frozen base_order ascending; bin 1 lowest risk"
logit,logit_T,logit_T_plus_AD,20,11,18,57,0.00024890938388377244,0.004978165938864629,0,0.0,"separate global stable ranks by selected calibrated PD ascending, then frozen base_order ascending; bin 1 lowest risk"
logit,logit_T,logit_T_plus_AD,20,11,19,32,0.0001397386014786091,0.0027947598253275107,2,0.0625,"separate global stable ranks by selected calibrated PD ascending, then frozen base_order ascending; bin 1 lowest risk"
logit,logit_T,logit_T_plus_AD,20,11,20,10,4.366831296206534e-05,0.0008733624454148472,1,0.1,"separate global stable ranks by selected calibrated PD ascending, then frozen base_order ascending; bin 1 lowest risk"
logit,logit_T,logit_T_plus_AD,20,12,1,14,6.113563814689147e-05,0.001222707423580786,0,0.0,"separate global stable ranks by selected calibrated PD ascending, then frozen base_order ascending; bin 1 lowest risk"
logit,logit_T,logit_T_plus_AD,20,12,2,27,0.00011790444499757641,0.0023580786026200875,0,0.0,"separate global stable ranks by selected calibrated PD ascending, then frozen base_order ascending; bin 1 lowest risk"
logit,logit_T,logit_T_plus_AD,20,12,3,69,0.0003013113594382508,0.0060262008733624455,0,0.0,"separate global stable ranks by selected calibrated PD ascending, then frozen base_order ascending; bin 1 lowest risk"
logit,logit_T,logit_T_plus_AD,20,12,4,100,0.00043668312962065334,0.008733624454148471,1,0.01,"separate global stable ranks by selected calibrated PD ascending, then frozen base_order ascending; bin 1 lowest risk"
logit,logit_T,logit_T_plus_AD,20,12,5,182,0.0007947632959095891,0.01589519650655022,3,0.016483516483516484,"separate global stable ranks by selected calibrated PD ascending, then frozen base_order ascending; bin 1 lowest risk"
logit,logit_T,logit_T_plus_AD,20,12,6,359,0.0015676924353381456,0.031353711790393014,7,0.019498607242339833,"separate global stable ranks by selected calibrated PD ascending, then frozen base_order ascending; bin 1 lowest risk"
logit,logit_T,logit_T_plus_AD,20,12,7,657,0.0028690081616076927,0.05737991266375546,11,0.0167427701674277,"separate global stable ranks by selected calibrated PD ascending, then frozen base_order ascending; bin 1 lowest risk"
logit,logit_T,logit_T_plus_AD,20,12,8,841,0.0036725051201096947,0.07344978165938865,7,0.008323424494649227,"separate global stable ranks by selected calibrated PD ascending, then frozen base_order ascending; bin 1 lowest risk"
logit,logit_T,logit_T_plus_AD,20,12,9,1099,0.00479914759453098,0.0959825327510917,20,0.018198362147406732,"separate global stable ranks by selected calibrated PD ascending, then frozen base_order ascending; bin 1 lowest risk"
logit,logit_T,logit_T_plus_AD,20,12,10,1121,0.004895217883047524,0.09790393013100436,24,0.021409455842997322,"separate global stable ranks by selected calibrated PD ascending, then frozen base_order ascending; bin 1 lowest risk"
logit,logit_T,logit_T_plus_AD,20,12,11,1215,0.005305700024890938,0.10611353711790393,24,0.019753086419753086,"separate global stable ranks by selected calibrated PD ascending, then frozen base_order ascending; bin 1 lowest risk"
logit,logit_T,logit_T_plus_AD,20,12,12,1129,0.004930152533417177,0.09860262008733625,27,0.023914968999114262,"separate global stable ranks by selected calibrated PD ascending, then frozen base_order ascending; bin 1 lowest risk"
logit,logit_T,logit_T_plus_AD,20,12,13,925,0.004039318948991044,0.08078602620087336,22,0.023783783783783784,"separate global stable ranks by selected calibrated PD ascending, then frozen base_order ascending; bin 1 lowest risk"
logit,logit_T,logit_T_plus_AD,20,12,14,1013,0.004423600103057219,0.08847161572052402,34,0.03356367226061204,"separate global stable ranks by selected calibrated PD ascending, then frozen base_order ascending; bin 1 lowest risk"
logit,logit_T,logit_T_plus_AD,20,12,15,1047,0.004572072367128241,0.0914410480349345,41,0.039159503342884434,"separate global stable ranks by selected calibrated PD ascending, then frozen base_order ascending; bin 1 lowest risk"
logit,logit_T,logit_T_plus_AD,20,12,16,1001,0.00437119812750274,0.0874235807860262,46,0.04595404595404595,"separate global stable ranks by selected calibrated PD ascending, then frozen base_order ascending; bin 1 lowest risk"
logit,logit_T,logit_T_plus_AD,20,12,17,471,0.0020567775405132774,0.0411353711790393,21,0.044585987261146494,"separate global stable ranks by selected calibrated PD ascending, then frozen base_order ascending; bin 1 lowest risk"
logit,logit_T,logit_T_plus_AD,20,12,18,119,0.0005196529242485775,0.010393013100436681,11,0.09243697478991597,"separate global stable ranks by selected calibrated PD ascending, then frozen base_order ascending; bin 1 lowest risk"
logit,logit_T,logit_T_plus_AD,20,12,19,44,0.00019214057703308748,0.0038427947598253277,3,0.06818181818181818,"separate global stable ranks by selected calibrated PD ascending, then frozen base_order ascending; bin 1 lowest risk"
logit,logit_T,logit_T_plus_AD,20,12,20,17,7.423613203551108e-05,0.0014847161572052402,3,0.17647058823529413,"separate global stable ranks by selected calibrated PD ascending, then frozen base_order ascending; bin 1 lowest risk"
logit,logit_T,logit_T_plus_AD,20,13,1,16,6.986930073930454e-05,0.0013973799126637554,0,0.0,"separate global stable ranks by selected calibrated PD ascending, then frozen base_order ascending; bin 1 lowest risk"
logit,logit_T,logit_T_plus_AD,20,13,2,25,0.00010917078240516334,0.002183406113537118,0,0.0,"separate global stable ranks by selected calibrated PD ascending, then frozen base_order ascending; bin 1 lowest risk"
logit,logit_T,logit_T_plus_AD,20,13,3,36,0.00015720592666343522,0.0031441048034934497,0,0.0,"separate global stable ranks by selected calibrated PD ascending, then frozen base_order ascending; bin 1 lowest risk"
logit,logit_T,logit_T_plus_AD,20,13,4,54,0.00023580888999515283,0.004716157205240175,0,0.0,"separate global stable ranks by selected calibrated PD ascending, then frozen base_order ascending; bin 1 lowest risk"
logit,logit_T,logit_T_plus_AD,20,13,5,115,0.0005021855990637513,0.010043668122270743,4,0.034782608695652174,"separate global stable ranks by selected calibrated PD ascending, then frozen base_order ascending; bin 1 lowest risk"
logit,logit_T,logit_T_plus_AD,20,13,6,212,0.0009257682347957851,0.01851528384279476,4,0.018867924528301886,"separate global stable ranks by selected calibrated PD ascending, then frozen base_order ascending; bin 1 lowest risk"
logit,logit_T,logit_T_plus_AD,20,13,7,419,0.0018297023131105376,0.03659388646288209,8,0.01909307875894988,"separate global stable ranks by selected calibrated PD ascending, then frozen base_order ascending; bin 1 lowest risk"
logit,logit_T,logit_T_plus_AD,20,13,8,654,0.002855907667719073,0.057117903930131005,9,0.013761467889908258,"separate global stable ranks by selected calibrated PD ascending, then frozen base_order ascending; bin 1 lowest risk"
logit,logit_T,logit_T_plus_AD,20,13,9,899,0.003925781335289673,0.07851528384279476,14,0.01557285873192436,"separate global stable ranks by selected calibrated PD ascending, then frozen base_order ascending; bin 1 lowest risk"
logit,logit_T,logit_T_plus_AD,20,13,10,1114,0.0048646500639740785,0.09729257641921397,20,0.017953321364452424,"separate global stable ranks by selected calibrated PD ascending, then frozen base_order ascending; bin 1 lowest risk"
logit,logit_T,logit_T_plus_AD,20,13,11,1212,0.005292599531002319,0.10585152838427947,21,0.017326732673267328,"separate global stable ranks by selected calibrated PD ascending, then frozen base_order ascending; bin 1 lowest risk"
logit,logit_T,logit_T_plus_AD,20,13,12,1193,0.005209629736374395,0.10419213973799127,38,0.03185247275775356,"separate global stable ranks by selected calibrated PD ascending, then frozen base_order ascending; bin 1 lowest risk"
logit,logit_T,logit_T_plus_AD,20,13,13,1135,0.004956353521194416,0.09912663755458516,32,0.028193832599118944,"separate global stable ranks by selected calibrated PD ascending, then frozen base_order ascending; bin 1 lowest risk"
logit,logit_T,logit_T_plus_AD,20,13,14,953,0.004161590225284827,0.08323144104803494,24,0.025183630640083946,"separate global stable ranks by selected calibrated PD ascending, then frozen base_order ascending; bin 1 lowest risk"
logit,logit_T,logit_T_plus_AD,20,13,15,1102,0.0048122480884196005,0.09624454148471616,36,0.032667876588021776,"separate global stable ranks by selected calibrated PD ascending, then frozen base_order ascending; bin 1 lowest risk"
logit,logit_T,logit_T_plus_AD,20,13,16,1096,0.004786047100642361,0.09572052401746725,50,0.04562043795620438,"separate global stable ranks by selected calibrated PD ascending, then frozen base_order ascending; bin 1 lowest risk"
logit,logit_T,logit_T_plus_AD,20,13,17,902,0.003938881829178294,0.07877729257641922,43,0.04767184035476718,"separate global stable ranks by selected calibrated PD ascending, then frozen base_order ascending; bin 1 lowest risk"
logit,logit_T,logit_T_plus_AD,20,13,18,230,0.0010043711981275027,0.020087336244541485,13,0.05652173913043478,"separate global stable ranks by selected calibrated PD ascending, then frozen base_order ascending; bin 1 lowest risk"
logit,logit_T,logit_T_plus_AD,20,13,19,66,0.0002882108655496312,0.005764192139737992,3,0.045454545454545456,"separate global stable ranks by selected calibrated PD ascending, then frozen base_order ascending; bin 1 lowest risk"
logit,logit_T,logit_T_plus_AD,20,13,20,17,7.423613203551108e-05,0.0014847161572052402,0,0.0,"separate global stable ranks by selected calibrated PD ascending, then frozen base_order ascending; bin 1 lowest risk"
logit,logit_T,logit_T_plus_AD,20,14,1,8,3.493465036965227e-05,0.0006986899563318777,0,0.0,"separate global stable ranks by selected calibrated PD ascending, then frozen base_order ascending; bin 1 lowest risk"
logit,logit_T,logit_T_plus_AD,20,14,2,16,6.986930073930454e-05,0.0013973799126637554,1,0.0625,"separate global stable ranks by selected calibrated PD ascending, then frozen base_order ascending; bin 1 lowest risk"
logit,logit_T,logit_T_plus_AD,20,14,3,30,0.000131004938886196,0.0026200873362445414,0,0.0,"separate global stable ranks by selected calibrated PD ascending, then frozen base_order ascending; bin 1 lowest risk"
logit,logit_T,logit_T_plus_AD,20,14,4,47,0.0002052410709217071,0.004104803493449782,1,0.02127659574468085,"separate global stable ranks by selected calibrated PD ascending, then frozen base_order ascending; bin 1 lowest risk"
logit,logit_T,logit_T_plus_AD,20,14,5,79,0.0003449796724003162,0.006899563318777293,1,0.012658227848101266,"separate global stable ranks by selected calibrated PD ascending, then frozen base_order ascending; bin 1 lowest risk"
logit,logit_T,logit_T_plus_AD,20,14,6,125,0.0005458539120258167,0.010917030567685589,0,0.0,"separate global stable ranks by selected calibrated PD ascending, then frozen base_order ascending; bin 1 lowest risk"
logit,logit_T,logit_T_plus_AD,20,14,7,199,0.0008689994279451002,0.017379912663755458,2,0.010050251256281407,"separate global stable ranks by selected calibrated PD ascending, then frozen base_order ascending; bin 1 lowest risk"
logit,logit_T,logit_T_plus_AD,20,14,8,402,0.0017554661810750265,0.035109170305676854,7,0.017412935323383085,"separate global stable ranks by selected calibrated PD ascending, then frozen base_order ascending; bin 1 lowest risk"
logit,logit_T,logit_T_plus_AD,20,14,9,645,0.002816606186053214,0.05633187772925764,11,0.017054263565891473,"separate global stable ranks by selected calibrated PD ascending, then frozen base_order ascending; bin 1 lowest risk"
logit,logit_T,logit_T_plus_AD,20,14,10,900,0.00393014816658588,0.07860262008733625,13,0.014444444444444444,"separate global stable ranks by selected calibrated PD ascending, then frozen base_order ascending; bin 1 lowest risk"
logit,logit_T,logit_T_plus_AD,20,14,11,1108,0.0048384490761968395,0.09676855895196507,36,0.032490974729241874,"separate global stable ranks by selected calibrated PD ascending, then frozen base_order ascending; bin 1 lowest risk"
logit,logit_T,logit_T_plus_AD,20,14,12,1213,0.0052969663622985256,0.10593886462882096,40,0.03297609233305853,"separate global stable ranks by selected calibrated PD ascending, then frozen base_order ascending; bin 1 lowest risk"
logit,logit_T,logit_T_plus_AD,20,14,13,1202,0.0052489312180402535,0.10497816593886462,34,0.028286189683860232,"separate global stable ranks by selected calibrated PD ascending, then frozen base_order ascending; bin 1 lowest risk"
logit,logit_T,logit_T_plus_AD,20,14,14,1126,0.0049170520395285565,0.09834061135371179,37,0.03285968028419183,"separate global stable ranks by selected calibrated PD ascending, then frozen base_order ascending; bin 1 lowest risk"
logit,logit_T,logit_T_plus_AD,20,14,15,1069,0.004668142655644784,0.09336244541484716,42,0.03928905519176801,"separate global stable ranks by selected calibrated PD ascending, then frozen base_order ascending; bin 1 lowest risk"
logit,logit_T,logit_T_plus_AD,20,14,16,1288,0.005624478709514016,0.11248908296943232,48,0.037267080745341616,"separate global stable ranks by selected calibrated PD ascending, then frozen base_order ascending; bin 1 lowest risk"
logit,logit_T,logit_T_plus_AD,20,14,17,1221,0.005331901012668177,0.10663755458515284,61,0.049959049959049956,"separate global stable ranks by selected calibrated PD ascending, then frozen base_order ascending; bin 1 lowest risk"
logit,logit_T,logit_T_plus_AD,20,14,18,603,0.00263319927161254,0.05266375545851528,30,0.04975124378109453,"separate global stable ranks by selected calibrated PD ascending, then frozen base_order ascending; bin 1 lowest risk"
logit,logit_T,logit_T_plus_AD,20,14,19,139,0.0006069895501727082,0.012139737991266376,14,0.10071942446043165,"separate global stable ranks by selected calibrated PD ascending, then frozen base_order ascending; bin 1 lowest risk"
logit,logit_T,logit_T_plus_AD,20,14,20,30,0.000131004938886196,0.0026200873362445414,3,0.1,"separate global stable ranks by selected calibrated PD ascending, then frozen base_order ascending; bin 1 lowest risk"
logit,logit_T,logit_T_plus_AD,20,15,1,6,2.62009877772392e-05,0.0005240174672489083,0,0.0,"separate global stable ranks by selected calibrated PD ascending, then frozen base_order ascending; bin 1 lowest risk"
logit,logit_T,logit_T_plus_AD,20,15,2,10,4.366831296206534e-05,0.0008733624454148472,0,0.0,"separate global stable ranks by selected calibrated PD ascending, then frozen base_order ascending; bin 1 lowest risk"
logit,logit_T,logit_T_plus_AD,20,15,3,20,8.733662592413067e-05,0.0017467248908296944,0,0.0,"separate global stable ranks by selected calibrated PD ascending, then frozen base_order ascending; bin 1 lowest risk"
logit,logit_T,logit_T_plus_AD,20,15,4,39,0.0001703064205520548,0.003406113537117904,0,0.0,"separate global stable ranks by selected calibrated PD ascending, then frozen base_order ascending; bin 1 lowest risk"
logit,logit_T,logit_T_plus_AD,20,15,5,33,0.0001441054327748156,0.002882096069868996,0,0.0,"separate global stable ranks by selected calibrated PD ascending, then frozen base_order ascending; bin 1 lowest risk"
logit,logit_T,logit_T_plus_AD,20,15,6,70,0.00030567819073445735,0.00611353711790393,2,0.02857142857142857,"separate global stable ranks by selected calibrated PD ascending, then frozen base_order ascending; bin 1 lowest risk"
logit,logit_T,logit_T_plus_AD,20,15,7,110,0.0004803514425827187,0.00960698689956332,0,0.0,"separate global stable ranks by selected calibrated PD ascending, then frozen base_order ascending; bin 1 lowest risk"
logit,logit_T,logit_T_plus_AD,20,15,8,193,0.000842798440167861,0.01685589519650655,3,0.015544041450777202,"separate global stable ranks by selected calibrated PD ascending, then frozen base_order ascending; bin 1 lowest risk"
logit,logit_T,logit_T_plus_AD,20,15,9,351,0.0015327577849684932,0.030655021834061134,7,0.019943019943019943,"separate global stable ranks by selected calibrated PD ascending, then frozen base_order ascending; bin 1 lowest risk"
logit,logit_T,logit_T_plus_AD,20,15,10,617,0.0026943349097594315,0.05388646288209607,8,0.012965964343598054,"separate global stable ranks by selected calibrated PD ascending, then frozen base_order ascending; bin 1 lowest risk"
logit,logit_T,logit_T_plus_AD,20,15,11,914,0.003991283804732772,0.07982532751091703,21,0.022975929978118162,"separate global stable ranks by selected calibrated PD ascending, then frozen base_order ascending; bin 1 lowest risk"
logit,logit_T,logit_T_plus_AD,20,15,12,1142,0.004986921340267862,0.09973799126637554,38,0.03327495621716287,"separate global stable ranks by selected calibrated PD ascending, then frozen base_order ascending; bin 1 lowest risk"
logit,logit_T,logit_T_plus_AD,20,15,13,1272,0.0055546094087747105,0.11109170305676856,36,0.02830188679245283,"separate global stable ranks by selected calibrated PD ascending, then frozen base_order ascending; bin 1 lowest risk"
logit,logit_T,logit_T_plus_AD,20,15,14,1268,0.005537142083589884,0.11074235807860262,47,0.03706624605678233,"separate global stable ranks by selected calibrated PD ascending, then frozen base_order ascending; bin 1 lowest risk"
logit,logit_T,logit_T_plus_AD,20,15,15,1213,0.0052969663622985256,0.10593886462882096,48,0.03957131079967024,"separate global stable ranks by selected calibrated PD ascending, then frozen base_order ascending; bin 1 lowest risk"
logit,logit_T,logit_T_plus_AD,20,15,16,1284,0.005607011384329189,0.11213973799126638,57,0.04439252336448598,"separate global stable ranks by selected calibrated PD ascending, then frozen base_order ascending; bin 1 lowest risk"
logit,logit_T,logit_T_plus_AD,20,15,17,1430,0.0062445687535753434,0.12489082969432315,74,0.05174825174825175,"separate global stable ranks by selected calibrated PD ascending, then frozen base_order ascending; bin 1 lowest risk"
logit,logit_T,logit_T_plus_AD,20,15,18,1191,0.005200896073781981,0.1040174672489083,68,0.05709487825356843,"separate global stable ranks by selected calibrated PD ascending, then frozen base_order ascending; bin 1 lowest risk"
logit,logit_T,logit_T_plus_AD,20,15,19,236,0.001030572185904742,0.020611353711790393,16,0.06779661016949153,"separate global stable ranks by selected calibrated PD ascending, then frozen base_order ascending; bin 1 lowest risk"
logit,logit_T,logit_T_plus_AD,20,15,20,51,0.00022270839610653322,0.00445414847161572,5,0.09803921568627451,"separate global stable ranks by selected calibrated PD ascending, then frozen base_order ascending; bin 1 lowest risk"
logit,logit_T,logit_T_plus_AD,20,16,1,6,2.62009877772392e-05,0.0005240174672489083,0,0.0,"separate global stable ranks by selected calibrated PD ascending, then frozen base_order ascending; bin 1 lowest risk"
logit,logit_T,logit_T_plus_AD,20,16,2,7,3.056781907344573e-05,0.000611353711790393,0,0.0,"separate global stable ranks by selected calibrated PD ascending, then frozen base_order ascending; bin 1 lowest risk"
logit,logit_T,logit_T_plus_AD,20,16,3,8,3.493465036965227e-05,0.0006986899563318777,0,0.0,"separate global stable ranks by selected calibrated PD ascending, then frozen base_order ascending; bin 1 lowest risk"
logit,logit_T,logit_T_plus_AD,20,16,4,16,6.986930073930454e-05,0.0013973799126637554,1,0.0625,"separate global stable ranks by selected calibrated PD ascending, then frozen base_order ascending; bin 1 lowest risk"
logit,logit_T,logit_T_plus_AD,20,16,5,22,9.607028851654374e-05,0.0019213973799126639,1,0.045454545454545456,"separate global stable ranks by selected calibrated PD ascending, then frozen base_order ascending; bin 1 lowest risk"
logit,logit_T,logit_T_plus_AD,20,16,6,35,0.00015283909536722867,0.003056768558951965,0,0.0,"separate global stable ranks by selected calibrated PD ascending, then frozen base_order ascending; bin 1 lowest risk"
logit,logit_T,logit_T_plus_AD,20,16,7,61,0.00026637670906859857,0.0053275109170305675,1,0.01639344262295082,"separate global stable ranks by selected calibrated PD ascending, then frozen base_order ascending; bin 1 lowest risk"
logit,logit_T,logit_T_plus_AD,20,16,8,76,0.00033187917851169657,0.006637554585152838,2,0.02631578947368421,"separate global stable ranks by selected calibrated PD ascending, then frozen base_order ascending; bin 1 lowest risk"
logit,logit_T,logit_T_plus_AD,20,16,9,150,0.0006550246944309801,0.013100436681222707,5,0.03333333333333333,"separate global stable ranks by selected calibrated PD ascending, then frozen base_order ascending; bin 1 lowest risk"
logit,logit_T,logit_T_plus_AD,20,16,10,336,0.0014672553155253953,0.029344978165938864,6,0.017857142857142856,"separate global stable ranks by selected calibrated PD ascending, then frozen base_order ascending; bin 1 lowest risk"
logit,logit_T,logit_T_plus_AD,20,16,11,544,0.0023755562251363545,0.04751091703056769,15,0.027573529411764705,"separate global stable ranks by selected calibrated PD ascending, then frozen base_order ascending; bin 1 lowest risk"
logit,logit_T,logit_T_plus_AD,20,16,12,910,0.003973816479547945,0.0794759825327511,21,0.023076923076923078,"separate global stable ranks by selected calibrated PD ascending, then frozen base_order ascending; bin 1 lowest risk"
logit,logit_T,logit_T_plus_AD,20,16,13,1165,0.005087358460080612,0.1017467248908297,42,0.036051502145922745,"separate global stable ranks by selected calibrated PD ascending, then frozen base_order ascending; bin 1 lowest risk"
logit,logit_T,logit_T_plus_AD,20,16,14,1292,0.005641946034698841,0.11283842794759825,46,0.03560371517027864,"separate global stable ranks by selected calibrated PD ascending, then frozen base_order ascending; bin 1 lowest risk"
logit,logit_T,logit_T_plus_AD,20,16,15,1365,0.005960724719321919,0.11921397379912664,51,0.03736263736263736,"separate global stable ranks by selected calibrated PD ascending, then frozen base_order ascending; bin 1 lowest risk"
logit,logit_T,logit_T_plus_AD,20,16,16,1314,0.005738016323215385,0.11475982532751092,60,0.045662100456621,"separate global stable ranks by selected calibrated PD ascending, then frozen base_order ascending; bin 1 lowest risk"
logit,logit_T,logit_T_plus_AD,20,16,17,1633,0.00713103550670527,0.14262008733624454,71,0.043478260869565216,"separate global stable ranks by selected calibrated PD ascending, then frozen base_order ascending; bin 1 lowest risk"
logit,logit_T,logit_T_plus_AD,20,16,18,1756,0.007668155756138673,0.15336244541484717,101,0.057517084282460135,"separate global stable ranks by selected calibrated PD ascending, then frozen base_order ascending; bin 1 lowest risk"
logit,logit_T,logit_T_plus_AD,20,16,19,680,0.0029694452814204427,0.059388646288209605,38,0.05588235294117647,"separate global stable ranks by selected calibrated PD ascending, then frozen base_order ascending; bin 1 lowest risk"
logit,logit_T,logit_T_plus_AD,20,16,20,74,0.0003231455159192835,0.006462882096069869,3,0.04054054054054054,"separate global stable ranks by selected calibrated PD ascending, then frozen base_order ascending; bin 1 lowest risk"
logit,logit_T,logit_T_plus_AD,20,17,1,4,1.7467325184826136e-05,0.00034934497816593884,0,0.0,"separate global stable ranks by selected calibrated PD ascending, then frozen base_order ascending; bin 1 lowest risk"
logit,logit_T,logit_T_plus_AD,20,17,2,5,2.183415648103267e-05,0.0004366812227074236,0,0.0,"separate global stable ranks by selected calibrated PD ascending, then frozen base_order ascending; bin 1 lowest risk"
logit,logit_T,logit_T_plus_AD,20,17,3,3,1.31004938886196e-05,0.00026200873362445414,0,0.0,"separate global stable ranks by selected calibrated PD ascending, then frozen base_order ascending; bin 1 lowest risk"
logit,logit_T,logit_T_plus_AD,20,17,4,8,3.493465036965227e-05,0.0006986899563318777,0,0.0,"separate global stable ranks by selected calibrated PD ascending, then frozen base_order ascending; bin 1 lowest risk"
logit,logit_T,logit_T_plus_AD,20,17,5,11,4.803514425827187e-05,0.0009606986899563319,0,0.0,"separate global stable ranks by selected calibrated PD ascending, then frozen base_order ascending; bin 1 lowest risk"
logit,logit_T,logit_T_plus_AD,20,17,6,15,6.5502469443098e-05,0.0013100436681222707,0,0.0,"separate global stable ranks by selected calibrated PD ascending, then frozen base_order ascending; bin 1 lowest risk"
logit,logit_T,logit_T_plus_AD,20,17,7,27,0.00011790444499757641,0.0023580786026200875,0,0.0,"separate global stable ranks by selected calibrated PD ascending, then frozen base_order ascending; bin 1 lowest risk"
logit,logit_T,logit_T_plus_AD,20,17,8,50,0.00021834156481032667,0.004366812227074236,1,0.02,"separate global stable ranks by selected calibrated PD ascending, then frozen base_order ascending; bin 1 lowest risk"
logit,logit_T,logit_T_plus_AD,20,17,9,70,0.00030567819073445735,0.00611353711790393,1,0.014285714285714285,"separate global stable ranks by selected calibrated PD ascending, then frozen base_order ascending; bin 1 lowest risk"
logit,logit_T,logit_T_plus_AD,20,17,10,153,0.0006681251883195996,0.013362445414847162,4,0.026143790849673203,"separate global stable ranks by selected calibrated PD ascending, then frozen base_order ascending; bin 1 lowest risk"
logit,logit_T,logit_T_plus_AD,20,17,11,287,0.0012532805820112752,0.025065502183406113,8,0.027874564459930314,"separate global stable ranks by selected calibrated PD ascending, then frozen base_order ascending; bin 1 lowest risk"
logit,logit_T,logit_T_plus_AD,20,17,12,475,0.0020742448656981033,0.04148471615720524,12,0.02526315789473684,"separate global stable ranks by selected calibrated PD ascending, then frozen base_order ascending; bin 1 lowest risk"
logit,logit_T,logit_T_plus_AD,20,17,13,751,0.0032794903034511066,0.06558951965065503,20,0.02663115845539281,"separate global stable ranks by selected calibrated PD ascending, then frozen base_order ascending; bin 1 lowest risk"
logit,logit_T,logit_T_plus_AD,20,17,14,1203,0.00525329804933646,0.10506550218340611,42,0.034912718204488775,"separate global stable ranks by selected calibrated PD ascending, then frozen base_order ascending; bin 1 lowest risk"
logit,logit_T,logit_T_plus_AD,20,17,15,1496,0.006532779619124974,0.13065502183406114,75,0.05013368983957219,"separate global stable ranks by selected calibrated PD ascending, then frozen base_order ascending; bin 1 lowest risk"
logit,logit_T,logit_T_plus_AD,20,17,16,1602,0.006995663736522867,0.13991266375545852,74,0.046192259675405745,"separate global stable ranks by selected calibrated PD ascending, then frozen base_order ascending; bin 1 lowest risk"
logit,logit_T,logit_T_plus_AD,20,17,17,1624,0.00709173402503941,0.14183406113537117,88,0.054187192118226604,"separate global stable ranks by selected calibrated PD ascending, then frozen base_order ascending; bin 1 lowest risk"
logit,logit_T,logit_T_plus_AD,20,17,18,2013,0.008790431399263752,0.17580786026200873,103,0.05116741182314953,"separate global stable ranks by selected calibrated PD ascending, then frozen base_order ascending; bin 1 lowest risk"
logit,logit_T,logit_T_plus_AD,20,17,19,1487,0.006493478137459116,0.12986899563318777,105,0.07061197041022192,"separate global stable ranks by selected calibrated PD ascending, then frozen base_order ascending; bin 1 lowest risk"
logit,logit_T,logit_T_plus_AD,20,17,20,166,0.0007248939951702846,0.014497816593886463,14,0.08433734939759036,"separate global stable ranks by selected calibrated PD ascending, then frozen base_order ascending; bin 1 lowest risk"
logit,logit_T,logit_T_plus_AD,20,18,1,1,4.366831296206534e-06,8.733624454148471e-05,0,0.0,"separate global stable ranks by selected calibrated PD ascending, then frozen base_order ascending; bin 1 lowest risk"
logit,logit_T,logit_T_plus_AD,20,18,2,2,8.733662592413068e-06,0.00017467248908296942,0,0.0,"separate global stable ranks by selected calibrated PD ascending, then frozen base_order ascending; bin 1 lowest risk"
logit,logit_T,logit_T_plus_AD,20,18,3,2,8.733662592413068e-06,0.00017467248908296942,0,0.0,"separate global stable ranks by selected calibrated PD ascending, then frozen base_order ascending; bin 1 lowest risk"
logit,logit_T,logit_T_plus_AD,20,18,4,4,1.7467325184826136e-05,0.00034934497816593884,0,0.0,"separate global stable ranks by selected calibrated PD ascending, then frozen base_order ascending; bin 1 lowest risk"
logit,logit_T,logit_T_plus_AD,20,18,5,10,4.366831296206534e-05,0.0008733624454148472,0,0.0,"separate global stable ranks by selected calibrated PD ascending, then frozen base_order ascending; bin 1 lowest risk"
logit,logit_T,logit_T_plus_AD,20,18,6,12,5.24019755544784e-05,0.0010480349344978166,0,0.0,"separate global stable ranks by selected calibrated PD ascending, then frozen base_order ascending; bin 1 lowest risk"
logit,logit_T,logit_T_plus_AD,20,18,7,9,3.9301481665858805e-05,0.0007860262008733624,0,0.0,"separate global stable ranks by selected calibrated PD ascending, then frozen base_order ascending; bin 1 lowest risk"
logit,logit_T,logit_T_plus_AD,20,18,8,27,0.00011790444499757641,0.0023580786026200875,2,0.07407407407407407,"separate global stable ranks by selected calibrated PD ascending, then frozen base_order ascending; bin 1 lowest risk"
logit,logit_T,logit_T_plus_AD,20,18,9,32,0.0001397386014786091,0.0027947598253275107,3,0.09375,"separate global stable ranks by selected calibrated PD ascending, then frozen base_order ascending; bin 1 lowest risk"
logit,logit_T,logit_T_plus_AD,20,18,10,65,0.0002838440342534247,0.005676855895196507,1,0.015384615384615385,"separate global stable ranks by selected calibrated PD ascending, then frozen base_order ascending; bin 1 lowest risk"
logit,logit_T,logit_T_plus_AD,20,18,11,90,0.00039301481665858805,0.007860262008733625,2,0.022222222222222223,"separate global stable ranks by selected calibrated PD ascending, then frozen base_order ascending; bin 1 lowest risk"
logit,logit_T,logit_T_plus_AD,20,18,12,185,0.0008078637897982087,0.016157205240174673,3,0.016216216216216217,"separate global stable ranks by selected calibrated PD ascending, then frozen base_order ascending; bin 1 lowest risk"
logit,logit_T,logit_T_plus_AD,20,18,13,359,0.0015676924353381456,0.031353711790393014,10,0.027855153203342618,"separate global stable ranks by selected calibrated PD ascending, then frozen base_order ascending; bin 1 lowest risk"
logit,logit_T,logit_T_plus_AD,20,18,14,646,0.0028209730173494206,0.05641921397379913,31,0.047987616099071206,"separate global stable ranks by selected calibrated PD ascending, then frozen base_order ascending; bin 1 lowest risk"
logit,logit_T,logit_T_plus_AD,20,18,15,1007,0.00439739911527998,0.08794759825327511,44,0.04369414101290963,"separate global stable ranks by selected calibrated PD ascending, then frozen base_order ascending; bin 1 lowest risk"
logit,logit_T,logit_T_plus_AD,20,18,16,1556,0.006794789496897366,0.13589519650655021,79,0.05077120822622108,"separate global stable ranks by selected calibrated PD ascending, then frozen base_order ascending; bin 1 lowest risk"
logit,logit_T,logit_T_plus_AD,20,18,17,1888,0.008244577487237935,0.16489082969432314,91,0.048199152542372885,"separate global stable ranks by selected calibrated PD ascending, then frozen base_order ascending; bin 1 lowest risk"
logit,logit_T,logit_T_plus_AD,20,18,18,2145,0.009366853130363015,0.1873362445414847,129,0.06013986013986014,"separate global stable ranks by selected calibrated PD ascending, then frozen base_order ascending; bin 1 lowest risk"
logit,logit_T,logit_T_plus_AD,20,18,19,2855,0.012467303350669654,0.24934497816593887,238,0.08336252189141856,"separate global stable ranks by selected calibrated PD ascending, then frozen base_order ascending; bin 1 lowest risk"
logit,logit_T,logit_T_plus_AD,20,18,20,555,0.002423591369394626,0.04847161572052402,52,0.0936936936936937,"separate global stable ranks by selected calibrated PD ascending, then frozen base_order ascending; bin 1 lowest risk"
logit,logit_T,logit_T_plus_AD,20,19,1,0,0.0,0.0,0,,"separate global stable ranks by selected calibrated PD ascending, then frozen base_order ascending; bin 1 lowest risk"
logit,logit_T,logit_T_plus_AD,20,19,2,1,4.366831296206534e-06,8.733624454148471e-05,0,0.0,"separate global stable ranks by selected calibrated PD ascending, then frozen base_order ascending; bin 1 lowest risk"
logit,logit_T,logit_T_plus_AD,20,19,3,1,4.366831296206534e-06,8.733624454148471e-05,0,0.0,"separate global stable ranks by selected calibrated PD ascending, then frozen base_order ascending; bin 1 lowest risk"
logit,logit_T,logit_T_plus_AD,20,19,4,2,8.733662592413068e-06,0.00017467248908296942,0,0.0,"separate global stable ranks by selected calibrated PD ascending, then frozen base_order ascending; bin 1 lowest risk"
logit,logit_T,logit_T_plus_AD,20,19,5,3,1.31004938886196e-05,0.00026200873362445414,0,0.0,"separate global stable ranks by selected calibrated PD ascending, then frozen base_order ascending; bin 1 lowest risk"
logit,logit_T,logit_T_plus_AD,20,19,6,2,8.733662592413068e-06,0.00017467248908296942,0,0.0,"separate global stable ranks by selected calibrated PD ascending, then frozen base_order ascending; bin 1 lowest risk"
logit,logit_T,logit_T_plus_AD,20,19,7,3,1.31004938886196e-05,0.00026200873362445414,0,0.0,"separate global stable ranks by selected calibrated PD ascending, then frozen base_order ascending; bin 1 lowest risk"
logit,logit_T,logit_T_plus_AD,20,19,8,6,2.62009877772392e-05,0.0005240174672489083,0,0.0,"separate global stable ranks by selected calibrated PD ascending, then frozen base_order ascending; bin 1 lowest risk"
logit,logit_T,logit_T_plus_AD,20,19,9,10,4.366831296206534e-05,0.0008733624454148472,0,0.0,"separate global stable ranks by selected calibrated PD ascending, then frozen base_order ascending; bin 1 lowest risk"
logit,logit_T,logit_T_plus_AD,20,19,10,14,6.113563814689147e-05,0.001222707423580786,1,0.07142857142857142,"separate global stable ranks by selected calibrated PD ascending, then frozen base_order ascending; bin 1 lowest risk"
logit,logit_T,logit_T_plus_AD,20,19,11,25,0.00010917078240516334,0.002183406113537118,0,0.0,"separate global stable ranks by selected calibrated PD ascending, then frozen base_order ascending; bin 1 lowest risk"
logit,logit_T,logit_T_plus_AD,20,19,12,39,0.0001703064205520548,0.003406113537117904,1,0.02564102564102564,"separate global stable ranks by selected calibrated PD ascending, then frozen base_order ascending; bin 1 lowest risk"
logit,logit_T,logit_T_plus_AD,20,19,13,71,0.00031004502203066386,0.006200873362445415,4,0.056338028169014086,"separate global stable ranks by selected calibrated PD ascending, then frozen base_order ascending; bin 1 lowest risk"
logit,logit_T,logit_T_plus_AD,20,19,14,161,0.000703059838689252,0.01406113537117904,9,0.055900621118012424,"separate global stable ranks by selected calibrated PD ascending, then frozen base_order ascending; bin 1 lowest risk"
logit,logit_T,logit_T_plus_AD,20,19,15,326,0.00142358700256333,0.028471615720524018,15,0.046012269938650305,"separate global stable ranks by selected calibrated PD ascending, then frozen base_order ascending; bin 1 lowest risk"
logit,logit_T,logit_T_plus_AD,20,19,16,780,0.003406128411041096,0.06812227074235808,42,0.05384615384615385,"separate global stable ranks by selected calibrated PD ascending, then frozen base_order ascending; bin 1 lowest risk"
logit,logit_T,logit_T_plus_AD,20,19,17,1563,0.006825357315970812,0.1365065502183406,101,0.06461932181701856,"separate global stable ranks by selected calibrated PD ascending, then frozen base_order ascending; bin 1 lowest risk"
logit,logit_T,logit_T_plus_AD,20,19,18,2515,0.010982580709959432,0.21965065502183406,173,0.06878727634194831,"separate global stable ranks by selected calibrated PD ascending, then frozen base_order ascending; bin 1 lowest risk"
logit,logit_T,logit_T_plus_AD,20,19,19,3503,0.015297010030611487,0.305938864628821,286,0.08164430488153011,"separate global stable ranks by selected calibrated PD ascending, then frozen base_order ascending; bin 1 lowest risk"
logit,logit_T,logit_T_plus_AD,20,19,20,2425,0.010589565893300843,0.21179039301310043,266,0.10969072164948454,"separate global stable ranks by selected calibrated PD ascending, then frozen base_order ascending; bin 1 lowest risk"
logit,logit_T,logit_T_plus_AD,20,20,1,0,0.0,0.0,0,,"separate global stable ranks by selected calibrated PD ascending, then frozen base_order ascending; bin 1 lowest risk"
logit,logit_T,logit_T_plus_AD,20,20,2,0,0.0,0.0,0,,"separate global stable ranks by selected calibrated PD ascending, then frozen base_order ascending; bin 1 lowest risk"
logit,logit_T,logit_T_plus_AD,20,20,3,0,0.0,0.0,0,,"separate global stable ranks by selected calibrated PD ascending, then frozen base_order ascending; bin 1 lowest risk"
logit,logit_T,logit_T_plus_AD,20,20,4,0,0.0,0.0,0,,"separate global stable ranks by selected calibrated PD ascending, then frozen base_order ascending; bin 1 lowest risk"
logit,logit_T,logit_T_plus_AD,20,20,5,0,0.0,0.0,0,,"separate global stable ranks by selected calibrated PD ascending, then frozen base_order ascending; bin 1 lowest risk"
logit,logit_T,logit_T_plus_AD,20,20,6,2,8.733662592413068e-06,0.00017468774565464234,0,0.0,"separate global stable ranks by selected calibrated PD ascending, then frozen base_order ascending; bin 1 lowest risk"
logit,logit_T,logit_T_plus_AD,20,20,7,3,1.31004938886196e-05,0.0002620316184819635,0,0.0,"separate global stable ranks by selected calibrated PD ascending, then frozen base_order ascending; bin 1 lowest risk"
logit,logit_T,logit_T_plus_AD,20,20,8,2,8.733662592413068e-06,0.00017468774565464234,1,0.5,"separate global stable ranks by selected calibrated PD ascending, then frozen base_order ascending; bin 1 lowest risk"
logit,logit_T,logit_T_plus_AD,20,20,9,4,1.7467325184826136e-05,0.0003493754913092847,1,0.25,"separate global stable ranks by selected calibrated PD ascending, then frozen base_order ascending; bin 1 lowest risk"
logit,logit_T,logit_T_plus_AD,20,20,10,1,4.366831296206534e-06,8.734387282732117e-05,0,0.0,"separate global stable ranks by selected calibrated PD ascending, then frozen base_order ascending; bin 1 lowest risk"
logit,logit_T,logit_T_plus_AD,20,20,11,3,1.31004938886196e-05,0.0002620316184819635,0,0.0,"separate global stable ranks by selected calibrated PD ascending, then frozen base_order ascending; bin 1 lowest risk"
logit,logit_T,logit_T_plus_AD,20,20,12,4,1.7467325184826136e-05,0.0003493754913092847,1,0.25,"separate global stable ranks by selected calibrated PD ascending, then frozen base_order ascending; bin 1 lowest risk"
logit,logit_T,logit_T_plus_AD,20,20,13,9,3.9301481665858805e-05,0.0007860948554458904,1,0.1111111111111111,"separate global stable ranks by selected calibrated PD ascending, then frozen base_order ascending; bin 1 lowest risk"
logit,logit_T,logit_T_plus_AD,20,20,14,12,5.24019755544784e-05,0.001048126473927854,0,0.0,"separate global stable ranks by selected calibrated PD ascending, then frozen base_order ascending; bin 1 lowest risk"
logit,logit_T,logit_T_plus_AD,20,20,15,29,0.00012663810758998948,0.0025329723119923136,4,0.13793103448275862,"separate global stable ranks by selected calibrated PD ascending, then frozen base_order ascending; bin 1 lowest risk"
logit,logit_T,logit_T_plus_AD,20,20,16,73,0.00031877868462307696,0.006376102716394445,4,0.0547945205479452,"separate global stable ranks by selected calibrated PD ascending, then frozen base_order ascending; bin 1 lowest risk"
logit,logit_T,logit_T_plus_AD,20,20,17,198,0.0008646325966488936,0.017294086819809592,11,0.05555555555555555,"separate global stable ranks by selected calibrated PD ascending, then frozen base_order ascending; bin 1 lowest risk"
logit,logit_T,logit_T_plus_AD,20,20,18,694,0.0030305809195673343,0.060616647742160884,48,0.069164265129683,"separate global stable ranks by selected calibrated PD ascending, then frozen base_order ascending; bin 1 lowest risk"
logit,logit_T,logit_T_plus_AD,20,20,19,2346,0.010244586220900529,0.20490872565289545,245,0.10443307757885763,"separate global stable ranks by selected calibrated PD ascending, then frozen base_order ascending; bin 1 lowest risk"
logit,logit_T,logit_T_plus_AD,20,20,20,8069,0.03523596172909052,0.7047777098436545,1111,0.13768744578014624,"separate global stable ranks by selected calibrated PD ascending, then frozen base_order ascending; bin 1 lowest risk"
lightgbm,lightgbm_T,lightgbm_T_plus_AD,5,1,1,33213,0.1450355678409076,0.725174672489083,103,0.003101195315087466,"separate global stable ranks by selected calibrated PD ascending, then frozen base_order ascending; bin 1 lowest risk"
lightgbm,lightgbm_T,lightgbm_T_plus_AD,5,1,2,10898,0.0475897274660588,0.2379475982532751,96,0.00880895577170123,"separate global stable ranks by selected calibrated PD ascending, then frozen base_order ascending; bin 1 lowest risk"
lightgbm,lightgbm_T,lightgbm_T_plus_AD,5,1,3,1622,0.007083000362446998,0.035414847161572054,21,0.012946979038224414,"separate global stable ranks by selected calibrated PD ascending, then frozen base_order ascending; bin 1 lowest risk"
lightgbm,lightgbm_T,lightgbm_T_plus_AD,5,1,4,65,0.0002838440342534247,0.0014192139737991267,2,0.03076923076923077,"separate global stable ranks by selected calibrated PD ascending, then frozen base_order ascending; bin 1 lowest risk"
lightgbm,lightgbm_T,lightgbm_T_plus_AD,5,1,5,2,8.733662592413068e-06,4.3668122270742355e-05,1,0.5,"separate global stable ranks by selected calibrated PD ascending, then frozen base_order ascending; bin 1 lowest risk"
lightgbm,lightgbm_T,lightgbm_T_plus_AD,5,2,1,10338,0.045144301940183144,0.22572052401746726,53,0.005126716966531244,"separate global stable ranks by selected calibrated PD ascending, then frozen base_order ascending; bin 1 lowest risk"
lightgbm,lightgbm_T,lightgbm_T_plus_AD,5,2,2,21299,0.09300913977790295,0.4650436681222707,208,0.00976571670031457,"separate global stable ranks by selected calibrated PD ascending, then frozen base_order ascending; bin 1 lowest risk"
lightgbm,lightgbm_T,lightgbm_T_plus_AD,5,2,3,12344,0.05390416552037345,0.2695196506550218,225,0.01822747893713545,"separate global stable ranks by selected calibrated PD ascending, then frozen base_order ascending; bin 1 lowest risk"
lightgbm,lightgbm_T,lightgbm_T_plus_AD,5,2,4,1767,0.007716190900396945,0.038580786026200874,41,0.02320316921335597,"separate global stable ranks by selected calibrated PD ascending, then frozen base_order ascending; bin 1 lowest risk"
lightgbm,lightgbm_T,lightgbm_T_plus_AD,5,2,5,52,0.00022707522740273976,0.0011353711790393012,0,0.0,"separate global stable ranks by selected calibrated PD ascending, then frozen base_order ascending; bin 1 lowest risk"
lightgbm,lightgbm_T,lightgbm_T_plus_AD,5,3,1,1983,0.008659426460377557,0.04329694323144105,11,0.005547150781643974,"separate global stable ranks by selected calibrated PD ascending, then frozen base_order ascending; bin 1 lowest risk"
lightgbm,lightgbm_T,lightgbm_T_plus_AD,5,3,2,11237,0.04907008327547282,0.24534934497816593,124,0.011034973747441487,"separate global stable ranks by selected calibrated PD ascending, then frozen base_order ascending; bin 1 lowest risk"
lightgbm,lightgbm_T,lightgbm_T_plus_AD,5,3,3,19666,0.08587810427119769,0.4293886462882096,382,0.019424387267364996,"separate global stable ranks by selected calibrated PD ascending, then frozen base_order ascending; bin 1 lowest risk"
lightgbm,lightgbm_T,lightgbm_T_plus_AD,5,3,4,12265,0.05355918584797314,0.2677947598253275,385,0.03139013452914798,"separate global stable ranks by selected calibrated PD ascending, then frozen base_order ascending; bin 1 lowest risk"
lightgbm,lightgbm_T,lightgbm_T_plus_AD,5,3,5,649,0.0028340735112380405,0.014170305676855895,37,0.05701078582434515,"separate global stable ranks by selected calibrated PD ascending, then frozen base_order ascending; bin 1 lowest risk"
lightgbm,lightgbm_T,lightgbm_T_plus_AD,5,4,1,249,0.001087340992755427,0.005436681222707423,1,0.004016064257028112,"separate global stable ranks by selected calibrated PD ascending, then frozen base_order ascending; bin 1 lowest risk"
lightgbm,lightgbm_T,lightgbm_T_plus_AD,5,4,2,2235,0.009759867947021602,0.048799126637554584,28,0.012527964205816556,"separate global stable ranks by selected calibrated PD ascending, then frozen base_order ascending; bin 1 lowest risk"
lightgbm,lightgbm_T,lightgbm_T_plus_AD,5,4,3,10884,0.047528591827911915,0.2376419213973799,238,0.021866960676221976,"separate global stable ranks by selected calibrated PD ascending, then frozen base_order ascending; bin 1 lowest risk"
lightgbm,lightgbm_T,lightgbm_T_plus_AD,5,4,4,23357,0.101996078585496,0.5099781659388646,793,0.03395127798946782,"separate global stable ranks by selected calibrated PD ascending, then frozen base_order ascending; bin 1 lowest risk"
lightgbm,lightgbm_T,lightgbm_T_plus_AD,5,4,5,9075,0.03962899401307429,0.19814410480349345,501,0.055206611570247935,"separate global stable ranks by selected calibrated PD ascending, then frozen base_order ascending; bin 1 lowest risk"
lightgbm,lightgbm_T,lightgbm_T_plus_AD,5,5,1,17,7.423613203551108e-05,0.00037118714382410094,0,0.0,"separate global stable ranks by selected calibrated PD ascending, then frozen base_order ascending; bin 1 lowest risk"
lightgbm,lightgbm_T,lightgbm_T_plus_AD,5,5,2,131,0.0005720548998030559,0.002860324461232778,4,0.030534351145038167,"separate global stable ranks by selected calibrated PD ascending, then frozen base_order ascending; bin 1 lowest risk"
lightgbm,lightgbm_T,lightgbm_T_plus_AD,5,5,3,1284,0.005607011384329189,0.028035546627655627,23,0.01791277258566978,"separate global stable ranks by selected calibrated PD ascending, then frozen base_order ascending; bin 1 lowest risk"
lightgbm,lightgbm_T,lightgbm_T_plus_AD,5,5,4,8346,0.03644557399813973,0.18223105307976156,358,0.0428947999041457,"separate global stable ranks by selected calibrated PD ascending, then frozen base_order ascending; bin 1 lowest risk"
lightgbm,lightgbm_T,lightgbm_T_plus_AD,5,5,5,36021,0.15729763012065553,0.7865018886875259,3564,0.09894228366786041,"separate global stable ranks by selected calibrated PD ascending, then frozen base_order ascending; bin 1 lowest risk"
lightgbm,lightgbm_T,lightgbm_T_plus_AD,10,1,1,14349,0.06265966226926756,0.626593886462882,29,0.002021046762840616,"separate global stable ranks by selected calibrated PD ascending, then frozen base_order ascending; bin 1 lowest risk"
lightgbm,lightgbm_T,lightgbm_T_plus_AD,10,1,2,5477,0.023917135009323184,0.2391703056768559,19,0.003469052400949425,"separate global stable ranks by selected calibrated PD ascending, then frozen base_order ascending; bin 1 lowest risk"
lightgbm,lightgbm_T,lightgbm_T_plus_AD,10,1,3,2221,0.009698732308874712,0.09698689956331878,17,0.00765420981539847,"separate global stable ranks by selected calibrated PD ascending, then frozen base_order ascending; bin 1 lowest risk"
lightgbm,lightgbm_T,lightgbm_T_plus_AD,10,1,4,731,0.003192153677526976,0.03192139737991266,7,0.009575923392612859,"separate global stable ranks by selected calibrated PD ascending, then frozen base_order ascending; bin 1 lowest risk"
lightgbm,lightgbm_T,lightgbm_T_plus_AD,10,1,5,95,0.0004148489731396207,0.004148471615720524,0,0.0,"separate global stable ranks by selected calibrated PD ascending, then frozen base_order ascending; bin 1 lowest risk"
lightgbm,lightgbm_T,lightgbm_T_plus_AD,10,1,6,21,9.17034572203372e-05,0.0009170305676855895,0,0.0,"separate global stable ranks by selected calibrated PD ascending, then frozen base_order ascending; bin 1 lowest risk"
lightgbm,lightgbm_T,lightgbm_T_plus_AD,10,1,7,5,2.183415648103267e-05,0.0002183406113537118,0,0.0,"separate global stable ranks by selected calibrated PD ascending, then frozen base_order ascending; bin 1 lowest risk"
lightgbm,lightgbm_T,lightgbm_T_plus_AD,10,1,8,1,4.366831296206534e-06,4.3668122270742355e-05,0,0.0,"separate global stable ranks by selected calibrated PD ascending, then frozen base_order ascending; bin 1 lowest risk"
lightgbm,lightgbm_T,lightgbm_T_plus_AD,10,1,9,0,0.0,0.0,0,,"separate global stable ranks by selected calibrated PD ascending, then frozen base_order ascending; bin 1 lowest risk"
lightgbm,lightgbm_T,lightgbm_T_plus_AD,10,1,10,0,0.0,0.0,0,,"separate global stable ranks by selected calibrated PD ascending, then frozen base_order ascending; bin 1 lowest risk"
lightgbm,lightgbm_T,lightgbm_T_plus_AD,10,2,1,5254,0.02294333163026913,0.22943231441048034,13,0.0024743052912067,"separate global stable ranks by selected calibrated PD ascending, then frozen base_order ascending; bin 1 lowest risk"
lightgbm,lightgbm_T,lightgbm_T_plus_AD,10,2,2,8133,0.03551543893204774,0.3551528384279476,42,0.005164146071560309,"separate global stable ranks by selected calibrated PD ascending, then frozen base_order ascending; bin 1 lowest risk"
lightgbm,lightgbm_T,lightgbm_T_plus_AD,10,2,3,4836,0.021117996148454797,0.21117903930131005,39,0.008064516129032258,"separate global stable ranks by selected calibrated PD ascending, then frozen base_order ascending; bin 1 lowest risk"
lightgbm,lightgbm_T,lightgbm_T_plus_AD,10,2,4,3110,0.01358084533120232,0.13580786026200872,33,0.010610932475884245,"separate global stable ranks by selected calibrated PD ascending, then frozen base_order ascending; bin 1 lowest risk"
lightgbm,lightgbm_T,lightgbm_T_plus_AD,10,2,5,1299,0.005672513853772287,0.05672489082969432,17,0.01308698999230177,"separate global stable ranks by selected calibrated PD ascending, then frozen base_order ascending; bin 1 lowest risk"
lightgbm,lightgbm_T,lightgbm_T_plus_AD,10,2,6,207,0.0009039340783147525,0.009039301310043667,4,0.01932367149758454,"separate global stable ranks by selected calibrated PD ascending, then frozen base_order ascending; bin 1 lowest risk"
lightgbm,lightgbm_T,lightgbm_T_plus_AD,10,2,7,49,0.00021397473351412015,0.0021397379912663755,2,0.04081632653061224,"separate global stable ranks by selected calibrated PD ascending, then frozen base_order ascending; bin 1 lowest risk"
lightgbm,lightgbm_T,lightgbm_T_plus_AD,10,2,8,10,4.366831296206534e-05,0.0004366812227074236,0,0.0,"separate global stable ranks by selected calibrated PD ascending, then frozen base_order ascending; bin 1 lowest risk"
lightgbm,lightgbm_T,lightgbm_T_plus_AD,10,2,9,2,8.733662592413068e-06,8.733624454148471e-05,1,0.5,"separate global stable ranks by selected calibrated PD ascending, then frozen base_order ascending; bin 1 lowest risk"
lightgbm,lightgbm_T,lightgbm_T_plus_AD,10,2,10,0,0.0,0.0,0,,"separate global stable ranks by selected calibrated PD ascending, then frozen base_order ascending; bin 1 lowest risk"
lightgbm,lightgbm_T,lightgbm_T_plus_AD,10,3,1,2089,0.009122310577775449,0.09122270742358078,6,0.0028721876495931067,"separate global stable ranks by selected calibrated PD ascending, then frozen base_order ascending; bin 1 lowest risk"
lightgbm,lightgbm_T,lightgbm_T_plus_AD,10,3,2,5032,0.021973895082511276,0.21973799126637555,36,0.007154213036565978,"separate global stable ranks by selected calibrated PD ascending, then frozen base_order ascending; bin 1 lowest risk"
lightgbm,lightgbm_T,lightgbm_T_plus_AD,10,3,3,6413,0.0280044891025725,0.2800436681222707,51,0.007952596288788399,"separate global stable ranks by selected calibrated PD ascending, then frozen base_order ascending; bin 1 lowest risk"
lightgbm,lightgbm_T,lightgbm_T_plus_AD,10,3,4,4372,0.019091786427014965,0.19091703056768558,50,0.011436413540713633,"separate global stable ranks by selected calibrated PD ascending, then frozen base_order ascending; bin 1 lowest risk"
lightgbm,lightgbm_T,lightgbm_T_plus_AD,10,3,5,3204,0.013991327473045734,0.13991266375545852,53,0.016541822721598,"separate global stable ranks by selected calibrated PD ascending, then frozen base_order ascending; bin 1 lowest risk"
lightgbm,lightgbm_T,lightgbm_T_plus_AD,10,3,6,1500,0.0065502469443098005,0.06550218340611354,38,0.025333333333333333,"separate global stable ranks by selected calibrated PD ascending, then frozen base_order ascending; bin 1 lowest risk"
lightgbm,lightgbm_T,lightgbm_T_plus_AD,10,3,7,227,0.0009912707042388832,0.009912663755458516,3,0.013215859030837005,"separate global stable ranks by selected calibrated PD ascending, then frozen base_order ascending; bin 1 lowest risk"
lightgbm,lightgbm_T,lightgbm_T_plus_AD,10,3,8,50,0.00021834156481032667,0.002183406113537118,2,0.04,"separate global stable ranks by selected calibrated PD ascending, then frozen base_order ascending; bin 1 lowest risk"
lightgbm,lightgbm_T,lightgbm_T_plus_AD,10,3,9,12,5.24019755544784e-05,0.0005240174672489083,0,0.0,"separate global stable ranks by selected calibrated PD ascending, then frozen base_order ascending; bin 1 lowest risk"
lightgbm,lightgbm_T,lightgbm_T_plus_AD,10,3,10,1,4.366831296206534e-06,4.3668122270742355e-05,0,0.0,"separate global stable ranks by selected calibrated PD ascending, then frozen base_order ascending; bin 1 lowest risk"
lightgbm,lightgbm_T,lightgbm_T_plus_AD,10,4,1,794,0.0034672640491879877,0.03467248908296943,1,0.0012594458438287153,"separate global stable ranks by selected calibrated PD ascending, then frozen base_order ascending; bin 1 lowest risk"
lightgbm,lightgbm_T,lightgbm_T_plus_AD,10,4,2,2423,0.010580832230708432,0.10580786026200874,10,0.004127115146512587,"separate global stable ranks by selected calibrated PD ascending, then frozen base_order ascending; bin 1 lowest risk"
lightgbm,lightgbm_T,lightgbm_T_plus_AD,10,4,3,4883,0.021323237219376505,0.21323144104803493,36,0.0073725168953512185,"separate global stable ranks by selected calibrated PD ascending, then frozen base_order ascending; bin 1 lowest risk"
lightgbm,lightgbm_T,lightgbm_T_plus_AD,10,4,4,5631,0.02458962702893899,0.24589519650655023,71,0.012608772864500089,"separate global stable ranks by selected calibrated PD ascending, then frozen base_order ascending; bin 1 lowest risk"
lightgbm,lightgbm_T,lightgbm_T_plus_AD,10,4,5,4312,0.018829776549242574,0.18829694323144106,73,0.016929499072356215,"separate global stable ranks by selected calibrated PD ascending, then frozen base_order ascending; bin 1 lowest risk"
lightgbm,lightgbm_T,lightgbm_T_plus_AD,10,4,6,3328,0.014532814553775345,0.14532751091703056,61,0.018329326923076924,"separate global stable ranks by selected calibrated PD ascending, then frozen base_order ascending; bin 1 lowest risk"
lightgbm,lightgbm_T,lightgbm_T_plus_AD,10,4,7,1316,0.005746749985807798,0.05746724890829694,30,0.022796352583586626,"separate global stable ranks by selected calibrated PD ascending, then frozen base_order ascending; bin 1 lowest risk"
lightgbm,lightgbm_T,lightgbm_T_plus_AD,10,4,8,174,0.0007598286455399369,0.00759825327510917,6,0.034482758620689655,"separate global stable ranks by selected calibrated PD ascending, then frozen base_order ascending; bin 1 lowest risk"
lightgbm,lightgbm_T,lightgbm_T_plus_AD,10,4,9,34,0.00014847226407102215,0.0014847161572052402,0,0.0,"separate global stable ranks by selected calibrated PD ascending, then frozen base_order ascending; bin 1 lowest risk"
lightgbm,lightgbm_T,lightgbm_T_plus_AD,10,4,10,5,2.183415648103267e-05,0.0002183406113537118,0,0.0,"separate global stable ranks by selected calibrated PD ascending, then frozen base_order ascending; bin 1 lowest risk"
lightgbm,lightgbm_T,lightgbm_T_plus_AD,10,5,1,277,0.0012096122690492099,0.012096069868995633,0,0.0,"separate global stable ranks by selected calibrated PD ascending, then frozen base_order ascending; bin 1 lowest risk"
lightgbm,lightgbm_T,lightgbm_T_plus_AD,10,5,2,1198,0.005231463892855427,0.05231441048034934,10,0.008347245409015025,"separate global stable ranks by selected calibrated PD ascending, then frozen base_order ascending; bin 1 lowest risk"
lightgbm,lightgbm_T,lightgbm_T_plus_AD,10,5,3,2714,0.011851580137904532,0.11851528384279476,26,0.009579955784819455,"separate global stable ranks by selected calibrated PD ascending, then frozen base_order ascending; bin 1 lowest risk"
lightgbm,lightgbm_T,lightgbm_T_plus_AD,10,5,4,4645,0.02028393137087935,0.20283842794759827,48,0.010333692142088267,"separate global stable ranks by selected calibrated PD ascending, then frozen base_order ascending; bin 1 lowest risk"
lightgbm,lightgbm_T,lightgbm_T_plus_AD,10,5,5,5365,0.023428049904148054,0.23427947598253276,67,0.012488350419384902,"separate global stable ranks by selected calibrated PD ascending, then frozen base_order ascending; bin 1 lowest risk"
lightgbm,lightgbm_T,lightgbm_T_plus_AD,10,5,6,4362,0.0190481181140529,0.19048034934497818,102,0.023383768913342505,"separate global stable ranks by selected calibrated PD ascending, then frozen base_order ascending; bin 1 lowest risk"
lightgbm,lightgbm_T,lightgbm_T_plus_AD,10,5,7,3319,0.014493513072109485,0.1449344978165939,107,0.032238626092196444,"separate global stable ranks by selected calibrated PD ascending, then frozen base_order ascending; bin 1 lowest risk"
lightgbm,lightgbm_T,lightgbm_T_plus_AD,10,5,8,891,0.0038908466849200216,0.03890829694323144,27,0.030303030303030304,"separate global stable ranks by selected calibrated PD ascending, then frozen base_order ascending; bin 1 lowest risk"
lightgbm,lightgbm_T,lightgbm_T_plus_AD,10,5,9,109,0.0004759846112865122,0.004759825327510917,7,0.06422018348623854,"separate global stable ranks by selected calibrated PD ascending, then frozen base_order ascending; bin 1 lowest risk"
lightgbm,lightgbm_T,lightgbm_T_plus_AD,10,5,10,20,8.733662592413067e-05,0.0008733624454148472,3,0.15,"separate global stable ranks by selected calibrated PD ascending, then frozen base_order ascending; bin 1 lowest risk"
lightgbm,lightgbm_T,lightgbm_T_plus_AD,10,6,1,88,0.00038428115406617495,0.0038427947598253277,0,0.0,"separate global stable ranks by selected calibrated PD ascending, then frozen base_order ascending; bin 1 lowest risk"
lightgbm,lightgbm_T,lightgbm_T_plus_AD,10,6,2,420,0.0018340691444067442,0.01834061135371179,1,0.002380952380952381,"separate global stable ranks by selected calibrated PD ascending, then frozen base_order ascending; bin 1 lowest risk"
lightgbm,lightgbm_T,lightgbm_T_plus_AD,10,6,3,1216,0.005310066856187145,0.053100436681222704,12,0.009868421052631578,"separate global stable ranks by selected calibrated PD ascending, then frozen base_order ascending; bin 1 lowest risk"
lightgbm,lightgbm_T,lightgbm_T_plus_AD,10,6,4,2662,0.011624504910501793,0.11624454148471616,38,0.014274981217129978,"separate global stable ranks by selected calibrated PD ascending, then frozen base_order ascending; bin 1 lowest risk"
lightgbm,lightgbm_T,lightgbm_T_plus_AD,10,6,5,4548,0.019860348735147314,0.19860262008733626,86,0.018909410729991204,"separate global stable ranks by selected calibrated PD ascending, then frozen base_order ascending; bin 1 lowest risk"
lightgbm,lightgbm_T,lightgbm_T_plus_AD,10,6,6,5391,0.023541587517849422,0.23541484716157204,127,0.023557781487664627,"separate global stable ranks by selected calibrated PD ascending, then frozen base_order ascending; bin 1 lowest risk"
lightgbm,lightgbm_T,lightgbm_T_plus_AD,10,6,7,4942,0.02158088026585269,0.21580786026200874,129,0.026102792391744234,"separate global stable ranks by selected calibrated PD ascending, then frozen base_order ascending; bin 1 lowest risk"
lightgbm,lightgbm_T,lightgbm_T_plus_AD,10,6,8,3113,0.01359394582509094,0.13593886462882096,122,0.039190491487311276,"separate global stable ranks by selected calibrated PD ascending, then frozen base_order ascending; bin 1 lowest risk"
lightgbm,lightgbm_T,lightgbm_T_plus_AD,10,6,9,477,0.0020829785282905165,0.020829694323144105,23,0.04821802935010482,"separate global stable ranks by selected calibrated PD ascending, then frozen base_order ascending; bin 1 lowest risk"
lightgbm,lightgbm_T,lightgbm_T_plus_AD,10,6,10,43,0.00018777374573688096,0.0018777292576419213,4,0.09302325581395349,"separate global stable ranks by selected calibrated PD ascending, then frozen base_order ascending; bin 1 lowest risk"
lightgbm,lightgbm_T,lightgbm_T_plus_AD,10,7,1,33,0.0001441054327748156,0.001441048034934498,0,0.0,"separate global stable ranks by selected calibrated PD ascending, then frozen base_order ascending; bin 1 lowest risk"
lightgbm,lightgbm_T,lightgbm_T_plus_AD,10,7,2,158,0.0006899593448006324,0.006899563318777293,1,0.006329113924050633,"separate global stable ranks by selected calibrated PD ascending, then frozen base_order ascending; bin 1 lowest risk"
lightgbm,lightgbm_T,lightgbm_T_plus_AD,10,7,3,450,0.00196507408329294,0.019650655021834062,2,0.0044444444444444444,"separate global stable ranks by selected calibrated PD ascending, then frozen base_order ascending; bin 1 lowest risk"
lightgbm,lightgbm_T,lightgbm_T_plus_AD,10,7,4,1251,0.005462905951554374,0.05462882096069869,18,0.014388489208633094,"separate global stable ranks by selected calibrated PD ascending, then frozen base_order ascending; bin 1 lowest risk"
lightgbm,lightgbm_T,lightgbm_T_plus_AD,10,7,5,2655,0.011593937091428346,0.11593886462882096,60,0.022598870056497175,"separate global stable ranks by selected calibrated PD ascending, then frozen base_order ascending; bin 1 lowest risk"
lightgbm,lightgbm_T,lightgbm_T_plus_AD,10,7,6,4483,0.01957650470089389,0.195764192139738,111,0.024760205219718938,"separate global stable ranks by selected calibrated PD ascending, then frozen base_order ascending; bin 1 lowest risk"
lightgbm,lightgbm_T,lightgbm_T_plus_AD,10,7,7,5910,0.025807972960580614,0.25807860262008736,154,0.026057529610829102,"separate global stable ranks by selected calibrated PD ascending, then frozen base_order ascending; bin 1 lowest risk"
lightgbm,lightgbm_T,lightgbm_T_plus_AD,10,7,8,5782,0.02524901855466618,0.2524890829694323,217,0.03753026634382567,"separate global stable ranks by selected calibrated PD ascending, then frozen base_order ascending; bin 1 lowest risk"
lightgbm,lightgbm_T,lightgbm_T_plus_AD,10,7,9,2080,0.00908300909610959,0.09082969432314411,112,0.05384615384615385,"separate global stable ranks by selected calibrated PD ascending, then frozen base_order ascending; bin 1 lowest risk"
lightgbm,lightgbm_T,lightgbm_T_plus_AD,10,7,10,98,0.0004279494670282403,0.004279475982532751,8,0.08163265306122448,"separate global stable ranks by selected calibrated PD ascending, then frozen base_order ascending; bin 1 lowest risk"
lightgbm,lightgbm_T,lightgbm_T_plus_AD,10,8,1,12,5.24019755544784e-05,0.0005240174672489083,0,0.0,"separate global stable ranks by selected calibrated PD ascending, then frozen base_order ascending; bin 1 lowest risk"
lightgbm,lightgbm_T,lightgbm_T_plus_AD,10,8,2,46,0.00020087423962550054,0.0020087336244541485,0,0.0,"separate global stable ranks by selected calibrated PD ascending, then frozen base_order ascending; bin 1 lowest risk"
lightgbm,lightgbm_T,lightgbm_T_plus_AD,10,8,3,130,0.0005676880685068494,0.005676855895196507,2,0.015384615384615385,"separate global stable ranks by selected calibrated PD ascending, then frozen base_order ascending; bin 1 lowest risk"
lightgbm,lightgbm_T,lightgbm_T_plus_AD,10,8,4,404,0.0017641998436674397,0.01764192139737991,6,0.01485148514851485,"separate global stable ranks by selected calibrated PD ascending, then frozen base_order ascending; bin 1 lowest risk"
lightgbm,lightgbm_T,lightgbm_T_plus_AD,10,8,5,1105,0.00482534858230822,0.0482532751091703,20,0.01809954751131222,"separate global stable ranks by selected calibrated PD ascending, then frozen base_order ascending; bin 1 lowest risk"
lightgbm,lightgbm_T,lightgbm_T_plus_AD,10,8,6,2641,0.011532801453281455,0.11532751091703057,47,0.017796289284361985,"separate global stable ranks by selected calibrated PD ascending, then frozen base_order ascending; bin 1 lowest risk"
lightgbm,lightgbm_T,lightgbm_T_plus_AD,10,8,7,4670,0.020393102153284513,0.2039301310043668,148,0.03169164882226981,"separate global stable ranks by selected calibrated PD ascending, then frozen base_order ascending; bin 1 lowest risk"
lightgbm,lightgbm_T,lightgbm_T_plus_AD,10,8,8,6995,0.030545984916964704,0.30545851528384277,274,0.03917083631165118,"separate global stable ranks by selected calibrated PD ascending, then frozen base_order ascending; bin 1 lowest risk"
lightgbm,lightgbm_T,lightgbm_T_plus_AD,10,8,9,6314,0.027572172804248053,0.27572052401746727,342,0.05416534684827368,"separate global stable ranks by selected calibrated PD ascending, then frozen base_order ascending; bin 1 lowest risk"
lightgbm,lightgbm_T,lightgbm_T_plus_AD,10,8,10,583,0.0025458626456884093,0.025458515283842794,39,0.06689536878216124,"separate global stable ranks by selected calibrated PD ascending, then frozen base_order ascending; bin 1 lowest risk"
lightgbm,lightgbm_T,lightgbm_T_plus_AD,10,9,1,3,1.31004938886196e-05,0.00013100436681222707,0,0.0,"separate global stable ranks by selected calibrated PD ascending, then frozen base_order ascending; bin 1 lowest risk"
lightgbm,lightgbm_T,lightgbm_T_plus_AD,10,9,2,13,5.676880685068494e-05,0.0005676855895196506,0,0.0,"separate global stable ranks by selected calibrated PD ascending, then frozen base_order ascending; bin 1 lowest risk"
lightgbm,lightgbm_T,lightgbm_T_plus_AD,10,9,3,31,0.00013537177018240254,0.001353711790393013,0,0.0,"separate global stable ranks by selected calibrated PD ascending, then frozen base_order ascending; bin 1 lowest risk"
lightgbm,lightgbm_T,lightgbm_T_plus_AD,10,9,4,91,0.00039738164795479456,0.003973799126637555,3,0.03296703296703297,"separate global stable ranks by selected calibrated PD ascending, then frozen base_order ascending; bin 1 lowest risk"
lightgbm,lightgbm_T,lightgbm_T_plus_AD,10,9,5,295,0.0012882152323809273,0.012882096069868995,5,0.01694915254237288,"separate global stable ranks by selected calibrated PD ascending, then frozen base_order ascending; bin 1 lowest risk"
lightgbm,lightgbm_T,lightgbm_T_plus_AD,10,9,6,874,0.0038166105528845105,0.03816593886462882,13,0.014874141876430207,"separate global stable ranks by selected calibrated PD ascending, then frozen base_order ascending; bin 1 lowest risk"
lightgbm,lightgbm_T,lightgbm_T_plus_AD,10,9,7,2190,0.00956336053869231,0.09563318777292576,85,0.03881278538812785,"separate global stable ranks by selected calibrated PD ascending, then frozen base_order ascending; bin 1 lowest risk"
lightgbm,lightgbm_T,lightgbm_T_plus_AD,10,9,8,4899,0.02139310652011581,0.2139301310043668,218,0.04449887732190243,"separate global stable ranks by selected calibrated PD ascending, then frozen base_order ascending; bin 1 lowest risk"
lightgbm,lightgbm_T,lightgbm_T_plus_AD,10,9,9,9832,0.04293468530430264,0.42934497816593886,566,0.057567127746135066,"separate global stable ranks by selected calibrated PD ascending, then frozen base_order ascending; bin 1 lowest risk"
lightgbm,lightgbm_T,lightgbm_T_plus_AD,10,9,10,4672,0.020401835815876925,0.2040174672489083,400,0.08561643835616438,"separate global stable ranks by selected calibrated PD ascending, then frozen base_order ascending; bin 1 lowest risk"
lightgbm,lightgbm_T,lightgbm_T_plus_AD,10,10,1,1,4.366831296206534e-06,4.36700292589196e-05,0,0.0,"separate global stable ranks by selected calibrated PD ascending, then frozen base_order ascending; bin 1 lowest risk"
lightgbm,lightgbm_T,lightgbm_T_plus_AD,10,10,2,0,0.0,0.0,0,,"separate global stable ranks by selected calibrated PD ascending, then frozen base_order ascending; bin 1 lowest risk"
lightgbm,lightgbm_T,lightgbm_T_plus_AD,10,10,3,6,2.62009877772392e-05,0.00026202017555351765,1,0.16666666666666666,"separate global stable ranks by selected calibrated PD ascending, then frozen base_order ascending; bin 1 lowest risk"
lightgbm,lightgbm_T,lightgbm_T_plus_AD,10,10,4,3,1.31004938886196e-05,0.00013101008777675882,0,0.0,"separate global stable ranks by selected calibrated PD ascending, then frozen base_order ascending; bin 1 lowest risk"
lightgbm,lightgbm_T,lightgbm_T_plus_AD,10,10,5,22,9.607028851654374e-05,0.0009607406436962313,1,0.045454545454545456,"separate global stable ranks by selected calibrated PD ascending, then frozen base_order ascending; bin 1 lowest risk"
lightgbm,lightgbm_T,lightgbm_T_plus_AD,10,10,6,93,0.00040611531054720766,0.004061312721079523,4,0.043010752688172046,"separate global stable ranks by selected calibrated PD ascending, then frozen base_order ascending; bin 1 lowest risk"
lightgbm,lightgbm_T,lightgbm_T_plus_AD,10,10,7,272,0.0011877781125681772,0.011878247958426132,8,0.029411764705882353,"separate global stable ranks by selected calibrated PD ascending, then frozen base_order ascending; bin 1 lowest risk"
lightgbm,lightgbm_T,lightgbm_T_plus_AD,10,10,8,985,0.004301328826763436,0.04301497882003581,47,0.047715736040609136,"separate global stable ranks by selected calibrated PD ascending, then frozen base_order ascending; bin 1 lowest risk"
lightgbm,lightgbm_T,lightgbm_T_plus_AD,10,10,9,4040,0.017641998436674397,0.1764269182060352,270,0.06683168316831684,"separate global stable ranks by selected calibrated PD ascending, then frozen base_order ascending; bin 1 lowest risk"
lightgbm,lightgbm_T,lightgbm_T_plus_AD,10,10,10,17477,0.07631911056380158,0.7632211013581379,2328,0.13320363906849,"separate global stable ranks by selected calibrated PD ascending, then frozen base_order ascending; bin 1 lowest risk"
lightgbm,lightgbm_T,lightgbm_T_plus_AD,20,1,1,5958,0.02601758086279853,0.520349344978166,7,0.0011748909029875797,"separate global stable ranks by selected calibrated PD ascending, then frozen base_order ascending; bin 1 lowest risk"
lightgbm,lightgbm_T,lightgbm_T_plus_AD,20,1,2,2791,0.012187826147712435,0.24375545851528385,10,0.0035829451809387316,"separate global stable ranks by selected calibrated PD ascending, then frozen base_order ascending; bin 1 lowest risk"
lightgbm,lightgbm_T,lightgbm_T_plus_AD,20,1,3,1228,0.005362468831741623,0.10724890829694324,6,0.004885993485342019,"separate global stable ranks by selected calibrated PD ascending, then frozen base_order ascending; bin 1 lowest risk"
lightgbm,lightgbm_T,lightgbm_T_plus_AD,20,1,4,750,0.0032751234721549003,0.06550218340611354,3,0.004,"separate global stable ranks by selected calibrated PD ascending, then frozen base_order ascending; bin 1 lowest risk"
lightgbm,lightgbm_T,lightgbm_T_plus_AD,20,1,5,425,0.0018559033008877768,0.03711790393013101,4,0.009411764705882352,"separate global stable ranks by selected calibrated PD ascending, then frozen base_order ascending; bin 1 lowest risk"
lightgbm,lightgbm_T,lightgbm_T_plus_AD,20,1,6,179,0.0007816628020209695,0.015633187772925765,1,0.00558659217877095,"separate global stable ranks by selected calibrated PD ascending, then frozen base_order ascending; bin 1 lowest risk"
lightgbm,lightgbm_T,lightgbm_T_plus_AD,20,1,7,77,0.0003362460098079031,0.0067248908296943235,0,0.0,"separate global stable ranks by selected calibrated PD ascending, then frozen base_order ascending; bin 1 lowest risk"
lightgbm,lightgbm_T,lightgbm_T_plus_AD,20,1,8,19,8.296979462792414e-05,0.0016593886462882095,1,0.05263157894736842,"separate global stable ranks by selected calibrated PD ascending, then frozen base_order ascending; bin 1 lowest risk"
lightgbm,lightgbm_T,lightgbm_T_plus_AD,20,1,9,13,5.676880685068494e-05,0.0011353711790393012,0,0.0,"separate global stable ranks by selected calibrated PD ascending, then frozen base_order ascending; bin 1 lowest risk"
lightgbm,lightgbm_T,lightgbm_T_plus_AD,20,1,10,4,1.7467325184826136e-05,0.00034934497816593884,0,0.0,"separate global stable ranks by selected calibrated PD ascending, then frozen base_order ascending; bin 1 lowest risk"
lightgbm,lightgbm_T,lightgbm_T_plus_AD,20,1,11,4,1.7467325184826136e-05,0.00034934497816593884,0,0.0,"separate global stable ranks by selected calibrated PD ascending, then frozen base_order ascending; bin 1 lowest risk"
lightgbm,lightgbm_T,lightgbm_T_plus_AD,20,1,12,1,4.366831296206534e-06,8.733624454148471e-05,0,0.0,"separate global stable ranks by selected calibrated PD ascending, then frozen base_order ascending; bin 1 lowest risk"
lightgbm,lightgbm_T,lightgbm_T_plus_AD,20,1,13,0,0.0,0.0,0,,"separate global stable ranks by selected calibrated PD ascending, then frozen base_order ascending; bin 1 lowest risk"
lightgbm,lightgbm_T,lightgbm_T_plus_AD,20,1,14,1,4.366831296206534e-06,8.733624454148471e-05,0,0.0,"separate global stable ranks by selected calibrated PD ascending, then frozen base_order ascending; bin 1 lowest risk"
lightgbm,lightgbm_T,lightgbm_T_plus_AD,20,1,15,0,0.0,0.0,0,,"separate global stable ranks by selected calibrated PD ascending, then frozen base_order ascending; bin 1 lowest risk"
lightgbm,lightgbm_T,lightgbm_T_plus_AD,20,1,16,0,0.0,0.0,0,,"separate global stable ranks by selected calibrated PD ascending, then frozen base_order ascending; bin 1 lowest risk"
lightgbm,lightgbm_T,lightgbm_T_plus_AD,20,1,17,0,0.0,0.0,0,,"separate global stable ranks by selected calibrated PD ascending, then frozen base_order ascending; bin 1 lowest risk"
lightgbm,lightgbm_T,lightgbm_T_plus_AD,20,1,18,0,0.0,0.0,0,,"separate global stable ranks by selected calibrated PD ascending, then frozen base_order ascending; bin 1 lowest risk"
lightgbm,lightgbm_T,lightgbm_T_plus_AD,20,1,19,0,0.0,0.0,0,,"separate global stable ranks by selected calibrated PD ascending, then frozen base_order ascending; bin 1 lowest risk"
lightgbm,lightgbm_T,lightgbm_T_plus_AD,20,1,20,0,0.0,0.0,0,,"separate global stable ranks by selected calibrated PD ascending, then frozen base_order ascending; bin 1 lowest risk"
lightgbm,lightgbm_T,lightgbm_T_plus_AD,20,2,1,2460,0.010742404988668073,0.21484716157205241,1,0.0004065040650406504,"separate global stable ranks by selected calibrated PD ascending, then frozen base_order ascending; bin 1 lowest risk"
lightgbm,lightgbm_T,lightgbm_T_plus_AD,20,2,2,3140,0.013711850270088515,0.274235807860262,11,0.0035031847133757963,"separate global stable ranks by selected calibrated PD ascending, then frozen base_order ascending; bin 1 lowest risk"
lightgbm,lightgbm_T,lightgbm_T_plus_AD,20,2,3,2246,0.009807903091279874,0.19615720524017466,4,0.0017809439002671415,"separate global stable ranks by selected calibrated PD ascending, then frozen base_order ascending; bin 1 lowest risk"
lightgbm,lightgbm_T,lightgbm_T_plus_AD,20,2,4,1253,0.005471639614146787,0.10943231441048035,6,0.004788507581803671,"separate global stable ranks by selected calibrated PD ascending, then frozen base_order ascending; bin 1 lowest risk"
lightgbm,lightgbm_T,lightgbm_T_plus_AD,20,2,5,891,0.0038908466849200216,0.07781659388646288,4,0.004489337822671156,"separate global stable ranks by selected calibrated PD ascending, then frozen base_order ascending; bin 1 lowest risk"
lightgbm,lightgbm_T,lightgbm_T_plus_AD,20,2,6,726,0.0031703195210459434,0.0634061135371179,8,0.011019283746556474,"separate global stable ranks by selected calibrated PD ascending, then frozen base_order ascending; bin 1 lowest risk"
lightgbm,lightgbm_T,lightgbm_T_plus_AD,20,2,7,451,0.001969440914589147,0.03938864628820961,4,0.008869179600886918,"separate global stable ranks by selected calibrated PD ascending, then frozen base_order ascending; bin 1 lowest risk"
lightgbm,lightgbm_T,lightgbm_T_plus_AD,20,2,8,184,0.0008034969585020022,0.016069868995633188,2,0.010869565217391304,"separate global stable ranks by selected calibrated PD ascending, then frozen base_order ascending; bin 1 lowest risk"
lightgbm,lightgbm_T,lightgbm_T_plus_AD,20,2,9,59,0.0002576430464761855,0.005152838427947598,0,0.0,"separate global stable ranks by selected calibrated PD ascending, then frozen base_order ascending; bin 1 lowest risk"
lightgbm,lightgbm_T,lightgbm_T_plus_AD,20,2,10,19,8.296979462792414e-05,0.0016593886462882095,0,0.0,"separate global stable ranks by selected calibrated PD ascending, then frozen base_order ascending; bin 1 lowest risk"
lightgbm,lightgbm_T,lightgbm_T_plus_AD,20,2,11,12,5.24019755544784e-05,0.0010480349344978166,0,0.0,"separate global stable ranks by selected calibrated PD ascending, then frozen base_order ascending; bin 1 lowest risk"
lightgbm,lightgbm_T,lightgbm_T_plus_AD,20,2,12,4,1.7467325184826136e-05,0.00034934497816593884,0,0.0,"separate global stable ranks by selected calibrated PD ascending, then frozen base_order ascending; bin 1 lowest risk"
lightgbm,lightgbm_T,lightgbm_T_plus_AD,20,2,13,4,1.7467325184826136e-05,0.00034934497816593884,0,0.0,"separate global stable ranks by selected calibrated PD ascending, then frozen base_order ascending; bin 1 lowest risk"
lightgbm,lightgbm_T,lightgbm_T_plus_AD,20,2,14,0,0.0,0.0,0,,"separate global stable ranks by selected calibrated PD ascending, then frozen base_order ascending; bin 1 lowest risk"
lightgbm,lightgbm_T,lightgbm_T_plus_AD,20,2,15,1,4.366831296206534e-06,8.733624454148471e-05,0,0.0,"separate global stable ranks by selected calibrated PD ascending, then frozen base_order ascending; bin 1 lowest risk"
lightgbm,lightgbm_T,lightgbm_T_plus_AD,20,2,16,0,0.0,0.0,0,,"separate global stable ranks by selected calibrated PD ascending, then frozen base_order ascending; bin 1 lowest risk"
lightgbm,lightgbm_T,lightgbm_T_plus_AD,20,2,17,0,0.0,0.0,0,,"separate global stable ranks by selected calibrated PD ascending, then frozen base_order ascending; bin 1 lowest risk"
lightgbm,lightgbm_T,lightgbm_T_plus_AD,20,2,18,0,0.0,0.0,0,,"separate global stable ranks by selected calibrated PD ascending, then frozen base_order ascending; bin 1 lowest risk"
lightgbm,lightgbm_T,lightgbm_T_plus_AD,20,2,19,0,0.0,0.0,0,,"separate global stable ranks by selected calibrated PD ascending, then frozen base_order ascending; bin 1 lowest risk"
lightgbm,lightgbm_T,lightgbm_T_plus_AD,20,2,20,0,0.0,0.0,0,,"separate global stable ranks by selected calibrated PD ascending, then frozen base_order ascending; bin 1 lowest risk"
lightgbm,lightgbm_T,lightgbm_T_plus_AD,20,3,1,1334,0.005825352949139516,0.11650655021834061,5,0.0037481259370314842,"separate global stable ranks by selected calibrated PD ascending, then frozen base_order ascending; bin 1 lowest risk"
lightgbm,lightgbm_T,lightgbm_T_plus_AD,20,3,2,1972,0.008611391316119285,0.17222707423580785,4,0.002028397565922921,"separate global stable ranks by selected calibrated PD ascending, then frozen base_order ascending; bin 1 lowest risk"
lightgbm,lightgbm_T,lightgbm_T_plus_AD,20,3,3,2413,0.010537163917746365,0.21074235807860262,11,0.0045586406962287605,"separate global stable ranks by selected calibrated PD ascending, then frozen base_order ascending; bin 1 lowest risk"
lightgbm,lightgbm_T,lightgbm_T_plus_AD,20,3,4,1869,0.00816160769261001,0.16323144104803494,6,0.0032102728731942215,"separate global stable ranks by selected calibrated PD ascending, then frozen base_order ascending; bin 1 lowest risk"
lightgbm,lightgbm_T,lightgbm_T_plus_AD,20,3,5,1176,0.005135393604338884,0.10270742358078602,6,0.00510204081632653,"separate global stable ranks by selected calibrated PD ascending, then frozen base_order ascending; bin 1 lowest risk"
lightgbm,lightgbm_T,lightgbm_T_plus_AD,20,3,6,890,0.003886479853623815,0.0777292576419214,9,0.010112359550561797,"separate global stable ranks by selected calibrated PD ascending, then frozen base_order ascending; bin 1 lowest risk"
lightgbm,lightgbm_T,lightgbm_T_plus_AD,20,3,7,806,0.003519666024742466,0.07039301310043668,8,0.009925558312655087,"separate global stable ranks by selected calibrated PD ascending, then frozen base_order ascending; bin 1 lowest risk"
lightgbm,lightgbm_T,lightgbm_T_plus_AD,20,3,8,565,0.0024672596823566914,0.049344978165938864,5,0.008849557522123894,"separate global stable ranks by selected calibrated PD ascending, then frozen base_order ascending; bin 1 lowest risk"
lightgbm,lightgbm_T,lightgbm_T_plus_AD,20,3,9,242,0.0010567731736819811,0.0211353711790393,2,0.008264462809917356,"separate global stable ranks by selected calibrated PD ascending, then frozen base_order ascending; bin 1 lowest risk"
lightgbm,lightgbm_T,lightgbm_T_plus_AD,20,3,10,111,0.0004847182738789252,0.009694323144104804,2,0.018018018018018018,"separate global stable ranks by selected calibrated PD ascending, then frozen base_order ascending; bin 1 lowest risk"
lightgbm,lightgbm_T,lightgbm_T_plus_AD,20,3,11,42,0.0001834069144406744,0.003668122270742358,0,0.0,"separate global stable ranks by selected calibrated PD ascending, then frozen base_order ascending; bin 1 lowest risk"
lightgbm,lightgbm_T,lightgbm_T_plus_AD,20,3,12,13,5.676880685068494e-05,0.0011353711790393012,0,0.0,"separate global stable ranks by selected calibrated PD ascending, then frozen base_order ascending; bin 1 lowest risk"
lightgbm,lightgbm_T,lightgbm_T_plus_AD,20,3,13,7,3.056781907344573e-05,0.000611353711790393,0,0.0,"separate global stable ranks by selected calibrated PD ascending, then frozen base_order ascending; bin 1 lowest risk"
lightgbm,lightgbm_T,lightgbm_T_plus_AD,20,3,14,5,2.183415648103267e-05,0.0004366812227074236,0,0.0,"separate global stable ranks by selected calibrated PD ascending, then frozen base_order ascending; bin 1 lowest risk"
lightgbm,lightgbm_T,lightgbm_T_plus_AD,20,3,15,2,8.733662592413068e-06,0.00017467248908296942,0,0.0,"separate global stable ranks by selected calibrated PD ascending, then frozen base_order ascending; bin 1 lowest risk"
lightgbm,lightgbm_T,lightgbm_T_plus_AD,20,3,16,2,8.733662592413068e-06,0.00017467248908296942,0,0.0,"separate global stable ranks by selected calibrated PD ascending, then frozen base_order ascending; bin 1 lowest risk"
lightgbm,lightgbm_T,lightgbm_T_plus_AD,20,3,17,1,4.366831296206534e-06,8.733624454148471e-05,0,0.0,"separate global stable ranks by selected calibrated PD ascending, then frozen base_order ascending; bin 1 lowest risk"
lightgbm,lightgbm_T,lightgbm_T_plus_AD,20,3,18,0,0.0,0.0,0,,"separate global stable ranks by selected calibrated PD ascending, then frozen base_order ascending; bin 1 lowest risk"
lightgbm,lightgbm_T,lightgbm_T_plus_AD,20,3,19,0,0.0,0.0,0,,"separate global stable ranks by selected calibrated PD ascending, then frozen base_order ascending; bin 1 lowest risk"
lightgbm,lightgbm_T,lightgbm_T_plus_AD,20,3,20,0,0.0,0.0,0,,"separate global stable ranks by selected calibrated PD ascending, then frozen base_order ascending; bin 1 lowest risk"
lightgbm,lightgbm_T,lightgbm_T_plus_AD,20,4,1,692,0.003021847256974921,0.06043668122270742,0,0.0,"separate global stable ranks by selected calibrated PD ascending, then frozen base_order ascending; bin 1 lowest risk"
lightgbm,lightgbm_T,lightgbm_T_plus_AD,20,4,2,1256,0.005484740108035406,0.10969432314410481,4,0.0031847133757961785,"separate global stable ranks by selected calibrated PD ascending, then frozen base_order ascending; bin 1 lowest risk"
lightgbm,lightgbm_T,lightgbm_T_plus_AD,20,4,3,1764,0.007703090406508325,0.15406113537117905,10,0.005668934240362812,"separate global stable ranks by selected calibrated PD ascending, then frozen base_order ascending; bin 1 lowest risk"
lightgbm,lightgbm_T,lightgbm_T_plus_AD,20,4,4,2087,0.009113576915183035,0.1822707423580786,15,0.007187350263536177,"separate global stable ranks by selected calibrated PD ascending, then frozen base_order ascending; bin 1 lowest risk"
lightgbm,lightgbm_T,lightgbm_T_plus_AD,20,4,5,1616,0.007056799374669759,0.1411353711790393,15,0.009282178217821782,"separate global stable ranks by selected calibrated PD ascending, then frozen base_order ascending; bin 1 lowest risk"
lightgbm,lightgbm_T,lightgbm_T_plus_AD,20,4,6,1154,0.00503932331582234,0.10078602620087336,9,0.00779896013864818,"separate global stable ranks by selected calibrated PD ascending, then frozen base_order ascending; bin 1 lowest risk"
lightgbm,lightgbm_T,lightgbm_T_plus_AD,20,4,7,903,0.0039432486604745,0.0788646288209607,11,0.012181616832779624,"separate global stable ranks by selected calibrated PD ascending, then frozen base_order ascending; bin 1 lowest risk"
lightgbm,lightgbm_T,lightgbm_T_plus_AD,20,4,8,836,0.003650670963628662,0.07301310043668122,9,0.01076555023923445,"separate global stable ranks by selected calibrated PD ascending, then frozen base_order ascending; bin 1 lowest risk"
lightgbm,lightgbm_T,lightgbm_T_plus_AD,20,4,9,632,0.0027598373792025294,0.05519650655021834,11,0.01740506329113924,"separate global stable ranks by selected calibrated PD ascending, then frozen base_order ascending; bin 1 lowest risk"
lightgbm,lightgbm_T,lightgbm_T_plus_AD,20,4,10,314,0.0013711850270088516,0.027423580786026202,2,0.006369426751592357,"separate global stable ranks by selected calibrated PD ascending, then frozen base_order ascending; bin 1 lowest risk"
lightgbm,lightgbm_T,lightgbm_T_plus_AD,20,4,11,114,0.0004978187677675449,0.009956331877729258,3,0.02631578947368421,"separate global stable ranks by selected calibrated PD ascending, then frozen base_order ascending; bin 1 lowest risk"
lightgbm,lightgbm_T,lightgbm_T_plus_AD,20,4,12,38,0.00016593958925584828,0.003318777292576419,1,0.02631578947368421,"separate global stable ranks by selected calibrated PD ascending, then frozen base_order ascending; bin 1 lowest risk"
lightgbm,lightgbm_T,lightgbm_T_plus_AD,20,4,13,27,0.00011790444499757641,0.0023580786026200875,2,0.07407407407407407,"separate global stable ranks by selected calibrated PD ascending, then frozen base_order ascending; bin 1 lowest risk"
lightgbm,lightgbm_T,lightgbm_T_plus_AD,20,4,14,10,4.366831296206534e-05,0.0008733624454148472,0,0.0,"separate global stable ranks by selected calibrated PD ascending, then frozen base_order ascending; bin 1 lowest risk"
lightgbm,lightgbm_T,lightgbm_T_plus_AD,20,4,15,5,2.183415648103267e-05,0.0004366812227074236,0,0.0,"separate global stable ranks by selected calibrated PD ascending, then frozen base_order ascending; bin 1 lowest risk"
lightgbm,lightgbm_T,lightgbm_T_plus_AD,20,4,16,1,4.366831296206534e-06,8.733624454148471e-05,0,0.0,"separate global stable ranks by selected calibrated PD ascending, then frozen base_order ascending; bin 1 lowest risk"
lightgbm,lightgbm_T,lightgbm_T_plus_AD,20,4,17,1,4.366831296206534e-06,8.733624454148471e-05,1,1.0,"separate global stable ranks by selected calibrated PD ascending, then frozen base_order ascending; bin 1 lowest risk"
lightgbm,lightgbm_T,lightgbm_T_plus_AD,20,4,18,0,0.0,0.0,0,,"separate global stable ranks by selected calibrated PD ascending, then frozen base_order ascending; bin 1 lowest risk"
lightgbm,lightgbm_T,lightgbm_T_plus_AD,20,4,19,0,0.0,0.0,0,,"separate global stable ranks by selected calibrated PD ascending, then frozen base_order ascending; bin 1 lowest risk"
lightgbm,lightgbm_T,lightgbm_T_plus_AD,20,4,20,0,0.0,0.0,0,,"separate global stable ranks by selected calibrated PD ascending, then frozen base_order ascending; bin 1 lowest risk"
lightgbm,lightgbm_T,lightgbm_T_plus_AD,20,5,1,454,0.0019825414084777664,0.03965065502183406,0,0.0,"separate global stable ranks by selected calibrated PD ascending, then frozen base_order ascending; bin 1 lowest risk"
lightgbm,lightgbm_T,lightgbm_T_plus_AD,20,5,2,815,0.003558967506408325,0.07117903930131005,4,0.0049079754601227,"separate global stable ranks by selected calibrated PD ascending, then frozen base_order ascending; bin 1 lowest risk"
lightgbm,lightgbm_T,lightgbm_T_plus_AD,20,5,3,1222,0.005336267843964384,0.10672489082969433,5,0.004091653027823241,"separate global stable ranks by selected calibrated PD ascending, then frozen base_order ascending; bin 1 lowest risk"
lightgbm,lightgbm_T,lightgbm_T_plus_AD,20,5,4,1738,0.007589552792806956,0.15179039301310043,13,0.007479861910241657,"separate global stable ranks by selected calibrated PD ascending, then frozen base_order ascending; bin 1 lowest risk"
lightgbm,lightgbm_T,lightgbm_T_plus_AD,20,5,5,1776,0.007755492382062803,0.15510917030567686,5,0.002815315315315315,"separate global stable ranks by selected calibrated PD ascending, then frozen base_order ascending; bin 1 lowest risk"
lightgbm,lightgbm_T,lightgbm_T_plus_AD,20,5,6,1469,0.006414875174127398,0.12829694323144106,17,0.011572498298162015,"separate global stable ranks by selected calibrated PD ascending, then frozen base_order ascending; bin 1 lowest risk"
lightgbm,lightgbm_T,lightgbm_T_plus_AD,20,5,7,1065,0.004650675330459958,0.09301310043668122,7,0.006572769953051643,"separate global stable ranks by selected calibrated PD ascending, then frozen base_order ascending; bin 1 lowest risk"
lightgbm,lightgbm_T,lightgbm_T_plus_AD,20,5,8,917,0.004004384298621391,0.08008733624454148,10,0.010905125408942203,"separate global stable ranks by selected calibrated PD ascending, then frozen base_order ascending; bin 1 lowest risk"
lightgbm,lightgbm_T,lightgbm_T_plus_AD,20,5,9,783,0.0034192289049297156,0.06838427947598254,13,0.016602809706257982,"separate global stable ranks by selected calibrated PD ascending, then frozen base_order ascending; bin 1 lowest risk"
lightgbm,lightgbm_T,lightgbm_T_plus_AD,20,5,10,635,0.002772937873091149,0.055458515283842796,11,0.01732283464566929,"separate global stable ranks by selected calibrated PD ascending, then frozen base_order ascending; bin 1 lowest risk"
lightgbm,lightgbm_T,lightgbm_T_plus_AD,20,5,11,337,0.0014716221468216019,0.02943231441048035,6,0.017804154302670624,"separate global stable ranks by selected calibrated PD ascending, then frozen base_order ascending; bin 1 lowest risk"
lightgbm,lightgbm_T,lightgbm_T_plus_AD,20,5,12,149,0.0006506578631347735,0.013013100436681222,4,0.026845637583892617,"separate global stable ranks by selected calibrated PD ascending, then frozen base_order ascending; bin 1 lowest risk"
lightgbm,lightgbm_T,lightgbm_T_plus_AD,20,5,13,48,0.0002096079022179136,0.004192139737991266,0,0.0,"separate global stable ranks by selected calibrated PD ascending, then frozen base_order ascending; bin 1 lowest risk"
lightgbm,lightgbm_T,lightgbm_T_plus_AD,20,5,14,20,8.733662592413067e-05,0.0017467248908296944,0,0.0,"separate global stable ranks by selected calibrated PD ascending, then frozen base_order ascending; bin 1 lowest risk"
lightgbm,lightgbm_T,lightgbm_T_plus_AD,20,5,15,9,3.9301481665858805e-05,0.0007860262008733624,0,0.0,"separate global stable ranks by selected calibrated PD ascending, then frozen base_order ascending; bin 1 lowest risk"
lightgbm,lightgbm_T,lightgbm_T_plus_AD,20,5,16,9,3.9301481665858805e-05,0.0007860262008733624,1,0.1111111111111111,"separate global stable ranks by selected calibrated PD ascending, then frozen base_order ascending; bin 1 lowest risk"
lightgbm,lightgbm_T,lightgbm_T_plus_AD,20,5,17,2,8.733662592413068e-06,0.00017467248908296942,0,0.0,"separate global stable ranks by selected calibrated PD ascending, then frozen base_order ascending; bin 1 lowest risk"
lightgbm,lightgbm_T,lightgbm_T_plus_AD,20,5,18,2,8.733662592413068e-06,0.00017467248908296942,0,0.0,"separate global stable ranks by selected calibrated PD ascending, then frozen base_order ascending; bin 1 lowest risk"
lightgbm,lightgbm_T,lightgbm_T_plus_AD,20,5,19,0,0.0,0.0,0,,"separate global stable ranks by selected calibrated PD ascending, then frozen base_order ascending; bin 1 lowest risk"
lightgbm,lightgbm_T,lightgbm_T_plus_AD,20,5,20,0,0.0,0.0,0,,"separate global stable ranks by selected calibrated PD ascending, then frozen base_order ascending; bin 1 lowest risk"
lightgbm,lightgbm_T,lightgbm_T_plus_AD,20,6,1,216,0.0009432355599806113,0.0188646288209607,0,0.0,"separate global stable ranks by selected calibrated PD ascending, then frozen base_order ascending; bin 1 lowest risk"
lightgbm,lightgbm_T,lightgbm_T_plus_AD,20,6,2,604,0.0026375661029087462,0.052751091703056766,2,0.0033112582781456954,"separate global stable ranks by selected calibrated PD ascending, then frozen base_order ascending; bin 1 lowest risk"
lightgbm,lightgbm_T,lightgbm_T_plus_AD,20,6,3,841,0.0036725051201096947,0.07344978165938865,7,0.008323424494649227,"separate global stable ranks by selected calibrated PD ascending, then frozen base_order ascending; bin 1 lowest risk"
lightgbm,lightgbm_T,lightgbm_T_plus_AD,20,6,4,1231,0.005375569325630243,0.10751091703056768,11,0.008935824532900082,"separate global stable ranks by selected calibrated PD ascending, then frozen base_order ascending; bin 1 lowest risk"
lightgbm,lightgbm_T,lightgbm_T_plus_AD,20,6,5,1606,0.007013131061707693,0.14026200873362446,18,0.0112079701120797,"separate global stable ranks by selected calibrated PD ascending, then frozen base_order ascending; bin 1 lowest risk"
lightgbm,lightgbm_T,lightgbm_T_plus_AD,20,6,6,1562,0.006820990484674606,0.13641921397379914,11,0.007042253521126761,"separate global stable ranks by selected calibrated PD ascending, then frozen base_order ascending; bin 1 lowest risk"
lightgbm,lightgbm_T,lightgbm_T_plus_AD,20,6,7,1336,0.005834086611731929,0.11668122270742358,15,0.01122754491017964,"separate global stable ranks by selected calibrated PD ascending, then frozen base_order ascending; bin 1 lowest risk"
lightgbm,lightgbm_T,lightgbm_T_plus_AD,20,6,8,1054,0.004602640186201687,0.0920524017467249,18,0.017077798861480076,"separate global stable ranks by selected calibrated PD ascending, then frozen base_order ascending; bin 1 lowest risk"
lightgbm,lightgbm_T,lightgbm_T_plus_AD,20,6,9,964,0.004209625369543098,0.08419213973799126,14,0.014522821576763486,"separate global stable ranks by selected calibrated PD ascending, then frozen base_order ascending; bin 1 lowest risk"
lightgbm,lightgbm_T,lightgbm_T_plus_AD,20,6,10,822,0.0035895353254817705,0.07179039301310043,15,0.01824817518248175,"separate global stable ranks by selected calibrated PD ascending, then frozen base_order ascending; bin 1 lowest risk"
lightgbm,lightgbm_T,lightgbm_T_plus_AD,20,6,11,681,0.0029738121127166495,0.05947598253275109,12,0.01762114537444934,"separate global stable ranks by selected calibrated PD ascending, then frozen base_order ascending; bin 1 lowest risk"
lightgbm,lightgbm_T,lightgbm_T_plus_AD,20,6,12,333,0.0014541548216367758,0.02908296943231441,16,0.04804804804804805,"separate global stable ranks by selected calibrated PD ascending, then frozen base_order ascending; bin 1 lowest risk"
lightgbm,lightgbm_T,lightgbm_T_plus_AD,20,6,13,116,0.0005065524303599579,0.010131004366812227,1,0.008620689655172414,"separate global stable ranks by selected calibrated PD ascending, then frozen base_order ascending; bin 1 lowest risk"
lightgbm,lightgbm_T,lightgbm_T_plus_AD,20,6,14,43,0.00018777374573688096,0.0037554585152838427,2,0.046511627906976744,"separate global stable ranks by selected calibrated PD ascending, then frozen base_order ascending; bin 1 lowest risk"
lightgbm,lightgbm_T,lightgbm_T_plus_AD,20,6,15,15,6.5502469443098e-05,0.0013100436681222707,0,0.0,"separate global stable ranks by selected calibrated PD ascending, then frozen base_order ascending; bin 1 lowest risk"
lightgbm,lightgbm_T,lightgbm_T_plus_AD,20,6,16,17,7.423613203551108e-05,0.0014847161572052402,1,0.058823529411764705,"separate global stable ranks by selected calibrated PD ascending, then frozen base_order ascending; bin 1 lowest risk"
lightgbm,lightgbm_T,lightgbm_T_plus_AD,20,6,17,6,2.62009877772392e-05,0.0005240174672489083,0,0.0,"separate global stable ranks by selected calibrated PD ascending, then frozen base_order ascending; bin 1 lowest risk"
lightgbm,lightgbm_T,lightgbm_T_plus_AD,20,6,18,2,8.733662592413068e-06,0.00017467248908296942,0,0.0,"separate global stable ranks by selected calibrated PD ascending, then frozen base_order ascending; bin 1 lowest risk"
lightgbm,lightgbm_T,lightgbm_T_plus_AD,20,6,19,1,4.366831296206534e-06,8.733624454148471e-05,0,0.0,"separate global stable ranks by selected calibrated PD ascending, then frozen base_order ascending; bin 1 lowest risk"
lightgbm,lightgbm_T,lightgbm_T_plus_AD,20,6,20,0,0.0,0.0,0,,"separate global stable ranks by selected calibrated PD ascending, then frozen base_order ascending; bin 1 lowest risk"
lightgbm,lightgbm_T,lightgbm_T_plus_AD,20,7,1,140,0.0006113563814689147,0.01222707423580786,0,0.0,"separate global stable ranks by selected calibrated PD ascending, then frozen base_order ascending; bin 1 lowest risk"
lightgbm,lightgbm_T,lightgbm_T_plus_AD,20,7,2,328,0.001432320665155743,0.028646288209606987,0,0.0,"separate global stable ranks by selected calibrated PD ascending, then frozen base_order ascending; bin 1 lowest risk"
lightgbm,lightgbm_T,lightgbm_T_plus_AD,20,7,3,584,0.0025502294769846156,0.05100436681222707,1,0.0017123287671232876,"separate global stable ranks by selected calibrated PD ascending, then frozen base_order ascending; bin 1 lowest risk"
lightgbm,lightgbm_T,lightgbm_T_plus_AD,20,7,4,794,0.0034672640491879877,0.06934497816593886,3,0.003778337531486146,"separate global stable ranks by selected calibrated PD ascending, then frozen base_order ascending; bin 1 lowest risk"
lightgbm,lightgbm_T,lightgbm_T_plus_AD,20,7,5,1219,0.0053231673500757646,0.10646288209606987,8,0.006562756357670222,"separate global stable ranks by selected calibrated PD ascending, then frozen base_order ascending; bin 1 lowest risk"
lightgbm,lightgbm_T,lightgbm_T_plus_AD,20,7,6,1558,0.00680352315948978,0.1360698689956332,14,0.008985879332477536,"separate global stable ranks by selected calibrated PD ascending, then frozen base_order ascending; bin 1 lowest risk"
lightgbm,lightgbm_T,lightgbm_T_plus_AD,20,7,7,1521,0.006641950401530138,0.13283842794759826,17,0.011176857330703484,"separate global stable ranks by selected calibrated PD ascending, then frozen base_order ascending; bin 1 lowest risk"
lightgbm,lightgbm_T,lightgbm_T_plus_AD,20,7,8,1258,0.005493473770627819,0.10986899563318778,14,0.011128775834658187,"separate global stable ranks by selected calibrated PD ascending, then frozen base_order ascending; bin 1 lowest risk"
lightgbm,lightgbm_T,lightgbm_T_plus_AD,20,7,9,1047,0.004572072367128241,0.0914410480349345,18,0.017191977077363897,"separate global stable ranks by selected calibrated PD ascending, then frozen base_order ascending; bin 1 lowest risk"
lightgbm,lightgbm_T,lightgbm_T_plus_AD,20,7,10,937,0.004091720924545522,0.08183406113537117,21,0.022411953041622197,"separate global stable ranks by selected calibrated PD ascending, then frozen base_order ascending; bin 1 lowest risk"
lightgbm,lightgbm_T,lightgbm_T_plus_AD,20,7,11,870,0.0037991432276996842,0.07598253275109171,13,0.014942528735632184,"separate global stable ranks by selected calibrated PD ascending, then frozen base_order ascending; bin 1 lowest risk"
lightgbm,lightgbm_T,lightgbm_T_plus_AD,20,7,12,669,0.002921410137162171,0.058427947598253274,13,0.01943198804185351,"separate global stable ranks by selected calibrated PD ascending, then frozen base_order ascending; bin 1 lowest risk"
lightgbm,lightgbm_T,lightgbm_T_plus_AD,20,7,13,330,0.001441054327748156,0.028820960698689956,11,0.03333333333333333,"separate global stable ranks by selected calibrated PD ascending, then frozen base_order ascending; bin 1 lowest risk"
lightgbm,lightgbm_T,lightgbm_T_plus_AD,20,7,14,113,0.0004934519364713383,0.009868995633187773,3,0.02654867256637168,"separate global stable ranks by selected calibrated PD ascending, then frozen base_order ascending; bin 1 lowest risk"
lightgbm,lightgbm_T,lightgbm_T_plus_AD,20,7,15,42,0.0001834069144406744,0.003668122270742358,0,0.0,"separate global stable ranks by selected calibrated PD ascending, then frozen base_order ascending; bin 1 lowest risk"
lightgbm,lightgbm_T,lightgbm_T_plus_AD,20,7,16,21,9.17034572203372e-05,0.001834061135371179,0,0.0,"separate global stable ranks by selected calibrated PD ascending, then frozen base_order ascending; bin 1 lowest risk"
lightgbm,lightgbm_T,lightgbm_T_plus_AD,20,7,17,9,3.9301481665858805e-05,0.0007860262008733624,0,0.0,"separate global stable ranks by selected calibrated PD ascending, then frozen base_order ascending; bin 1 lowest risk"
lightgbm,lightgbm_T,lightgbm_T_plus_AD,20,7,18,6,2.62009877772392e-05,0.0005240174672489083,0,0.0,"separate global stable ranks by selected calibrated PD ascending, then frozen base_order ascending; bin 1 lowest risk"
lightgbm,lightgbm_T,lightgbm_T_plus_AD,20,7,19,4,1.7467325184826136e-05,0.00034934497816593884,0,0.0,"separate global stable ranks by selected calibrated PD ascending, then frozen base_order ascending; bin 1 lowest risk"
lightgbm,lightgbm_T,lightgbm_T_plus_AD,20,7,20,0,0.0,0.0,0,,"separate global stable ranks by selected calibrated PD ascending, then frozen base_order ascending; bin 1 lowest risk"
lightgbm,lightgbm_T,lightgbm_T_plus_AD,20,8,1,85,0.00037118066017755534,0.007423580786026201,0,0.0,"separate global stable ranks by selected calibrated PD ascending, then frozen base_order ascending; bin 1 lowest risk"
lightgbm,lightgbm_T,lightgbm_T_plus_AD,20,8,2,241,0.0010524063423857746,0.021048034934497816,1,0.004149377593360996,"separate global stable ranks by selected calibrated PD ascending, then frozen base_order ascending; bin 1 lowest risk"
lightgbm,lightgbm_T,lightgbm_T_plus_AD,20,8,3,439,0.0019170389390346682,0.03834061135371179,3,0.00683371298405467,"separate global stable ranks by selected calibrated PD ascending, then frozen base_order ascending; bin 1 lowest risk"
lightgbm,lightgbm_T,lightgbm_T_plus_AD,20,8,4,606,0.0026462997655011594,0.052925764192139735,3,0.0049504950495049506,"separate global stable ranks by selected calibrated PD ascending, then frozen base_order ascending; bin 1 lowest risk"
lightgbm,lightgbm_T,lightgbm_T_plus_AD,20,8,5,903,0.0039432486604745,0.0788646288209607,8,0.008859357696566999,"separate global stable ranks by selected calibrated PD ascending, then frozen base_order ascending; bin 1 lowest risk"
lightgbm,lightgbm_T,lightgbm_T_plus_AD,20,8,6,1203,0.00525329804933646,0.10506550218340611,6,0.004987531172069825,"separate global stable ranks by selected calibrated PD ascending, then frozen base_order ascending; bin 1 lowest risk"
lightgbm,lightgbm_T,lightgbm_T_plus_AD,20,8,7,1460,0.006375573692461539,0.1275109170305677,21,0.014383561643835616,"separate global stable ranks by selected calibrated PD ascending, then frozen base_order ascending; bin 1 lowest risk"
lightgbm,lightgbm_T,lightgbm_T_plus_AD,20,8,8,1392,0.006078629164319495,0.12157205240174672,19,0.013649425287356323,"separate global stable ranks by selected calibrated PD ascending, then frozen base_order ascending; bin 1 lowest risk"
lightgbm,lightgbm_T,lightgbm_T_plus_AD,20,8,9,1236,0.005397403482111276,0.10794759825327511,13,0.010517799352750809,"separate global stable ranks by selected calibrated PD ascending, then frozen base_order ascending; bin 1 lowest risk"
lightgbm,lightgbm_T,lightgbm_T_plus_AD,20,8,10,1092,0.004768579775457534,0.09537117903930131,21,0.019230769230769232,"separate global stable ranks by selected calibrated PD ascending, then frozen base_order ascending; bin 1 lowest risk"
lightgbm,lightgbm_T,lightgbm_T_plus_AD,20,8,11,913,0.003986916973436565,0.07973799126637554,17,0.018619934282584884,"separate global stable ranks by selected calibrated PD ascending, then frozen base_order ascending; bin 1 lowest risk"
lightgbm,lightgbm_T,lightgbm_T_plus_AD,20,8,12,876,0.0038253442154769237,0.07650655021834062,18,0.02054794520547945,"separate global stable ranks by selected calibrated PD ascending, then frozen base_order ascending; bin 1 lowest risk"
lightgbm,lightgbm_T,lightgbm_T_plus_AD,20,8,13,608,0.0026550334280935725,0.053100436681222704,14,0.023026315789473683,"separate global stable ranks by selected calibrated PD ascending, then frozen base_order ascending; bin 1 lowest risk"
lightgbm,lightgbm_T,lightgbm_T_plus_AD,20,8,14,265,0.0011572102934947314,0.02314410480349345,2,0.007547169811320755,"separate global stable ranks by selected calibrated PD ascending, then frozen base_order ascending; bin 1 lowest risk"
lightgbm,lightgbm_T,lightgbm_T_plus_AD,20,8,15,86,0.0003755474914737619,0.007510917030567685,4,0.046511627906976744,"separate global stable ranks by selected calibrated PD ascending, then frozen base_order ascending; bin 1 lowest risk"
lightgbm,lightgbm_T,lightgbm_T_plus_AD,20,8,16,25,0.00010917078240516334,0.002183406113537118,2,0.08,"separate global stable ranks by selected calibrated PD ascending, then frozen base_order ascending; bin 1 lowest risk"
lightgbm,lightgbm_T,lightgbm_T_plus_AD,20,8,17,14,6.113563814689147e-05,0.001222707423580786,0,0.0,"separate global stable ranks by selected calibrated PD ascending, then frozen base_order ascending; bin 1 lowest risk"
lightgbm,lightgbm_T,lightgbm_T_plus_AD,20,8,18,5,2.183415648103267e-05,0.0004366812227074236,0,0.0,"separate global stable ranks by selected calibrated PD ascending, then frozen base_order ascending; bin 1 lowest risk"
lightgbm,lightgbm_T,lightgbm_T_plus_AD,20,8,19,1,4.366831296206534e-06,8.733624454148471e-05,0,0.0,"separate global stable ranks by selected calibrated PD ascending, then frozen base_order ascending; bin 1 lowest risk"
lightgbm,lightgbm_T,lightgbm_T_plus_AD,20,8,20,0,0.0,0.0,0,,"separate global stable ranks by selected calibrated PD ascending, then frozen base_order ascending; bin 1 lowest risk"
lightgbm,lightgbm_T,lightgbm_T_plus_AD,20,9,1,54,0.00023580888999515283,0.004716157205240175,0,0.0,"separate global stable ranks by selected calibrated PD ascending, then frozen base_order ascending; bin 1 lowest risk"
lightgbm,lightgbm_T,lightgbm_T_plus_AD,20,9,2,126,0.0005502207433220232,0.011004366812227074,0,0.0,"separate global stable ranks by selected calibrated PD ascending, then frozen base_order ascending; bin 1 lowest risk"
lightgbm,lightgbm_T,lightgbm_T_plus_AD,20,9,3,304,0.0013275167140467863,0.026550218340611352,3,0.009868421052631578,"separate global stable ranks by selected calibrated PD ascending, then frozen base_order ascending; bin 1 lowest risk"
lightgbm,lightgbm_T,lightgbm_T_plus_AD,20,9,4,423,0.0018471696382953637,0.03694323144104804,5,0.01182033096926714,"separate global stable ranks by selected calibrated PD ascending, then frozen base_order ascending; bin 1 lowest risk"
lightgbm,lightgbm_T,lightgbm_T_plus_AD,20,9,5,639,0.002790405198275975,0.055807860262008735,3,0.004694835680751174,"separate global stable ranks by selected calibrated PD ascending, then frozen base_order ascending; bin 1 lowest risk"
lightgbm,lightgbm_T,lightgbm_T_plus_AD,20,9,6,986,0.004305695658059642,0.08611353711790393,10,0.010141987829614604,"separate global stable ranks by selected calibrated PD ascending, then frozen base_order ascending; bin 1 lowest risk"
lightgbm,lightgbm_T,lightgbm_T_plus_AD,20,9,7,1123,0.004903951545639937,0.09807860262008733,14,0.012466607301869992,"separate global stable ranks by selected calibrated PD ascending, then frozen base_order ascending; bin 1 lowest risk"
lightgbm,lightgbm_T,lightgbm_T_plus_AD,20,9,8,1400,0.006113563814689147,0.1222707423580786,18,0.012857142857142857,"separate global stable ranks by selected calibrated PD ascending, then frozen base_order ascending; bin 1 lowest risk"
lightgbm,lightgbm_T,lightgbm_T_plus_AD,20,9,9,1372,0.005991292538395364,0.11982532751091703,20,0.014577259475218658,"separate global stable ranks by selected calibrated PD ascending, then frozen base_order ascending; bin 1 lowest risk"
lightgbm,lightgbm_T,lightgbm_T_plus_AD,20,9,10,1280,0.005589544059144363,0.11179039301310044,15,0.01171875,"separate global stable ranks by selected calibrated PD ascending, then frozen base_order ascending; bin 1 lowest risk"
lightgbm,lightgbm_T,lightgbm_T_plus_AD,20,9,11,1090,0.004759846112865122,0.09519650655021834,21,0.01926605504587156,"separate global stable ranks by selected calibrated PD ascending, then frozen base_order ascending; bin 1 lowest risk"
lightgbm,lightgbm_T,lightgbm_T_plus_AD,20,9,12,954,0.004165957056581033,0.08331877729257642,23,0.02410901467505241,"separate global stable ranks by selected calibrated PD ascending, then frozen base_order ascending; bin 1 lowest risk"
lightgbm,lightgbm_T,lightgbm_T_plus_AD,20,9,13,855,0.0037336407582565863,0.07467248908296943,27,0.031578947368421054,"separate global stable ranks by selected calibrated PD ascending, then frozen base_order ascending; bin 1 lowest risk"
lightgbm,lightgbm_T,lightgbm_T_plus_AD,20,9,14,512,0.0022358176236577454,0.04471615720524017,19,0.037109375,"separate global stable ranks by selected calibrated PD ascending, then frozen base_order ascending; bin 1 lowest risk"
lightgbm,lightgbm_T,lightgbm_T_plus_AD,20,9,15,213,0.0009301350660919917,0.018602620087336246,6,0.028169014084507043,"separate global stable ranks by selected calibrated PD ascending, then frozen base_order ascending; bin 1 lowest risk"
lightgbm,lightgbm_T,lightgbm_T_plus_AD,20,9,16,66,0.0002882108655496312,0.005764192139737992,3,0.045454545454545456,"separate global stable ranks by selected calibrated PD ascending, then frozen base_order ascending; bin 1 lowest risk"
lightgbm,lightgbm_T,lightgbm_T_plus_AD,20,9,17,33,0.0001441054327748156,0.002882096069868996,1,0.030303030303030304,"separate global stable ranks by selected calibrated PD ascending, then frozen base_order ascending; bin 1 lowest risk"
lightgbm,lightgbm_T,lightgbm_T_plus_AD,20,9,18,12,5.24019755544784e-05,0.0010480349344978166,1,0.08333333333333333,"separate global stable ranks by selected calibrated PD ascending, then frozen base_order ascending; bin 1 lowest risk"
lightgbm,lightgbm_T,lightgbm_T_plus_AD,20,9,19,8,3.493465036965227e-05,0.0006986899563318777,2,0.25,"separate global stable ranks by selected calibrated PD ascending, then frozen base_order ascending; bin 1 lowest risk"
lightgbm,lightgbm_T,lightgbm_T_plus_AD,20,9,20,0,0.0,0.0,0,,"separate global stable ranks by selected calibrated PD ascending, then frozen base_order ascending; bin 1 lowest risk"
lightgbm,lightgbm_T,lightgbm_T_plus_AD,20,10,1,28,0.00012227127629378293,0.002445414847161572,0,0.0,"separate global stable ranks by selected calibrated PD ascending, then frozen base_order ascending; bin 1 lowest risk"
lightgbm,lightgbm_T,lightgbm_T_plus_AD,20,10,2,69,0.0003013113594382508,0.0060262008733624455,0,0.0,"separate global stable ranks by selected calibrated PD ascending, then frozen base_order ascending; bin 1 lowest risk"
lightgbm,lightgbm_T,lightgbm_T_plus_AD,20,10,3,181,0.0007903964646133826,0.015807860262008734,0,0.0,"separate global stable ranks by selected calibrated PD ascending, then frozen base_order ascending; bin 1 lowest risk"
lightgbm,lightgbm_T,lightgbm_T_plus_AD,20,10,4,290,0.0012663810758998947,0.025327510917030567,2,0.006896551724137931,"separate global stable ranks by selected calibrated PD ascending, then frozen base_order ascending; bin 1 lowest risk"
lightgbm,lightgbm_T,lightgbm_T_plus_AD,20,10,5,459,0.002004375564958799,0.040087336244541485,5,0.010893246187363835,"separate global stable ranks by selected calibrated PD ascending, then frozen base_order ascending; bin 1 lowest risk"
lightgbm,lightgbm_T,lightgbm_T_plus_AD,20,10,6,630,0.0027511037166101163,0.05502183406113537,8,0.012698412698412698,"separate global stable ranks by selected calibrated PD ascending, then frozen base_order ascending; bin 1 lowest risk"
lightgbm,lightgbm_T,lightgbm_T_plus_AD,20,10,7,942,0.004113555081026555,0.0822707423580786,4,0.004246284501061571,"separate global stable ranks by selected calibrated PD ascending, then frozen base_order ascending; bin 1 lowest risk"
lightgbm,lightgbm_T,lightgbm_T_plus_AD,20,10,8,1180,0.005152860929523709,0.10305676855895196,12,0.010169491525423728,"separate global stable ranks by selected calibrated PD ascending, then frozen base_order ascending; bin 1 lowest risk"
lightgbm,lightgbm_T,lightgbm_T_plus_AD,20,10,9,1362,0.005947624225433299,0.11895196506550218,16,0.011747430249632892,"separate global stable ranks by selected calibrated PD ascending, then frozen base_order ascending; bin 1 lowest risk"
lightgbm,lightgbm_T,lightgbm_T_plus_AD,20,10,10,1351,0.005899589081175027,0.11799126637554586,16,0.011843079200592153,"separate global stable ranks by selected calibrated PD ascending, then frozen base_order ascending; bin 1 lowest risk"
lightgbm,lightgbm_T,lightgbm_T_plus_AD,20,10,11,1273,0.005558976240070917,0.11117903930131004,33,0.025923016496465043,"separate global stable ranks by selected calibrated PD ascending, then frozen base_order ascending; bin 1 lowest risk"
lightgbm,lightgbm_T,lightgbm_T_plus_AD,20,10,12,1045,0.004563338704535827,0.09126637554585153,25,0.023923444976076555,"separate global stable ranks by selected calibrated PD ascending, then frozen base_order ascending; bin 1 lowest risk"
lightgbm,lightgbm_T,lightgbm_T_plus_AD,20,10,13,1045,0.004563338704535827,0.09126637554585153,32,0.03062200956937799,"separate global stable ranks by selected calibrated PD ascending, then frozen base_order ascending; bin 1 lowest risk"
lightgbm,lightgbm_T,lightgbm_T_plus_AD,20,10,14,907,0.003960715985659326,0.07921397379912663,29,0.03197353914002205,"separate global stable ranks by selected calibrated PD ascending, then frozen base_order ascending; bin 1 lowest risk"
lightgbm,lightgbm_T,lightgbm_T_plus_AD,20,10,15,459,0.002004375564958799,0.040087336244541485,15,0.032679738562091505,"separate global stable ranks by selected calibrated PD ascending, then frozen base_order ascending; bin 1 lowest risk"
lightgbm,lightgbm_T,lightgbm_T_plus_AD,20,10,16,153,0.0006681251883195996,0.013362445414847162,3,0.0196078431372549,"separate global stable ranks by selected calibrated PD ascending, then frozen base_order ascending; bin 1 lowest risk"
lightgbm,lightgbm_T,lightgbm_T_plus_AD,20,10,17,45,0.00019650740832929402,0.003930131004366812,4,0.08888888888888889,"separate global stable ranks by selected calibrated PD ascending, then frozen base_order ascending; bin 1 lowest risk"
lightgbm,lightgbm_T,lightgbm_T_plus_AD,20,10,18,19,8.296979462792414e-05,0.0016593886462882095,1,0.05263157894736842,"separate global stable ranks by selected calibrated PD ascending, then frozen base_order ascending; bin 1 lowest risk"
lightgbm,lightgbm_T,lightgbm_T_plus_AD,20,10,19,11,4.803514425827187e-05,0.0009606986899563319,1,0.09090909090909091,"separate global stable ranks by selected calibrated PD ascending, then frozen base_order ascending; bin 1 lowest risk"
lightgbm,lightgbm_T,lightgbm_T_plus_AD,20,10,20,1,4.366831296206534e-06,8.733624454148471e-05,0,0.0,"separate global stable ranks by selected calibrated PD ascending, then frozen base_order ascending; bin 1 lowest risk"
lightgbm,lightgbm_T,lightgbm_T_plus_AD,20,11,1,18,7.860296333171761e-05,0.0015720524017467249,0,0.0,"separate global stable ranks by selected calibrated PD ascending, then frozen base_order ascending; bin 1 lowest risk"
lightgbm,lightgbm_T,lightgbm_T_plus_AD,20,11,2,41,0.00017904008314446787,0.0035807860262008734,0,0.0,"separate global stable ranks by selected calibrated PD ascending, then frozen base_order ascending; bin 1 lowest risk"
lightgbm,lightgbm_T,lightgbm_T_plus_AD,20,11,3,96,0.0004192158044358272,0.008384279475982533,0,0.0,"separate global stable ranks by selected calibrated PD ascending, then frozen base_order ascending; bin 1 lowest risk"
lightgbm,lightgbm_T,lightgbm_T_plus_AD,20,11,4,171,0.0007467281516513173,0.014934497816593886,0,0.0,"separate global stable ranks by selected calibrated PD ascending, then frozen base_order ascending; bin 1 lowest risk"
lightgbm,lightgbm_T,lightgbm_T_plus_AD,20,11,5,289,0.0012620142446036883,0.025240174672489082,4,0.01384083044982699,"separate global stable ranks by selected calibrated PD ascending, then frozen base_order ascending; bin 1 lowest risk"
lightgbm,lightgbm_T,lightgbm_T_plus_AD,20,11,6,455,0.0019869082397739727,0.03973799126637555,1,0.002197802197802198,"separate global stable ranks by selected calibrated PD ascending, then frozen base_order ascending; bin 1 lowest risk"
lightgbm,lightgbm_T,lightgbm_T_plus_AD,20,11,7,650,0.002838440342534247,0.056768558951965066,11,0.016923076923076923,"separate global stable ranks by selected calibrated PD ascending, then frozen base_order ascending; bin 1 lowest risk"
lightgbm,lightgbm_T,lightgbm_T_plus_AD,20,11,8,929,0.00405678627417587,0.0811353711790393,12,0.012917115177610334,"separate global stable ranks by selected calibrated PD ascending, then frozen base_order ascending; bin 1 lowest risk"
lightgbm,lightgbm_T,lightgbm_T_plus_AD,20,11,9,1178,0.005144127266931297,0.10288209606986899,17,0.014431239388794566,"separate global stable ranks by selected calibrated PD ascending, then frozen base_order ascending; bin 1 lowest risk"
lightgbm,lightgbm_T,lightgbm_T_plus_AD,20,11,10,1314,0.005738016323215385,0.11475982532751092,26,0.0197869101978691,"separate global stable ranks by selected calibrated PD ascending, then frozen base_order ascending; bin 1 lowest risk"
lightgbm,lightgbm_T,lightgbm_T_plus_AD,20,11,11,1353,0.00590832274376744,0.11816593886462883,28,0.020694752402069475,"separate global stable ranks by selected calibrated PD ascending, then frozen base_order ascending; bin 1 lowest risk"
lightgbm,lightgbm_T,lightgbm_T_plus_AD,20,11,12,1297,0.005663780191179874,0.11327510917030567,27,0.02081727062451812,"separate global stable ranks by selected calibrated PD ascending, then frozen base_order ascending; bin 1 lowest risk"
lightgbm,lightgbm_T,lightgbm_T_plus_AD,20,11,13,1197,0.00522709706155922,0.10454148471615721,33,0.02756892230576441,"separate global stable ranks by selected calibrated PD ascending, then frozen base_order ascending; bin 1 lowest risk"
lightgbm,lightgbm_T,lightgbm_T_plus_AD,20,11,14,1109,0.0048428159074930454,0.09685589519650654,28,0.025247971145175834,"separate global stable ranks by selected calibrated PD ascending, then frozen base_order ascending; bin 1 lowest risk"
lightgbm,lightgbm_T,lightgbm_T_plus_AD,20,11,15,835,0.0036463041323324557,0.07292576419213974,29,0.03473053892215569,"separate global stable ranks by selected calibrated PD ascending, then frozen base_order ascending; bin 1 lowest risk"
lightgbm,lightgbm_T,lightgbm_T_plus_AD,20,11,16,353,0.0015414914475609064,0.030829694323144106,13,0.036827195467422094,"separate global stable ranks by selected calibrated PD ascending, then frozen base_order ascending; bin 1 lowest risk"
lightgbm,lightgbm_T,lightgbm_T_plus_AD,20,11,17,114,0.0004978187677675449,0.009956331877729258,5,0.043859649122807015,"separate global stable ranks by selected calibrated PD ascending, then frozen base_order ascending; bin 1 lowest risk"
lightgbm,lightgbm_T,lightgbm_T_plus_AD,20,11,18,38,0.00016593958925584828,0.003318777292576419,2,0.05263157894736842,"separate global stable ranks by selected calibrated PD ascending, then frozen base_order ascending; bin 1 lowest risk"
lightgbm,lightgbm_T,lightgbm_T_plus_AD,20,11,19,12,5.24019755544784e-05,0.0010480349344978166,1,0.08333333333333333,"separate global stable ranks by selected calibrated PD ascending, then frozen base_order ascending; bin 1 lowest risk"
lightgbm,lightgbm_T,lightgbm_T_plus_AD,20,11,20,1,4.366831296206534e-06,8.733624454148471e-05,0,0.0,"separate global stable ranks by selected calibrated PD ascending, then frozen base_order ascending; bin 1 lowest risk"
lightgbm,lightgbm_T,lightgbm_T_plus_AD,20,12,1,6,2.62009877772392e-05,0.0005240174672489083,0,0.0,"separate global stable ranks by selected calibrated PD ascending, then frozen base_order ascending; bin 1 lowest risk"
lightgbm,lightgbm_T,lightgbm_T_plus_AD,20,12,2,23,0.00010043711981275027,0.0020087336244541485,0,0.0,"separate global stable ranks by selected calibrated PD ascending, then frozen base_order ascending; bin 1 lowest risk"
lightgbm,lightgbm_T,lightgbm_T_plus_AD,20,12,3,61,0.00026637670906859857,0.0053275109170305675,0,0.0,"separate global stable ranks by selected calibrated PD ascending, then frozen base_order ascending; bin 1 lowest risk"
lightgbm,lightgbm_T,lightgbm_T_plus_AD,20,12,4,92,0.0004017484792510011,0.008034934497816594,1,0.010869565217391304,"separate global stable ranks by selected calibrated PD ascending, then frozen base_order ascending; bin 1 lowest risk"
lightgbm,lightgbm_T,lightgbm_T_plus_AD,20,12,5,197,0.0008602657653526872,0.01720524017467249,3,0.015228426395939087,"separate global stable ranks by selected calibrated PD ascending, then frozen base_order ascending; bin 1 lowest risk"
lightgbm,lightgbm_T,lightgbm_T_plus_AD,20,12,6,275,0.0012008786064567967,0.024017467248908297,4,0.014545454545454545,"separate global stable ranks by selected calibrated PD ascending, then frozen base_order ascending; bin 1 lowest risk"
lightgbm,lightgbm_T,lightgbm_T_plus_AD,20,12,7,425,0.0018559033008877768,0.03711790393013101,7,0.01647058823529412,"separate global stable ranks by selected calibrated PD ascending, then frozen base_order ascending; bin 1 lowest risk"
lightgbm,lightgbm_T,lightgbm_T_plus_AD,20,12,8,658,0.002873374992903899,0.05746724890829694,8,0.0121580547112462,"separate global stable ranks by selected calibrated PD ascending, then frozen base_order ascending; bin 1 lowest risk"
lightgbm,lightgbm_T,lightgbm_T_plus_AD,20,12,9,939,0.004100454587137935,0.08200873362445416,17,0.01810436634717785,"separate global stable ranks by selected calibrated PD ascending, then frozen base_order ascending; bin 1 lowest risk"
lightgbm,lightgbm_T,lightgbm_T_plus_AD,20,12,10,1117,0.004877750557862698,0.09755458515283842,26,0.023276633840644583,"separate global stable ranks by selected calibrated PD ascending, then frozen base_order ascending; bin 1 lowest risk"
lightgbm,lightgbm_T,lightgbm_T_plus_AD,20,12,11,1331,0.005812252455250896,0.11624454148471616,35,0.02629601803155522,"separate global stable ranks by selected calibrated PD ascending, then frozen base_order ascending; bin 1 lowest risk"
lightgbm,lightgbm_T,lightgbm_T_plus_AD,20,12,12,1410,0.006157232127651213,0.12314410480349346,37,0.02624113475177305,"separate global stable ranks by selected calibrated PD ascending, then frozen base_order ascending; bin 1 lowest risk"
lightgbm,lightgbm_T,lightgbm_T_plus_AD,20,12,13,1340,0.005851553936916755,0.11703056768558952,30,0.022388059701492536,"separate global stable ranks by selected calibrated PD ascending, then frozen base_order ascending; bin 1 lowest risk"
lightgbm,lightgbm_T,lightgbm_T_plus_AD,20,12,14,1296,0.005659413359883667,0.1131877729257642,38,0.029320987654320986,"separate global stable ranks by selected calibrated PD ascending, then frozen base_order ascending; bin 1 lowest risk"
lightgbm,lightgbm_T,lightgbm_T_plus_AD,20,12,15,1180,0.005152860929523709,0.10305676855895196,46,0.03898305084745763,"separate global stable ranks by selected calibrated PD ascending, then frozen base_order ascending; bin 1 lowest risk"
lightgbm,lightgbm_T,lightgbm_T_plus_AD,20,12,16,745,0.0032532893156738676,0.06506550218340611,34,0.04563758389261745,"separate global stable ranks by selected calibrated PD ascending, then frozen base_order ascending; bin 1 lowest risk"
lightgbm,lightgbm_T,lightgbm_T_plus_AD,20,12,17,252,0.0011004414866440464,0.022008733624454147,11,0.04365079365079365,"separate global stable ranks by selected calibrated PD ascending, then frozen base_order ascending; bin 1 lowest risk"
lightgbm,lightgbm_T,lightgbm_T_plus_AD,20,12,18,73,0.00031877868462307696,0.006375545851528384,5,0.0684931506849315,"separate global stable ranks by selected calibrated PD ascending, then frozen base_order ascending; bin 1 lowest risk"
lightgbm,lightgbm_T,lightgbm_T_plus_AD,20,12,19,27,0.00011790444499757641,0.0023580786026200875,3,0.1111111111111111,"separate global stable ranks by selected calibrated PD ascending, then frozen base_order ascending; bin 1 lowest risk"
lightgbm,lightgbm_T,lightgbm_T_plus_AD,20,12,20,3,1.31004938886196e-05,0.00026200873362445414,0,0.0,"separate global stable ranks by selected calibrated PD ascending, then frozen base_order ascending; bin 1 lowest risk"
lightgbm,lightgbm_T,lightgbm_T_plus_AD,20,13,1,1,4.366831296206534e-06,8.733624454148471e-05,0,0.0,"separate global stable ranks by selected calibrated PD ascending, then frozen base_order ascending; bin 1 lowest risk"
lightgbm,lightgbm_T,lightgbm_T_plus_AD,20,13,2,16,6.986930073930454e-05,0.0013973799126637554,0,0.0,"separate global stable ranks by selected calibrated PD ascending, then frozen base_order ascending; bin 1 lowest risk"
lightgbm,lightgbm_T,lightgbm_T_plus_AD,20,13,3,26,0.00011353761370136988,0.0022707423580786024,0,0.0,"separate global stable ranks by selected calibrated PD ascending, then frozen base_order ascending; bin 1 lowest risk"
lightgbm,lightgbm_T,lightgbm_T_plus_AD,20,13,4,85,0.00037118066017755534,0.007423580786026201,1,0.011764705882352941,"separate global stable ranks by selected calibrated PD ascending, then frozen base_order ascending; bin 1 lowest risk"
lightgbm,lightgbm_T,lightgbm_T_plus_AD,20,13,5,119,0.0005196529242485775,0.010393013100436681,0,0.0,"separate global stable ranks by selected calibrated PD ascending, then frozen base_order ascending; bin 1 lowest risk"
lightgbm,lightgbm_T,lightgbm_T_plus_AD,20,13,6,171,0.0007467281516513173,0.014934497816593886,2,0.011695906432748537,"separate global stable ranks by selected calibrated PD ascending, then frozen base_order ascending; bin 1 lowest risk"
lightgbm,lightgbm_T,lightgbm_T_plus_AD,20,13,7,306,0.0013362503766391992,0.026724890829694325,5,0.016339869281045753,"separate global stable ranks by selected calibrated PD ascending, then frozen base_order ascending; bin 1 lowest risk"
lightgbm,lightgbm_T,lightgbm_T_plus_AD,20,13,8,454,0.0019825414084777664,0.03965065502183406,4,0.00881057268722467,"separate global stable ranks by selected calibrated PD ascending, then frozen base_order ascending; bin 1 lowest risk"
lightgbm,lightgbm_T,lightgbm_T_plus_AD,20,13,9,669,0.002921410137162171,0.058427947598253274,19,0.028400597907324365,"separate global stable ranks by selected calibrated PD ascending, then frozen base_order ascending; bin 1 lowest risk"
lightgbm,lightgbm_T,lightgbm_T_plus_AD,20,13,10,865,0.0037773090712186516,0.07554585152838428,21,0.024277456647398842,"separate global stable ranks by selected calibrated PD ascending, then frozen base_order ascending; bin 1 lowest risk"
lightgbm,lightgbm_T,lightgbm_T_plus_AD,20,13,11,1129,0.004930152533417177,0.09860262008733625,20,0.01771479185119575,"separate global stable ranks by selected calibrated PD ascending, then frozen base_order ascending; bin 1 lowest risk"
lightgbm,lightgbm_T,lightgbm_T_plus_AD,20,13,12,1372,0.005991292538395364,0.11982532751091703,38,0.027696793002915453,"separate global stable ranks by selected calibrated PD ascending, then frozen base_order ascending; bin 1 lowest risk"
lightgbm,lightgbm_T,lightgbm_T_plus_AD,20,13,13,1500,0.0065502469443098005,0.13100436681222707,33,0.022,"separate global stable ranks by selected calibrated PD ascending, then frozen base_order ascending; bin 1 lowest risk"
lightgbm,lightgbm_T,lightgbm_T_plus_AD,20,13,14,1387,0.006056795007838462,0.1211353711790393,41,0.029560201874549386,"separate global stable ranks by selected calibrated PD ascending, then frozen base_order ascending; bin 1 lowest risk"
lightgbm,lightgbm_T,lightgbm_T_plus_AD,20,13,15,1420,0.006200900440613278,0.1240174672489083,63,0.044366197183098595,"separate global stable ranks by selected calibrated PD ascending, then frozen base_order ascending; bin 1 lowest risk"
lightgbm,lightgbm_T,lightgbm_T_plus_AD,20,13,16,1205,0.005262031711928873,0.10524017467248908,46,0.038174273858921165,"separate global stable ranks by selected calibrated PD ascending, then frozen base_order ascending; bin 1 lowest risk"
lightgbm,lightgbm_T,lightgbm_T_plus_AD,20,13,17,559,0.0024410586945794524,0.04882096069868996,24,0.04293381037567084,"separate global stable ranks by selected calibrated PD ascending, then frozen base_order ascending; bin 1 lowest risk"
lightgbm,lightgbm_T,lightgbm_T_plus_AD,20,13,18,138,0.0006026227188765017,0.012052401746724891,11,0.07971014492753623,"separate global stable ranks by selected calibrated PD ascending, then frozen base_order ascending; bin 1 lowest risk"
lightgbm,lightgbm_T,lightgbm_T_plus_AD,20,13,19,23,0.00010043711981275027,0.0020087336244541485,1,0.043478260869565216,"separate global stable ranks by selected calibrated PD ascending, then frozen base_order ascending; bin 1 lowest risk"
lightgbm,lightgbm_T,lightgbm_T_plus_AD,20,13,20,5,2.183415648103267e-05,0.0004366812227074236,2,0.4,"separate global stable ranks by selected calibrated PD ascending, then frozen base_order ascending; bin 1 lowest risk"
lightgbm,lightgbm_T,lightgbm_T_plus_AD,20,14,1,3,1.31004938886196e-05,0.00026200873362445414,0,0.0,"separate global stable ranks by selected calibrated PD ascending, then frozen base_order ascending; bin 1 lowest risk"
lightgbm,lightgbm_T,lightgbm_T_plus_AD,20,14,2,13,5.676880685068494e-05,0.0011353711790393012,0,0.0,"separate global stable ranks by selected calibrated PD ascending, then frozen base_order ascending; bin 1 lowest risk"
lightgbm,lightgbm_T,lightgbm_T_plus_AD,20,14,3,22,9.607028851654374e-05,0.0019213973799126639,0,0.0,"separate global stable ranks by selected calibrated PD ascending, then frozen base_order ascending; bin 1 lowest risk"
lightgbm,lightgbm_T,lightgbm_T_plus_AD,20,14,4,25,0.00010917078240516334,0.002183406113537118,0,0.0,"separate global stable ranks by selected calibrated PD ascending, then frozen base_order ascending; bin 1 lowest risk"
lightgbm,lightgbm_T,lightgbm_T_plus_AD,20,14,5,65,0.0002838440342534247,0.005676855895196507,0,0.0,"separate global stable ranks by selected calibrated PD ascending, then frozen base_order ascending; bin 1 lowest risk"
lightgbm,lightgbm_T,lightgbm_T_plus_AD,20,14,6,95,0.0004148489731396207,0.008296943231441048,0,0.0,"separate global stable ranks by selected calibrated PD ascending, then frozen base_order ascending; bin 1 lowest risk"
lightgbm,lightgbm_T,lightgbm_T_plus_AD,20,14,7,185,0.0008078637897982087,0.016157205240174673,3,0.016216216216216217,"separate global stable ranks by selected calibrated PD ascending, then frozen base_order ascending; bin 1 lowest risk"
lightgbm,lightgbm_T,lightgbm_T_plus_AD,20,14,8,306,0.0013362503766391992,0.026724890829694325,6,0.0196078431372549,"separate global stable ranks by selected calibrated PD ascending, then frozen base_order ascending; bin 1 lowest risk"
lightgbm,lightgbm_T,lightgbm_T_plus_AD,20,14,9,435,0.0018995716138498421,0.037991266375545854,7,0.016091954022988506,"separate global stable ranks by selected calibrated PD ascending, then frozen base_order ascending; bin 1 lowest risk"
lightgbm,lightgbm_T,lightgbm_T_plus_AD,20,14,10,686,0.002995646269197682,0.05991266375545851,13,0.018950437317784258,"separate global stable ranks by selected calibrated PD ascending, then frozen base_order ascending; bin 1 lowest risk"
lightgbm,lightgbm_T,lightgbm_T_plus_AD,20,14,11,899,0.003925781335289673,0.07851528384279476,14,0.01557285873192436,"separate global stable ranks by selected calibrated PD ascending, then frozen base_order ascending; bin 1 lowest risk"
lightgbm,lightgbm_T,lightgbm_T_plus_AD,20,14,12,1083,0.004729278293791676,0.09458515283842794,39,0.036011080332409975,"separate global stable ranks by selected calibrated PD ascending, then frozen base_order ascending; bin 1 lowest risk"
lightgbm,lightgbm_T,lightgbm_T_plus_AD,20,14,13,1451,0.00633627221079568,0.12672489082969432,44,0.030323914541695383,"separate global stable ranks by selected calibrated PD ascending, then frozen base_order ascending; bin 1 lowest risk"
lightgbm,lightgbm_T,lightgbm_T_plus_AD,20,14,14,1572,0.006864658797636671,0.13729257641921397,36,0.022900763358778626,"separate global stable ranks by selected calibrated PD ascending, then frozen base_order ascending; bin 1 lowest risk"
lightgbm,lightgbm_T,lightgbm_T_plus_AD,20,14,15,1593,0.006956362254857008,0.13912663755458515,49,0.030759573132454487,"separate global stable ranks by selected calibrated PD ascending, then frozen base_order ascending; bin 1 lowest risk"
lightgbm,lightgbm_T,lightgbm_T_plus_AD,20,14,16,1564,0.006829724147267019,0.1365938864628821,59,0.037723785166240406,"separate global stable ranks by selected calibrated PD ascending, then frozen base_order ascending; bin 1 lowest risk"
lightgbm,lightgbm_T,lightgbm_T_plus_AD,20,14,17,1079,0.0047118109686068495,0.094235807860262,62,0.057460611677479144,"separate global stable ranks by selected calibrated PD ascending, then frozen base_order ascending; bin 1 lowest risk"
lightgbm,lightgbm_T,lightgbm_T_plus_AD,20,14,18,304,0.0013275167140467863,0.026550218340611352,15,0.049342105263157895,"separate global stable ranks by selected calibrated PD ascending, then frozen base_order ascending; bin 1 lowest risk"
lightgbm,lightgbm_T,lightgbm_T_plus_AD,20,14,19,64,0.0002794772029572182,0.0055895196506550214,5,0.078125,"separate global stable ranks by selected calibrated PD ascending, then frozen base_order ascending; bin 1 lowest risk"
lightgbm,lightgbm_T,lightgbm_T_plus_AD,20,14,20,6,2.62009877772392e-05,0.0005240174672489083,0,0.0,"separate global stable ranks by selected calibrated PD ascending, then frozen base_order ascending; bin 1 lowest risk"
lightgbm,lightgbm_T,lightgbm_T_plus_AD,20,15,1,0,0.0,0.0,0,,"separate global stable ranks by selected calibrated PD ascending, then frozen base_order ascending; bin 1 lowest risk"
lightgbm,lightgbm_T,lightgbm_T_plus_AD,20,15,2,8,3.493465036965227e-05,0.0006986899563318777,0,0.0,"separate global stable ranks by selected calibrated PD ascending, then frozen base_order ascending; bin 1 lowest risk"
lightgbm,lightgbm_T,lightgbm_T_plus_AD,20,15,3,12,5.24019755544784e-05,0.0010480349344978166,0,0.0,"separate global stable ranks by selected calibrated PD ascending, then frozen base_order ascending; bin 1 lowest risk"
lightgbm,lightgbm_T,lightgbm_T_plus_AD,20,15,4,18,7.860296333171761e-05,0.0015720524017467249,0,0.0,"separate global stable ranks by selected calibrated PD ascending, then frozen base_order ascending; bin 1 lowest risk"
lightgbm,lightgbm_T,lightgbm_T_plus_AD,20,15,5,27,0.00011790444499757641,0.0023580786026200875,1,0.037037037037037035,"separate global stable ranks by selected calibrated PD ascending, then frozen base_order ascending; bin 1 lowest risk"
lightgbm,lightgbm_T,lightgbm_T_plus_AD,20,15,6,49,0.00021397473351412015,0.004279475982532751,1,0.02040816326530612,"separate global stable ranks by selected calibrated PD ascending, then frozen base_order ascending; bin 1 lowest risk"
lightgbm,lightgbm_T,lightgbm_T_plus_AD,20,15,7,110,0.0004803514425827187,0.00960698689956332,0,0.0,"separate global stable ranks by selected calibrated PD ascending, then frozen base_order ascending; bin 1 lowest risk"
lightgbm,lightgbm_T,lightgbm_T_plus_AD,20,15,8,163,0.000711793501281665,0.014235807860262009,3,0.018404907975460124,"separate global stable ranks by selected calibrated PD ascending, then frozen base_order ascending; bin 1 lowest risk"
lightgbm,lightgbm_T,lightgbm_T_plus_AD,20,15,9,270,0.001179044449975764,0.023580786026200874,2,0.007407407407407408,"separate global stable ranks by selected calibrated PD ascending, then frozen base_order ascending; bin 1 lowest risk"
lightgbm,lightgbm_T,lightgbm_T_plus_AD,20,15,10,453,0.0019781745771815596,0.03956331877729258,10,0.02207505518763797,"separate global stable ranks by selected calibrated PD ascending, then frozen base_order ascending; bin 1 lowest risk"
lightgbm,lightgbm_T,lightgbm_T_plus_AD,20,15,11,649,0.0028340735112380405,0.05668122270742358,14,0.02157164869029276,"separate global stable ranks by selected calibrated PD ascending, then frozen base_order ascending; bin 1 lowest risk"
lightgbm,lightgbm_T,lightgbm_T_plus_AD,20,15,12,851,0.00371617343307176,0.07432314410480349,15,0.01762632197414806,"separate global stable ranks by selected calibrated PD ascending, then frozen base_order ascending; bin 1 lowest risk"
lightgbm,lightgbm_T,lightgbm_T_plus_AD,20,15,13,1131,0.00493888619600959,0.09877729257641922,31,0.027409372236958444,"separate global stable ranks by selected calibrated PD ascending, then frozen base_order ascending; bin 1 lowest risk"
lightgbm,lightgbm_T,lightgbm_T_plus_AD,20,15,14,1500,0.0065502469443098005,0.13100436681222707,59,0.03933333333333333,"separate global stable ranks by selected calibrated PD ascending, then frozen base_order ascending; bin 1 lowest risk"
lightgbm,lightgbm_T,lightgbm_T_plus_AD,20,15,15,1697,0.007410512709662488,0.14820960698689956,48,0.02828520919269299,"separate global stable ranks by selected calibrated PD ascending, then frozen base_order ascending; bin 1 lowest risk"
lightgbm,lightgbm_T,lightgbm_T_plus_AD,20,15,16,1849,0.00807427106668588,0.16148471615720525,87,0.04705246078961601,"separate global stable ranks by selected calibrated PD ascending, then frozen base_order ascending; bin 1 lowest risk"
lightgbm,lightgbm_T,lightgbm_T_plus_AD,20,15,17,1703,0.007436713697439727,0.14873362445414848,82,0.048150322959483266,"separate global stable ranks by selected calibrated PD ascending, then frozen base_order ascending; bin 1 lowest risk"
lightgbm,lightgbm_T,lightgbm_T_plus_AD,20,15,18,812,0.003545867012519705,0.07091703056768558,51,0.06280788177339902,"separate global stable ranks by selected calibrated PD ascending, then frozen base_order ascending; bin 1 lowest risk"
lightgbm,lightgbm_T,lightgbm_T_plus_AD,20,15,19,134,0.0005851553936916755,0.011703056768558952,5,0.03731343283582089,"separate global stable ranks by selected calibrated PD ascending, then frozen base_order ascending; bin 1 lowest risk"
lightgbm,lightgbm_T,lightgbm_T_plus_AD,20,15,20,14,6.113563814689147e-05,0.001222707423580786,0,0.0,"separate global stable ranks by selected calibrated PD ascending, then frozen base_order ascending; bin 1 lowest risk"
lightgbm,lightgbm_T,lightgbm_T_plus_AD,20,16,1,1,4.366831296206534e-06,8.733624454148471e-05,0,0.0,"separate global stable ranks by selected calibrated PD ascending, then frozen base_order ascending; bin 1 lowest risk"
lightgbm,lightgbm_T,lightgbm_T_plus_AD,20,16,2,3,1.31004938886196e-05,0.00026200873362445414,0,0.0,"separate global stable ranks by selected calibrated PD ascending, then frozen base_order ascending; bin 1 lowest risk"
lightgbm,lightgbm_T,lightgbm_T_plus_AD,20,16,3,6,2.62009877772392e-05,0.0005240174672489083,0,0.0,"separate global stable ranks by selected calibrated PD ascending, then frozen base_order ascending; bin 1 lowest risk"
lightgbm,lightgbm_T,lightgbm_T_plus_AD,20,16,4,10,4.366831296206534e-05,0.0008733624454148472,0,0.0,"separate global stable ranks by selected calibrated PD ascending, then frozen base_order ascending; bin 1 lowest risk"
lightgbm,lightgbm_T,lightgbm_T_plus_AD,20,16,5,26,0.00011353761370136988,0.0022707423580786024,0,0.0,"separate global stable ranks by selected calibrated PD ascending, then frozen base_order ascending; bin 1 lowest risk"
lightgbm,lightgbm_T,lightgbm_T_plus_AD,20,16,6,28,0.00012227127629378293,0.002445414847161572,0,0.0,"separate global stable ranks by selected calibrated PD ascending, then frozen base_order ascending; bin 1 lowest risk"
lightgbm,lightgbm_T,lightgbm_T_plus_AD,20,16,7,57,0.00024890938388377244,0.004978165938864629,1,0.017543859649122806,"separate global stable ranks by selected calibrated PD ascending, then frozen base_order ascending; bin 1 lowest risk"
lightgbm,lightgbm_T,lightgbm_T_plus_AD,20,16,8,74,0.0003231455159192835,0.006462882096069869,2,0.02702702702702703,"separate global stable ranks by selected calibrated PD ascending, then frozen base_order ascending; bin 1 lowest risk"
lightgbm,lightgbm_T,lightgbm_T_plus_AD,20,16,9,139,0.0006069895501727082,0.012139737991266376,2,0.014388489208633094,"separate global stable ranks by selected calibrated PD ascending, then frozen base_order ascending; bin 1 lowest risk"
lightgbm,lightgbm_T,lightgbm_T_plus_AD,20,16,10,243,0.0010611400049781877,0.021222707423580785,6,0.024691358024691357,"separate global stable ranks by selected calibrated PD ascending, then frozen base_order ascending; bin 1 lowest risk"
lightgbm,lightgbm_T,lightgbm_T_plus_AD,20,16,11,418,0.001825335481814331,0.03650655021834061,7,0.01674641148325359,"separate global stable ranks by selected calibrated PD ascending, then frozen base_order ascending; bin 1 lowest risk"
lightgbm,lightgbm_T,lightgbm_T_plus_AD,20,16,12,723,0.003157219027157324,0.06314410480349344,11,0.015214384508990318,"separate global stable ranks by selected calibrated PD ascending, then frozen base_order ascending; bin 1 lowest risk"
lightgbm,lightgbm_T,lightgbm_T_plus_AD,20,16,13,832,0.003633203638443836,0.07266375545851528,20,0.02403846153846154,"separate global stable ranks by selected calibrated PD ascending, then frozen base_order ascending; bin 1 lowest risk"
lightgbm,lightgbm_T,lightgbm_T_plus_AD,20,16,14,1207,0.0052707653745212866,0.10541484716157205,38,0.03148301574150787,"separate global stable ranks by selected calibrated PD ascending, then frozen base_order ascending; bin 1 lowest risk"
lightgbm,lightgbm_T,lightgbm_T_plus_AD,20,16,15,1563,0.006825357315970812,0.1365065502183406,47,0.030070377479206652,"separate global stable ranks by selected calibrated PD ascending, then frozen base_order ascending; bin 1 lowest risk"
lightgbm,lightgbm_T,lightgbm_T_plus_AD,20,16,16,1886,0.008235843824645522,0.1647161572052402,92,0.04878048780487805,"separate global stable ranks by selected calibrated PD ascending, then frozen base_order ascending; bin 1 lowest risk"
lightgbm,lightgbm_T,lightgbm_T_plus_AD,20,16,17,2127,0.009288250167031296,0.185764192139738,105,0.04936530324400564,"separate global stable ranks by selected calibrated PD ascending, then frozen base_order ascending; bin 1 lowest risk"
lightgbm,lightgbm_T,lightgbm_T_plus_AD,20,16,18,1672,0.007301341927257324,0.14602620087336243,104,0.06220095693779904,"separate global stable ranks by selected calibrated PD ascending, then frozen base_order ascending; bin 1 lowest risk"
lightgbm,lightgbm_T,lightgbm_T_plus_AD,20,16,19,412,0.0017991344940370918,0.0359825327510917,32,0.07766990291262135,"separate global stable ranks by selected calibrated PD ascending, then frozen base_order ascending; bin 1 lowest risk"
lightgbm,lightgbm_T,lightgbm_T_plus_AD,20,16,20,23,0.00010043711981275027,0.0020087336244541485,2,0.08695652173913043,"separate global stable ranks by selected calibrated PD ascending, then frozen base_order ascending; bin 1 lowest risk"
lightgbm,lightgbm_T,lightgbm_T_plus_AD,20,17,1,0,0.0,0.0,0,,"separate global stable ranks by selected calibrated PD ascending, then frozen base_order ascending; bin 1 lowest risk"
lightgbm,lightgbm_T,lightgbm_T_plus_AD,20,17,2,3,1.31004938886196e-05,0.00026200873362445414,0,0.0,"separate global stable ranks by selected calibrated PD ascending, then frozen base_order ascending; bin 1 lowest risk"
lightgbm,lightgbm_T,lightgbm_T_plus_AD,20,17,3,1,4.366831296206534e-06,8.733624454148471e-05,0,0.0,"separate global stable ranks by selected calibrated PD ascending, then frozen base_order ascending; bin 1 lowest risk"
lightgbm,lightgbm_T,lightgbm_T_plus_AD,20,17,4,5,2.183415648103267e-05,0.0004366812227074236,0,0.0,"separate global stable ranks by selected calibrated PD ascending, then frozen base_order ascending; bin 1 lowest risk"
lightgbm,lightgbm_T,lightgbm_T_plus_AD,20,17,5,10,4.366831296206534e-05,0.0008733624454148472,0,0.0,"separate global stable ranks by selected calibrated PD ascending, then frozen base_order ascending; bin 1 lowest risk"
lightgbm,lightgbm_T,lightgbm_T_plus_AD,20,17,6,14,6.113563814689147e-05,0.001222707423580786,0,0.0,"separate global stable ranks by selected calibrated PD ascending, then frozen base_order ascending; bin 1 lowest risk"
lightgbm,lightgbm_T,lightgbm_T_plus_AD,20,17,7,23,0.00010043711981275027,0.0020087336244541485,1,0.043478260869565216,"separate global stable ranks by selected calibrated PD ascending, then frozen base_order ascending; bin 1 lowest risk"
lightgbm,lightgbm_T,lightgbm_T_plus_AD,20,17,8,38,0.00016593958925584828,0.003318777292576419,0,0.0,"separate global stable ranks by selected calibrated PD ascending, then frozen base_order ascending; bin 1 lowest risk"
lightgbm,lightgbm_T,lightgbm_T_plus_AD,20,17,9,74,0.0003231455159192835,0.006462882096069869,2,0.02702702702702703,"separate global stable ranks by selected calibrated PD ascending, then frozen base_order ascending; bin 1 lowest risk"
lightgbm,lightgbm_T,lightgbm_T_plus_AD,20,17,10,123,0.0005371202494334036,0.01074235807860262,2,0.016260162601626018,"separate global stable ranks by selected calibrated PD ascending, then frozen base_order ascending; bin 1 lowest risk"
lightgbm,lightgbm_T,lightgbm_T_plus_AD,20,17,11,222,0.0009694365477578504,0.019388646288209608,4,0.018018018018018018,"separate global stable ranks by selected calibrated PD ascending, then frozen base_order ascending; bin 1 lowest risk"
lightgbm,lightgbm_T,lightgbm_T_plus_AD,20,17,12,396,0.0017292651932977873,0.034585152838427946,3,0.007575757575757576,"separate global stable ranks by selected calibrated PD ascending, then frozen base_order ascending; bin 1 lowest risk"
lightgbm,lightgbm_T,lightgbm_T_plus_AD,20,17,13,603,0.00263319927161254,0.05266375545851528,26,0.04311774461028192,"separate global stable ranks by selected calibrated PD ascending, then frozen base_order ascending; bin 1 lowest risk"
lightgbm,lightgbm_T,lightgbm_T_plus_AD,20,17,14,831,0.0036288368071476294,0.0725764192139738,27,0.032490974729241874,"separate global stable ranks by selected calibrated PD ascending, then frozen base_order ascending; bin 1 lowest risk"
lightgbm,lightgbm_T,lightgbm_T_plus_AD,20,17,15,1192,0.005205262905078188,0.10410480349344978,48,0.040268456375838924,"separate global stable ranks by selected calibrated PD ascending, then frozen base_order ascending; bin 1 lowest risk"
lightgbm,lightgbm_T,lightgbm_T_plus_AD,20,17,16,1691,0.007384311721885249,0.14768558951965066,72,0.04257835600236547,"separate global stable ranks by selected calibrated PD ascending, then frozen base_order ascending; bin 1 lowest risk"
lightgbm,lightgbm_T,lightgbm_T_plus_AD,20,17,17,2271,0.009917073873685038,0.19834061135371178,108,0.047556142668428,"separate global stable ranks by selected calibrated PD ascending, then frozen base_order ascending; bin 1 lowest risk"
lightgbm,lightgbm_T,lightgbm_T_plus_AD,20,17,18,2625,0.011462932152542151,0.2292576419213974,165,0.06285714285714286,"separate global stable ranks by selected calibrated PD ascending, then frozen base_order ascending; bin 1 lowest risk"
lightgbm,lightgbm_T,lightgbm_T_plus_AD,20,17,19,1266,0.0055284084209974715,0.11056768558951965,103,0.08135860979462875,"separate global stable ranks by selected calibrated PD ascending, then frozen base_order ascending; bin 1 lowest risk"
lightgbm,lightgbm_T,lightgbm_T_plus_AD,20,17,20,62,0.0002707435403648051,0.005414847161572052,10,0.16129032258064516,"separate global stable ranks by selected calibrated PD ascending, then frozen base_order ascending; bin 1 lowest risk"
lightgbm,lightgbm_T,lightgbm_T_plus_AD,20,18,1,0,0.0,0.0,0,,"separate global stable ranks by selected calibrated PD ascending, then frozen base_order ascending; bin 1 lowest risk"
lightgbm,lightgbm_T,lightgbm_T_plus_AD,20,18,2,0,0.0,0.0,0,,"separate global stable ranks by selected calibrated PD ascending, then frozen base_order ascending; bin 1 lowest risk"
lightgbm,lightgbm_T,lightgbm_T_plus_AD,20,18,3,4,1.7467325184826136e-05,0.00034934497816593884,0,0.0,"separate global stable ranks by selected calibrated PD ascending, then frozen base_order ascending; bin 1 lowest risk"
lightgbm,lightgbm_T,lightgbm_T_plus_AD,20,18,4,3,1.31004938886196e-05,0.00026200873362445414,0,0.0,"separate global stable ranks by selected calibrated PD ascending, then frozen base_order ascending; bin 1 lowest risk"
lightgbm,lightgbm_T,lightgbm_T_plus_AD,20,18,5,2,8.733662592413068e-06,0.00017467248908296942,0,0.0,"separate global stable ranks by selected calibrated PD ascending, then frozen base_order ascending; bin 1 lowest risk"
lightgbm,lightgbm_T,lightgbm_T_plus_AD,20,18,6,5,2.183415648103267e-05,0.0004366812227074236,0,0.0,"separate global stable ranks by selected calibrated PD ascending, then frozen base_order ascending; bin 1 lowest risk"
lightgbm,lightgbm_T,lightgbm_T_plus_AD,20,18,7,9,3.9301481665858805e-05,0.0007860262008733624,0,0.0,"separate global stable ranks by selected calibrated PD ascending, then frozen base_order ascending; bin 1 lowest risk"
lightgbm,lightgbm_T,lightgbm_T_plus_AD,20,18,8,21,9.17034572203372e-05,0.001834061135371179,2,0.09523809523809523,"separate global stable ranks by selected calibrated PD ascending, then frozen base_order ascending; bin 1 lowest risk"
lightgbm,lightgbm_T,lightgbm_T_plus_AD,20,18,9,28,0.00012227127629378293,0.002445414847161572,0,0.0,"separate global stable ranks by selected calibrated PD ascending, then frozen base_order ascending; bin 1 lowest risk"
lightgbm,lightgbm_T,lightgbm_T_plus_AD,20,18,10,70,0.00030567819073445735,0.00611353711790393,1,0.014285714285714285,"separate global stable ranks by selected calibrated PD ascending, then frozen base_order ascending; bin 1 lowest risk"
lightgbm,lightgbm_T,lightgbm_T_plus_AD,20,18,11,78,0.0003406128411041096,0.006812227074235808,0,0.0,"separate global stable ranks by selected calibrated PD ascending, then frozen base_order ascending; bin 1 lowest risk"
lightgbm,lightgbm_T,lightgbm_T_plus_AD,20,18,12,178,0.000777295970724763,0.01554585152838428,6,0.033707865168539325,"separate global stable ranks by selected calibrated PD ascending, then frozen base_order ascending; bin 1 lowest risk"
lightgbm,lightgbm_T,lightgbm_T_plus_AD,20,18,13,268,0.001170310787383351,0.023406113537117905,7,0.026119402985074626,"separate global stable ranks by selected calibrated PD ascending, then frozen base_order ascending; bin 1 lowest risk"
lightgbm,lightgbm_T,lightgbm_T_plus_AD,20,18,14,488,0.0021310136725487885,0.04262008733624454,25,0.05122950819672131,"separate global stable ranks by selected calibrated PD ascending, then frozen base_order ascending; bin 1 lowest risk"
lightgbm,lightgbm_T,lightgbm_T_plus_AD,20,18,15,812,0.003545867012519705,0.07091703056768558,34,0.04187192118226601,"separate global stable ranks by selected calibrated PD ascending, then frozen base_order ascending; bin 1 lowest risk"
lightgbm,lightgbm_T,lightgbm_T_plus_AD,20,18,16,1204,0.005257664880632666,0.10515283842794759,64,0.053156146179401995,"separate global stable ranks by selected calibrated PD ascending, then frozen base_order ascending; bin 1 lowest risk"
lightgbm,lightgbm_T,lightgbm_T_plus_AD,20,18,17,1950,0.00851532102760274,0.1703056768558952,113,0.05794871794871795,"separate global stable ranks by selected calibrated PD ascending, then frozen base_order ascending; bin 1 lowest risk"
lightgbm,lightgbm_T,lightgbm_T_plus_AD,20,18,18,2986,0.01303935825047271,0.2607860262008734,180,0.06028131279303416,"separate global stable ranks by selected calibrated PD ascending, then frozen base_order ascending; bin 1 lowest risk"
lightgbm,lightgbm_T,lightgbm_T_plus_AD,20,18,19,3003,0.01311359438250822,0.2622707423580786,255,0.08491508491508491,"separate global stable ranks by selected calibrated PD ascending, then frozen base_order ascending; bin 1 lowest risk"
lightgbm,lightgbm_T,lightgbm_T_plus_AD,20,18,20,341,0.001489089472006428,0.029781659388646287,32,0.093841642228739,"separate global stable ranks by selected calibrated PD ascending, then frozen base_order ascending; bin 1 lowest risk"
lightgbm,lightgbm_T,lightgbm_T_plus_AD,20,19,1,0,0.0,0.0,0,,"separate global stable ranks by selected calibrated PD ascending, then frozen base_order ascending; bin 1 lowest risk"
lightgbm,lightgbm_T,lightgbm_T_plus_AD,20,19,2,1,4.366831296206534e-06,8.733624454148471e-05,0,0.0,"separate global stable ranks by selected calibrated PD ascending, then frozen base_order ascending; bin 1 lowest risk"
lightgbm,lightgbm_T,lightgbm_T_plus_AD,20,19,3,0,0.0,0.0,0,,"separate global stable ranks by selected calibrated PD ascending, then frozen base_order ascending; bin 1 lowest risk"
lightgbm,lightgbm_T,lightgbm_T_plus_AD,20,19,4,0,0.0,0.0,0,,"separate global stable ranks by selected calibrated PD ascending, then frozen base_order ascending; bin 1 lowest risk"
lightgbm,lightgbm_T,lightgbm_T_plus_AD,20,19,5,4,1.7467325184826136e-05,0.00034934497816593884,1,0.25,"separate global stable ranks by selected calibrated PD ascending, then frozen base_order ascending; bin 1 lowest risk"
lightgbm,lightgbm_T,lightgbm_T_plus_AD,20,19,6,1,4.366831296206534e-06,8.733624454148471e-05,0,0.0,"separate global stable ranks by selected calibrated PD ascending, then frozen base_order ascending; bin 1 lowest risk"
lightgbm,lightgbm_T,lightgbm_T_plus_AD,20,19,7,1,4.366831296206534e-06,8.733624454148471e-05,0,0.0,"separate global stable ranks by selected calibrated PD ascending, then frozen base_order ascending; bin 1 lowest risk"
lightgbm,lightgbm_T,lightgbm_T_plus_AD,20,19,8,2,8.733662592413068e-06,0.00017467248908296942,0,0.0,"separate global stable ranks by selected calibrated PD ascending, then frozen base_order ascending; bin 1 lowest risk"
lightgbm,lightgbm_T,lightgbm_T_plus_AD,20,19,9,7,3.056781907344573e-05,0.000611353711790393,0,0.0,"separate global stable ranks by selected calibrated PD ascending, then frozen base_order ascending; bin 1 lowest risk"
lightgbm,lightgbm_T,lightgbm_T_plus_AD,20,19,10,13,5.676880685068494e-05,0.0011353711790393012,1,0.07692307692307693,"separate global stable ranks by selected calibrated PD ascending, then frozen base_order ascending; bin 1 lowest risk"
lightgbm,lightgbm_T,lightgbm_T_plus_AD,20,19,11,30,0.000131004938886196,0.0026200873362445414,1,0.03333333333333333,"separate global stable ranks by selected calibrated PD ascending, then frozen base_order ascending; bin 1 lowest risk"
lightgbm,lightgbm_T,lightgbm_T_plus_AD,20,19,12,51,0.00022270839610653322,0.00445414847161572,2,0.0392156862745098,"separate global stable ranks by selected calibrated PD ascending, then frozen base_order ascending; bin 1 lowest risk"
lightgbm,lightgbm_T,lightgbm_T_plus_AD,20,19,13,79,0.0003449796724003162,0.006899563318777293,2,0.02531645569620253,"separate global stable ranks by selected calibrated PD ascending, then frozen base_order ascending; bin 1 lowest risk"
lightgbm,lightgbm_T,lightgbm_T_plus_AD,20,19,14,160,0.0006986930073930454,0.013973799126637555,5,0.03125,"separate global stable ranks by selected calibrated PD ascending, then frozen base_order ascending; bin 1 lowest risk"
lightgbm,lightgbm_T,lightgbm_T_plus_AD,20,19,15,297,0.0012969488949733405,0.02593886462882096,14,0.04713804713804714,"separate global stable ranks by selected calibrated PD ascending, then frozen base_order ascending; bin 1 lowest risk"
lightgbm,lightgbm_T,lightgbm_T_plus_AD,20,19,16,589,0.0025720636334656483,0.051441048034934496,30,0.050933786078098474,"separate global stable ranks by selected calibrated PD ascending, then frozen base_order ascending; bin 1 lowest risk"
lightgbm,lightgbm_T,lightgbm_T_plus_AD,20,19,17,1093,0.004772946606753741,0.09545851528384279,58,0.053064958828911254,"separate global stable ranks by selected calibrated PD ascending, then frozen base_order ascending; bin 1 lowest risk"
lightgbm,lightgbm_T,lightgbm_T_plus_AD,20,19,18,2185,0.009541526382211276,0.19082969432314412,163,0.07459954233409612,"separate global stable ranks by selected calibrated PD ascending, then frozen base_order ascending; bin 1 lowest risk"
lightgbm,lightgbm_T,lightgbm_T_plus_AD,20,19,19,4568,0.019947685361071447,0.3989519650655022,374,0.0818739054290718,"separate global stable ranks by selected calibrated PD ascending, then frozen base_order ascending; bin 1 lowest risk"
lightgbm,lightgbm_T,lightgbm_T_plus_AD,20,19,20,2369,0.010345023340713279,0.2068995633187773,250,0.10552975939214859,"separate global stable ranks by selected calibrated PD ascending, then frozen base_order ascending; bin 1 lowest risk"
lightgbm,lightgbm_T,lightgbm_T_plus_AD,20,20,1,0,0.0,0.0,0,,"separate global stable ranks by selected calibrated PD ascending, then frozen base_order ascending; bin 1 lowest risk"
lightgbm,lightgbm_T,lightgbm_T_plus_AD,20,20,2,0,0.0,0.0,0,,"separate global stable ranks by selected calibrated PD ascending, then frozen base_order ascending; bin 1 lowest risk"
lightgbm,lightgbm_T,lightgbm_T_plus_AD,20,20,3,0,0.0,0.0,0,,"separate global stable ranks by selected calibrated PD ascending, then frozen base_order ascending; bin 1 lowest risk"
lightgbm,lightgbm_T,lightgbm_T_plus_AD,20,20,4,0,0.0,0.0,0,,"separate global stable ranks by selected calibrated PD ascending, then frozen base_order ascending; bin 1 lowest risk"
lightgbm,lightgbm_T,lightgbm_T_plus_AD,20,20,5,1,4.366831296206534e-06,8.734387282732117e-05,0,0.0,"separate global stable ranks by selected calibrated PD ascending, then frozen base_order ascending; bin 1 lowest risk"
lightgbm,lightgbm_T,lightgbm_T_plus_AD,20,20,6,0,0.0,0.0,0,,"separate global stable ranks by selected calibrated PD ascending, then frozen base_order ascending; bin 1 lowest risk"
lightgbm,lightgbm_T,lightgbm_T_plus_AD,20,20,7,0,0.0,0.0,0,,"separate global stable ranks by selected calibrated PD ascending, then frozen base_order ascending; bin 1 lowest risk"
lightgbm,lightgbm_T,lightgbm_T_plus_AD,20,20,8,0,0.0,0.0,0,,"separate global stable ranks by selected calibrated PD ascending, then frozen base_order ascending; bin 1 lowest risk"
lightgbm,lightgbm_T,lightgbm_T_plus_AD,20,20,9,1,4.366831296206534e-06,8.734387282732117e-05,0,0.0,"separate global stable ranks by selected calibrated PD ascending, then frozen base_order ascending; bin 1 lowest risk"
lightgbm,lightgbm_T,lightgbm_T_plus_AD,20,20,10,1,4.366831296206534e-06,8.734387282732117e-05,0,0.0,"separate global stable ranks by selected calibrated PD ascending, then frozen base_order ascending; bin 1 lowest risk"
lightgbm,lightgbm_T,lightgbm_T_plus_AD,20,20,11,5,2.183415648103267e-05,0.0004367193641366058,0,0.0,"separate global stable ranks by selected calibrated PD ascending, then frozen base_order ascending; bin 1 lowest risk"
lightgbm,lightgbm_T,lightgbm_T_plus_AD,20,20,12,7,3.056781907344573e-05,0.0006114071097912482,1,0.14285714285714285,"separate global stable ranks by selected calibrated PD ascending, then frozen base_order ascending; bin 1 lowest risk"
lightgbm,lightgbm_T,lightgbm_T_plus_AD,20,20,13,9,3.9301481665858805e-05,0.0007860948554458904,0,0.0,"separate global stable ranks by selected calibrated PD ascending, then frozen base_order ascending; bin 1 lowest risk"
lightgbm,lightgbm_T,lightgbm_T_plus_AD,20,20,14,24,0.0001048039511089568,0.002096252947855708,1,0.041666666666666664,"separate global stable ranks by selected calibrated PD ascending, then frozen base_order ascending; bin 1 lowest risk"
lightgbm,lightgbm_T,lightgbm_T_plus_AD,20,20,15,29,0.00012663810758998948,0.0025329723119923136,1,0.034482758620689655,"separate global stable ranks by selected calibrated PD ascending, then frozen base_order ascending; bin 1 lowest risk"
lightgbm,lightgbm_T,lightgbm_T_plus_AD,20,20,16,70,0.00030567819073445735,0.0061140710979124815,2,0.02857142857142857,"separate global stable ranks by selected calibrated PD ascending, then frozen base_order ascending; bin 1 lowest risk"
lightgbm,lightgbm_T,lightgbm_T_plus_AD,20,20,17,191,0.000834064777575448,0.01668267971001834,19,0.09947643979057591,"separate global stable ranks by selected calibrated PD ascending, then frozen base_order ascending; bin 1 lowest risk"
lightgbm,lightgbm_T,lightgbm_T_plus_AD,20,20,18,571,0.002493460670133931,0.04987335138440038,30,0.05253940455341506,"separate global stable ranks by selected calibrated PD ascending, then frozen base_order ascending; bin 1 lowest risk"
lightgbm,lightgbm_T,lightgbm_T_plus_AD,20,20,19,1916,0.008366848763531718,0.16735086033714736,193,0.10073068893528184,"separate global stable ranks by selected calibrated PD ascending, then frozen base_order ascending; bin 1 lowest risk"
lightgbm,lightgbm_T,lightgbm_T_plus_AD,20,20,20,8624,0.03765955309848515,0.7532535592628177,1511,0.175208719851577,"separate global stable ranks by selected calibrated PD ascending, then frozen base_order ascending; bin 1 lowest risk"
mlp,mlp_T,mlp_T_plus_AD,5,1,1,32681,0.14271241359132572,0.7135589519650655,98,0.0029986842507879197,"separate global stable ranks by selected calibrated PD ascending, then frozen base_order ascending; bin 1 lowest risk"
mlp,mlp_T,mlp_T_plus_AD,5,1,2,10808,0.047196712649400216,0.2359825327510917,104,0.009622501850481125,"separate global stable ranks by selected calibrated PD ascending, then frozen base_order ascending; bin 1 lowest risk"
mlp,mlp_T,mlp_T_plus_AD,5,1,3,2089,0.009122310577775449,0.04561135371179039,33,0.015797032072762087,"separate global stable ranks by selected calibrated PD ascending, then frozen base_order ascending; bin 1 lowest risk"
mlp,mlp_T,mlp_T_plus_AD,5,1,4,204,0.0008908335844261329,0.00445414847161572,6,0.029411764705882353,"separate global stable ranks by selected calibrated PD ascending, then frozen base_order ascending; bin 1 lowest risk"
mlp,mlp_T,mlp_T_plus_AD,5,1,5,18,7.860296333171761e-05,0.0003930131004366812,0,0.0,"separate global stable ranks by selected calibrated PD ascending, then frozen base_order ascending; bin 1 lowest risk"
mlp,mlp_T,mlp_T_plus_AD,5,2,1,10540,0.04602640186201686,0.23013100436681222,57,0.005407969639468691,"separate global stable ranks by selected calibrated PD ascending, then frozen base_order ascending; bin 1 lowest risk"
mlp,mlp_T,mlp_T_plus_AD,5,2,2,20530,0.08965104651112013,0.4482532751091703,180,0.00876765708718948,"separate global stable ranks by selected calibrated PD ascending, then frozen base_order ascending; bin 1 lowest risk"
mlp,mlp_T,mlp_T_plus_AD,5,2,3,11916,0.05203516172559706,0.260174672489083,213,0.01787512588116818,"separate global stable ranks by selected calibrated PD ascending, then frozen base_order ascending; bin 1 lowest risk"
mlp,mlp_T,mlp_T_plus_AD,5,2,4,2647,0.011559002441058695,0.05779475982532751,81,0.03060068001511145,"separate global stable ranks by selected calibrated PD ascending, then frozen base_order ascending; bin 1 lowest risk"
mlp,mlp_T,mlp_T_plus_AD,5,2,5,167,0.0007292608264664911,0.003646288209606987,8,0.04790419161676647,"separate global stable ranks by selected calibrated PD ascending, then frozen base_order ascending; bin 1 lowest risk"
mlp,mlp_T,mlp_T_plus_AD,5,3,1,2176,0.009502224900545418,0.04751091703056769,9,0.004136029411764706,"separate global stable ranks by selected calibrated PD ascending, then frozen base_order ascending; bin 1 lowest risk"
mlp,mlp_T,mlp_T_plus_AD,5,3,2,11532,0.05035829850785375,0.2517903930131004,149,0.012920568851890392,"separate global stable ranks by selected calibrated PD ascending, then frozen base_order ascending; bin 1 lowest risk"
mlp,mlp_T,mlp_T_plus_AD,5,3,3,18497,0.08077327848593226,0.4038646288209607,368,0.01989511812726388,"separate global stable ranks by selected calibrated PD ascending, then frozen base_order ascending; bin 1 lowest risk"
mlp,mlp_T,mlp_T_plus_AD,5,3,4,12267,0.05356791951056555,0.26783842794759827,387,0.03154805575935436,"separate global stable ranks by selected calibrated PD ascending, then frozen base_order ascending; bin 1 lowest risk"
mlp,mlp_T,mlp_T_plus_AD,5,3,5,1328,0.005799151961362277,0.028995633187772926,64,0.04819277108433735,"separate global stable ranks by selected calibrated PD ascending, then frozen base_order ascending; bin 1 lowest risk"
mlp,mlp_T,mlp_T_plus_AD,5,4,1,343,0.001497823134598841,0.007489082969432314,4,0.011661807580174927,"separate global stable ranks by selected calibrated PD ascending, then frozen base_order ascending; bin 1 lowest risk"
mlp,mlp_T,mlp_T_plus_AD,5,4,2,2682,0.011711841536425923,0.058558951965065505,43,0.01603281133482476,"separate global stable ranks by selected calibrated PD ascending, then frozen base_order ascending; bin 1 lowest risk"
mlp,mlp_T,mlp_T_plus_AD,5,4,3,11777,0.05142817217542435,0.2571397379912664,261,0.022161840876284283,"separate global stable ranks by selected calibrated PD ascending, then frozen base_order ascending; bin 1 lowest risk"
mlp,mlp_T,mlp_T_plus_AD,5,4,4,21065,0.09198730125459063,0.4599344978165939,734,0.03484452883930691,"separate global stable ranks by selected calibrated PD ascending, then frozen base_order ascending; bin 1 lowest risk"
mlp,mlp_T,mlp_T_plus_AD,5,4,5,9933,0.0433757352652195,0.21687772925764193,537,0.05406221685291453,"separate global stable ranks by selected calibrated PD ascending, then frozen base_order ascending; bin 1 lowest risk"
mlp,mlp_T,mlp_T_plus_AD,5,5,1,60,0.000262009877772392,0.0013100722723203564,2,0.03333333333333333,"separate global stable ranks by selected calibrated PD ascending, then frozen base_order ascending; bin 1 lowest risk"
mlp,mlp_T,mlp_T_plus_AD,5,5,2,248,0.0010829741614592203,0.005414965392257473,7,0.028225806451612902,"separate global stable ranks by selected calibrated PD ascending, then frozen base_order ascending; bin 1 lowest risk"
mlp,mlp_T,mlp_T_plus_AD,5,5,3,1521,0.006641950401530138,0.033210332103321034,44,0.028928336620644313,"separate global stable ranks by selected calibrated PD ascending, then frozen base_order ascending; bin 1 lowest risk"
mlp,mlp_T,mlp_T_plus_AD,5,5,4,9617,0.04199581657561823,0.20998275071508113,413,0.04294478527607362,"separate global stable ranks by selected calibrated PD ascending, then frozen base_order ascending; bin 1 lowest risk"
mlp,mlp_T,mlp_T_plus_AD,5,5,5,34353,0.15001375551858306,0.75008187951702,3397,0.09888510464879341,"separate global stable ranks by selected calibrated PD ascending, then frozen base_order ascending; bin 1 lowest risk"
mlp,mlp_T,mlp_T_plus_AD,10,1,1,13892,0.06066402036690117,0.6066375545851529,38,0.002735387273250792,"separate global stable ranks by selected calibrated PD ascending, then frozen base_order ascending; bin 1 lowest risk"
mlp,mlp_T,mlp_T_plus_AD,10,1,2,5674,0.024777400774675874,0.24777292576419213,20,0.0035248501938667607,"separate global stable ranks by selected calibrated PD ascending, then frozen base_order ascending; bin 1 lowest risk"
mlp,mlp_T,mlp_T_plus_AD,10,1,3,2197,0.009593928357765754,0.09593886462882097,21,0.009558488848429678,"separate global stable ranks by selected calibrated PD ascending, then frozen base_order ascending; bin 1 lowest risk"
mlp,mlp_T,mlp_T_plus_AD,10,1,4,804,0.003510932362150053,0.035109170305676854,10,0.012437810945273632,"separate global stable ranks by selected calibrated PD ascending, then frozen base_order ascending; bin 1 lowest risk"
mlp,mlp_T,mlp_T_plus_AD,10,1,5,238,0.001039305848497155,0.010393013100436681,3,0.012605042016806723,"separate global stable ranks by selected calibrated PD ascending, then frozen base_order ascending; bin 1 lowest risk"
mlp,mlp_T,mlp_T_plus_AD,10,1,6,59,0.0002576430464761855,0.002576419213973799,0,0.0,"separate global stable ranks by selected calibrated PD ascending, then frozen base_order ascending; bin 1 lowest risk"
mlp,mlp_T,mlp_T_plus_AD,10,1,7,27,0.00011790444499757641,0.0011790393013100438,2,0.07407407407407407,"separate global stable ranks by selected calibrated PD ascending, then frozen base_order ascending; bin 1 lowest risk"
mlp,mlp_T,mlp_T_plus_AD,10,1,8,8,3.493465036965227e-05,0.00034934497816593884,0,0.0,"separate global stable ranks by selected calibrated PD ascending, then frozen base_order ascending; bin 1 lowest risk"
mlp,mlp_T,mlp_T_plus_AD,10,1,9,1,4.366831296206534e-06,4.3668122270742355e-05,0,0.0,"separate global stable ranks by selected calibrated PD ascending, then frozen base_order ascending; bin 1 lowest risk"
mlp,mlp_T,mlp_T_plus_AD,10,1,10,0,0.0,0.0,0,,"separate global stable ranks by selected calibrated PD ascending, then frozen base_order ascending; bin 1 lowest risk"
mlp,mlp_T,mlp_T_plus_AD,10,2,1,5482,0.02393896916580422,0.2393886462882096,13,0.0023713973002553812,"separate global stable ranks by selected calibrated PD ascending, then frozen base_order ascending; bin 1 lowest risk"
mlp,mlp_T,mlp_T_plus_AD,10,2,2,7633,0.033332023283944474,0.3333187772925764,27,0.0035372723699724877,"separate global stable ranks by selected calibrated PD ascending, then frozen base_order ascending; bin 1 lowest risk"
mlp,mlp_T,mlp_T_plus_AD,10,2,3,4971,0.021707518373442678,0.21707423580786026,32,0.0064373365520016095,"separate global stable ranks by selected calibrated PD ascending, then frozen base_order ascending; bin 1 lowest risk"
mlp,mlp_T,mlp_T_plus_AD,10,2,4,2836,0.012384333556041729,0.12384279475982533,41,0.014456981664315938,"separate global stable ranks by selected calibrated PD ascending, then frozen base_order ascending; bin 1 lowest risk"
mlp,mlp_T,mlp_T_plus_AD,10,2,5,1368,0.005973825213210538,0.059737991266375544,18,0.013157894736842105,"separate global stable ranks by selected calibrated PD ascending, then frozen base_order ascending; bin 1 lowest risk"
mlp,mlp_T,mlp_T_plus_AD,10,2,6,424,0.0018515364695915703,0.01851528384279476,12,0.02830188679245283,"separate global stable ranks by selected calibrated PD ascending, then frozen base_order ascending; bin 1 lowest risk"
mlp,mlp_T,mlp_T_plus_AD,10,2,7,116,0.0005065524303599579,0.005065502183406114,4,0.034482758620689655,"separate global stable ranks by selected calibrated PD ascending, then frozen base_order ascending; bin 1 lowest risk"
mlp,mlp_T,mlp_T_plus_AD,10,2,8,53,0.00023144205869894628,0.002314410480349345,0,0.0,"separate global stable ranks by selected calibrated PD ascending, then frozen base_order ascending; bin 1 lowest risk"
mlp,mlp_T,mlp_T_plus_AD,10,2,9,12,5.24019755544784e-05,0.0005240174672489083,0,0.0,"separate global stable ranks by selected calibrated PD ascending, then frozen base_order ascending; bin 1 lowest risk"
mlp,mlp_T,mlp_T_plus_AD,10,2,10,5,2.183415648103267e-05,0.0002183406113537118,0,0.0,"separate global stable ranks by selected calibrated PD ascending, then frozen base_order ascending; bin 1 lowest risk"
mlp,mlp_T,mlp_T_plus_AD,10,3,1,2006,0.008759863580190307,0.08759825327510917,4,0.0019940179461615153,"separate global stable ranks by selected calibrated PD ascending, then frozen base_order ascending; bin 1 lowest risk"
mlp,mlp_T,mlp_T_plus_AD,10,3,2,5100,0.02227083961065332,0.22270742358078602,38,0.007450980392156863,"separate global stable ranks by selected calibrated PD ascending, then frozen base_order ascending; bin 1 lowest risk"
mlp,mlp_T,mlp_T_plus_AD,10,3,3,6070,0.026506665967973658,0.26506550218340613,39,0.006425041186161449,"separate global stable ranks by selected calibrated PD ascending, then frozen base_order ascending; bin 1 lowest risk"
mlp,mlp_T,mlp_T_plus_AD,10,3,4,4559,0.019908383879405588,0.1990829694323144,48,0.010528624698398771,"separate global stable ranks by selected calibrated PD ascending, then frozen base_order ascending; bin 1 lowest risk"
mlp,mlp_T,mlp_T_plus_AD,10,3,5,2949,0.012877785492513068,0.1287772925764192,49,0.016615801966768397,"separate global stable ranks by selected calibrated PD ascending, then frozen base_order ascending; bin 1 lowest risk"
mlp,mlp_T,mlp_T_plus_AD,10,3,6,1586,0.006925794435783563,0.06925764192139738,40,0.025220680958385876,"separate global stable ranks by selected calibrated PD ascending, then frozen base_order ascending; bin 1 lowest risk"
mlp,mlp_T,mlp_T_plus_AD,10,3,7,473,0.0020655112031056906,0.020655021834061135,17,0.035940803382663845,"separate global stable ranks by selected calibrated PD ascending, then frozen base_order ascending; bin 1 lowest risk"
mlp,mlp_T,mlp_T_plus_AD,10,3,8,120,0.000524019755544784,0.005240174672489083,3,0.025,"separate global stable ranks by selected calibrated PD ascending, then frozen base_order ascending; bin 1 lowest risk"
mlp,mlp_T,mlp_T_plus_AD,10,3,9,33,0.0001441054327748156,0.001441048034934498,1,0.030303030303030304,"separate global stable ranks by selected calibrated PD ascending, then frozen base_order ascending; bin 1 lowest risk"
mlp,mlp_T,mlp_T_plus_AD,10,3,10,4,1.7467325184826136e-05,0.00017467248908296942,0,0.0,"separate global stable ranks by selected calibrated PD ascending, then frozen base_order ascending; bin 1 lowest risk"
mlp,mlp_T,mlp_T_plus_AD,10,4,1,837,0.003655037794924869,0.036550218340611354,5,0.005973715651135006,"separate global stable ranks by selected calibrated PD ascending, then frozen base_order ascending; bin 1 lowest risk"
mlp,mlp_T,mlp_T_plus_AD,10,4,2,2597,0.011340660876248368,0.11340611353711791,10,0.003850596842510589,"separate global stable ranks by selected calibrated PD ascending, then frozen base_order ascending; bin 1 lowest risk"
mlp,mlp_T,mlp_T_plus_AD,10,4,3,4600,0.020087423962550054,0.20087336244541484,30,0.006521739130434782,"separate global stable ranks by selected calibrated PD ascending, then frozen base_order ascending; bin 1 lowest risk"
mlp,mlp_T,mlp_T_plus_AD,10,4,4,5301,0.023148572701190834,0.23148471615720523,63,0.011884550084889643,"separate global stable ranks by selected calibrated PD ascending, then frozen base_order ascending; bin 1 lowest risk"
mlp,mlp_T,mlp_T_plus_AD,10,4,5,4307,0.01880794239276154,0.18807860262008733,59,0.0136986301369863,"separate global stable ranks by selected calibrated PD ascending, then frozen base_order ascending; bin 1 lowest risk"
mlp,mlp_T,mlp_T_plus_AD,10,4,6,3074,0.013423639404538884,0.134235807860262,65,0.02114508783344177,"separate global stable ranks by selected calibrated PD ascending, then frozen base_order ascending; bin 1 lowest risk"
mlp,mlp_T,mlp_T_plus_AD,10,4,7,1593,0.006956362254857008,0.06956331877729258,46,0.028876333961079723,"separate global stable ranks by selected calibrated PD ascending, then frozen base_order ascending; bin 1 lowest risk"
mlp,mlp_T,mlp_T_plus_AD,10,4,8,461,0.002013109227551212,0.020131004366812227,15,0.03253796095444685,"separate global stable ranks by selected calibrated PD ascending, then frozen base_order ascending; bin 1 lowest risk"
mlp,mlp_T,mlp_T_plus_AD,10,4,9,109,0.0004759846112865122,0.004759825327510917,4,0.03669724770642202,"separate global stable ranks by selected calibrated PD ascending, then frozen base_order ascending; bin 1 lowest risk"
mlp,mlp_T,mlp_T_plus_AD,10,4,10,21,9.17034572203372e-05,0.0009170305676855895,3,0.14285714285714285,"separate global stable ranks by selected calibrated PD ascending, then frozen base_order ascending; bin 1 lowest risk"
mlp,mlp_T,mlp_T_plus_AD,10,5,1,368,0.0016069939170040043,0.016069868995633188,2,0.005434782608695652,"separate global stable ranks by selected calibrated PD ascending, then frozen base_order ascending; bin 1 lowest risk"
mlp,mlp_T,mlp_T_plus_AD,10,5,2,1171,0.005113559447857851,0.0511353711790393,4,0.0034158838599487617,"separate global stable ranks by selected calibrated PD ascending, then frozen base_order ascending; bin 1 lowest risk"
mlp,mlp_T,mlp_T_plus_AD,10,5,3,2797,0.012214027135489674,0.12213973799126637,23,0.008223096174472649,"separate global stable ranks by selected calibrated PD ascending, then frozen base_order ascending; bin 1 lowest risk"
mlp,mlp_T,mlp_T_plus_AD,10,5,4,4530,0.019781745771815597,0.1978165938864629,67,0.014790286975717439,"separate global stable ranks by selected calibrated PD ascending, then frozen base_order ascending; bin 1 lowest risk"
mlp,mlp_T,mlp_T_plus_AD,10,5,5,4996,0.021816689155847842,0.21816593886462882,88,0.017614091273018415,"separate global stable ranks by selected calibrated PD ascending, then frozen base_order ascending; bin 1 lowest risk"
mlp,mlp_T,mlp_T_plus_AD,10,5,6,4135,0.018056847409814017,0.18056768558951966,86,0.02079806529625151,"separate global stable ranks by selected calibrated PD ascending, then frozen base_order ascending; bin 1 lowest risk"
mlp,mlp_T,mlp_T_plus_AD,10,5,7,3224,0.014078664098969865,0.14078602620087335,100,0.031017369727047148,"separate global stable ranks by selected calibrated PD ascending, then frozen base_order ascending; bin 1 lowest risk"
mlp,mlp_T,mlp_T_plus_AD,10,5,8,1374,0.006000026200987777,0.06,33,0.024017467248908297,"separate global stable ranks by selected calibrated PD ascending, then frozen base_order ascending; bin 1 lowest risk"
mlp,mlp_T,mlp_T_plus_AD,10,5,9,274,0.0011965117751605902,0.011965065502183406,14,0.051094890510948905,"separate global stable ranks by selected calibrated PD ascending, then frozen base_order ascending; bin 1 lowest risk"
mlp,mlp_T,mlp_T_plus_AD,10,5,10,31,0.00013537177018240254,0.001353711790393013,2,0.06451612903225806,"separate global stable ranks by selected calibrated PD ascending, then frozen base_order ascending; bin 1 lowest risk"
mlp,mlp_T,mlp_T_plus_AD,10,6,1,162,0.0007074266699854584,0.007074235807860262,2,0.012345679012345678,"separate global stable ranks by selected calibrated PD ascending, then frozen base_order ascending; bin 1 lowest risk"
mlp,mlp_T,mlp_T_plus_AD,10,6,2,475,0.0020742448656981033,0.02074235807860262,1,0.002105263157894737,"separate global stable ranks by selected calibrated PD ascending, then frozen base_order ascending; bin 1 lowest risk"
mlp,mlp_T,mlp_T_plus_AD,10,6,3,1409,0.006152865296355006,0.06152838427947598,13,0.009226401703335699,"separate global stable ranks by selected calibrated PD ascending, then frozen base_order ascending; bin 1 lowest risk"
mlp,mlp_T,mlp_T_plus_AD,10,6,4,2796,0.012209660304193468,0.12209606986899563,46,0.016452074391988557,"separate global stable ranks by selected calibrated PD ascending, then frozen base_order ascending; bin 1 lowest risk"
mlp,mlp_T,mlp_T_plus_AD,10,6,5,4384,0.019144188402569443,0.1914410480349345,84,0.01916058394160584,"separate global stable ranks by selected calibrated PD ascending, then frozen base_order ascending; bin 1 lowest risk"
mlp,mlp_T,mlp_T_plus_AD,10,6,6,4982,0.021755553517700952,0.21755458515283843,110,0.022079486150140507,"separate global stable ranks by selected calibrated PD ascending, then frozen base_order ascending; bin 1 lowest risk"
mlp,mlp_T,mlp_T_plus_AD,10,6,7,4417,0.01928829383534426,0.192882096069869,127,0.0287525469775866,"separate global stable ranks by selected calibrated PD ascending, then frozen base_order ascending; bin 1 lowest risk"
mlp,mlp_T,mlp_T_plus_AD,10,6,8,3252,0.014200935375263648,0.14200873362445415,127,0.03905289052890529,"separate global stable ranks by selected calibrated PD ascending, then frozen base_order ascending; bin 1 lowest risk"
mlp,mlp_T,mlp_T_plus_AD,10,6,9,937,0.004091720924545522,0.040917030567685586,41,0.04375667022411953,"separate global stable ranks by selected calibrated PD ascending, then frozen base_order ascending; bin 1 lowest risk"
mlp,mlp_T,mlp_T_plus_AD,10,6,10,86,0.0003755474914737619,0.0037554585152838427,7,0.08139534883720931,"separate global stable ranks by selected calibrated PD ascending, then frozen base_order ascending; bin 1 lowest risk"
mlp,mlp_T,mlp_T_plus_AD,10,7,1,83,0.0003624469975851423,0.0036244541484716157,1,0.012048192771084338,"separate global stable ranks by selected calibrated PD ascending, then frozen base_order ascending; bin 1 lowest risk"
mlp,mlp_T,mlp_T_plus_AD,10,7,2,161,0.000703059838689252,0.00703056768558952,3,0.018633540372670808,"separate global stable ranks by selected calibrated PD ascending, then frozen base_order ascending; bin 1 lowest risk"
mlp,mlp_T,mlp_T_plus_AD,10,7,3,565,0.0024672596823566914,0.024672489082969432,11,0.019469026548672566,"separate global stable ranks by selected calibrated PD ascending, then frozen base_order ascending; bin 1 lowest risk"
mlp,mlp_T,mlp_T_plus_AD,10,7,4,1424,0.006218367765798104,0.06218340611353712,27,0.018960674157303372,"separate global stable ranks by selected calibrated PD ascending, then frozen base_order ascending; bin 1 lowest risk"
mlp,mlp_T,mlp_T_plus_AD,10,7,5,2917,0.01273804689103446,0.12737991266375545,59,0.020226259856016456,"separate global stable ranks by selected calibrated PD ascending, then frozen base_order ascending; bin 1 lowest risk"
mlp,mlp_T,mlp_T_plus_AD,10,7,6,4576,0.019982620011441098,0.19982532751091703,110,0.02403846153846154,"separate global stable ranks by selected calibrated PD ascending, then frozen base_order ascending; bin 1 lowest risk"
mlp,mlp_T,mlp_T_plus_AD,10,7,7,5227,0.02282542718527155,0.22825327510917032,162,0.0309929213698106,"separate global stable ranks by selected calibrated PD ascending, then frozen base_order ascending; bin 1 lowest risk"
mlp,mlp_T,mlp_T_plus_AD,10,7,8,5078,0.02217476932213678,0.2217467248908297,188,0.037022449783379284,"separate global stable ranks by selected calibrated PD ascending, then frozen base_order ascending; bin 1 lowest risk"
mlp,mlp_T,mlp_T_plus_AD,10,7,9,2582,0.01127515840680527,0.11275109170305676,127,0.04918667699457785,"separate global stable ranks by selected calibrated PD ascending, then frozen base_order ascending; bin 1 lowest risk"
mlp,mlp_T,mlp_T_plus_AD,10,7,10,287,0.0012532805820112752,0.012532751091703057,23,0.08013937282229965,"separate global stable ranks by selected calibrated PD ascending, then frozen base_order ascending; bin 1 lowest risk"
mlp,mlp_T,mlp_T_plus_AD,10,8,1,40,0.00017467325184826135,0.0017467248908296944,0,0.0,"separate global stable ranks by selected calibrated PD ascending, then frozen base_order ascending; bin 1 lowest risk"
mlp,mlp_T,mlp_T_plus_AD,10,8,2,59,0.0002576430464761855,0.002576419213973799,0,0.0,"separate global stable ranks by selected calibrated PD ascending, then frozen base_order ascending; bin 1 lowest risk"
mlp,mlp_T,mlp_T_plus_AD,10,8,3,212,0.0009257682347957851,0.00925764192139738,0,0.0,"separate global stable ranks by selected calibrated PD ascending, then frozen base_order ascending; bin 1 lowest risk"
mlp,mlp_T,mlp_T_plus_AD,10,8,4,481,0.0021004458534753427,0.021004366812227074,5,0.010395010395010396,"separate global stable ranks by selected calibrated PD ascending, then frozen base_order ascending; bin 1 lowest risk"
mlp,mlp_T,mlp_T_plus_AD,10,8,5,1344,0.005869021262101581,0.05868995633187773,23,0.01711309523809524,"separate global stable ranks by selected calibrated PD ascending, then frozen base_order ascending; bin 1 lowest risk"
mlp,mlp_T,mlp_T_plus_AD,10,8,6,2940,0.01283848401084721,0.12838427947598252,69,0.02346938775510204,"separate global stable ranks by selected calibrated PD ascending, then frozen base_order ascending; bin 1 lowest risk"
mlp,mlp_T,mlp_T_plus_AD,10,8,7,4827,0.02107869466678894,0.21078602620087336,148,0.030660865962295423,"separate global stable ranks by selected calibrated PD ascending, then frozen base_order ascending; bin 1 lowest risk"
mlp,mlp_T,mlp_T_plus_AD,10,8,8,5933,0.025908410080393365,0.2590829694323144,236,0.03977751559076353,"separate global stable ranks by selected calibrated PD ascending, then frozen base_order ascending; bin 1 lowest risk"
mlp,mlp_T,mlp_T_plus_AD,10,8,9,6067,0.02649356547408504,0.2649344978165939,338,0.05571122465798582,"separate global stable ranks by selected calibrated PD ascending, then frozen base_order ascending; bin 1 lowest risk"
mlp,mlp_T,mlp_T_plus_AD,10,8,10,997,0.0043537308023179145,0.04353711790393013,49,0.04914744232698094,"separate global stable ranks by selected calibrated PD ascending, then frozen base_order ascending; bin 1 lowest risk"
mlp,mlp_T,mlp_T_plus_AD,10,9,1,23,0.00010043711981275027,0.0010043668122270743,0,0.0,"separate global stable ranks by selected calibrated PD ascending, then frozen base_order ascending; bin 1 lowest risk"
mlp,mlp_T,mlp_T_plus_AD,10,9,2,24,0.0001048039511089568,0.0010480349344978166,1,0.041666666666666664,"separate global stable ranks by selected calibrated PD ascending, then frozen base_order ascending; bin 1 lowest risk"
mlp,mlp_T,mlp_T_plus_AD,10,9,3,65,0.0002838440342534247,0.0028384279475982535,3,0.046153846153846156,"separate global stable ranks by selected calibrated PD ascending, then frozen base_order ascending; bin 1 lowest risk"
mlp,mlp_T,mlp_T_plus_AD,10,9,4,146,0.0006375573692461539,0.006375545851528384,3,0.02054794520547945,"separate global stable ranks by selected calibrated PD ascending, then frozen base_order ascending; bin 1 lowest risk"
mlp,mlp_T,mlp_T_plus_AD,10,9,5,350,0.0015283909536722867,0.015283842794759825,10,0.02857142857142857,"separate global stable ranks by selected calibrated PD ascending, then frozen base_order ascending; bin 1 lowest risk"
mlp,mlp_T,mlp_T_plus_AD,10,9,6,985,0.004301328826763436,0.043013100436681224,30,0.030456852791878174,"separate global stable ranks by selected calibrated PD ascending, then frozen base_order ascending; bin 1 lowest risk"
mlp,mlp_T,mlp_T_plus_AD,10,9,7,2630,0.011484766309023184,0.11484716157205241,101,0.038403041825095054,"separate global stable ranks by selected calibrated PD ascending, then frozen base_order ascending; bin 1 lowest risk"
mlp,mlp_T,mlp_T_plus_AD,10,9,8,5371,0.023454250891925293,0.2345414847161572,236,0.043939676037981754,"separate global stable ranks by selected calibrated PD ascending, then frozen base_order ascending; bin 1 lowest risk"
mlp,mlp_T,mlp_T_plus_AD,10,9,9,8520,0.037205402643679664,0.3720524017467249,509,0.059741784037558684,"separate global stable ranks by selected calibrated PD ascending, then frozen base_order ascending; bin 1 lowest risk"
mlp,mlp_T,mlp_T_plus_AD,10,9,10,4786,0.02089965458364447,0.20899563318777292,399,0.08336815712494776,"separate global stable ranks by selected calibrated PD ascending, then frozen base_order ascending; bin 1 lowest risk"
mlp,mlp_T,mlp_T_plus_AD,10,10,1,7,3.056781907344573e-05,0.0003056902048124372,0,0.0,"separate global stable ranks by selected calibrated PD ascending, then frozen base_order ascending; bin 1 lowest risk"
mlp,mlp_T,mlp_T_plus_AD,10,10,2,6,2.62009877772392e-05,0.00026202017555351765,1,0.16666666666666666,"separate global stable ranks by selected calibrated PD ascending, then frozen base_order ascending; bin 1 lowest risk"
mlp,mlp_T,mlp_T_plus_AD,10,10,3,14,6.113563814689147e-05,0.0006113804096248744,1,0.07142857142857142,"separate global stable ranks by selected calibrated PD ascending, then frozen base_order ascending; bin 1 lowest risk"
mlp,mlp_T,mlp_T_plus_AD,10,10,4,23,0.00010043711981275027,0.0010044106729551509,0,0.0,"separate global stable ranks by selected calibrated PD ascending, then frozen base_order ascending; bin 1 lowest risk"
mlp,mlp_T,mlp_T_plus_AD,10,10,5,47,0.0002052410709217071,0.0020524913751692212,0,0.0,"separate global stable ranks by selected calibrated PD ascending, then frozen base_order ascending; bin 1 lowest risk"
mlp,mlp_T,mlp_T_plus_AD,10,10,6,139,0.0006069895501727082,0.006070134066989825,4,0.02877697841726619,"separate global stable ranks by selected calibrated PD ascending, then frozen base_order ascending; bin 1 lowest risk"
mlp,mlp_T,mlp_T_plus_AD,10,10,7,366,0.0015982602544115914,0.015983230708764576,9,0.02459016393442623,"separate global stable ranks by selected calibrated PD ascending, then frozen base_order ascending; bin 1 lowest risk"
mlp,mlp_T,mlp_T_plus_AD,10,10,8,1250,0.005458539120258167,0.0545875365736495,67,0.0536,"separate global stable ranks by selected calibrated PD ascending, then frozen base_order ascending; bin 1 lowest risk"
mlp,mlp_T,mlp_T_plus_AD,10,10,9,4365,0.019061218607941518,0.19061967771518407,325,0.07445589919816724,"separate global stable ranks by selected calibrated PD ascending, then frozen base_order ascending; bin 1 lowest risk"
mlp,mlp_T,mlp_T_plus_AD,10,10,10,16682,0.0728474796833174,0.7285034280972968,2164,0.1297206569955641,"separate global stable ranks by selected calibrated PD ascending, then frozen base_order ascending; bin 1 lowest risk"
mlp,mlp_T,mlp_T_plus_AD,20,1,1,5751,0.025113646784483776,0.5022707423580786,10,0.001738828029907842,"separate global stable ranks by selected calibrated PD ascending, then frozen base_order ascending; bin 1 lowest risk"
mlp,mlp_T,mlp_T_plus_AD,20,1,2,2728,0.011912715776051424,0.2382532751091703,12,0.004398826979472141,"separate global stable ranks by selected calibrated PD ascending, then frozen base_order ascending; bin 1 lowest risk"
mlp,mlp_T,mlp_T_plus_AD,20,1,3,1383,0.0060393276826536365,0.12078602620087336,5,0.0036153289949385392,"separate global stable ranks by selected calibrated PD ascending, then frozen base_order ascending; bin 1 lowest risk"
mlp,mlp_T,mlp_T_plus_AD,20,1,4,718,0.0031353848706762912,0.06270742358078603,3,0.004178272980501393,"separate global stable ranks by selected calibrated PD ascending, then frozen base_order ascending; bin 1 lowest risk"
mlp,mlp_T,mlp_T_plus_AD,20,1,5,419,0.0018297023131105376,0.03659388646288209,5,0.011933174224343675,"separate global stable ranks by selected calibrated PD ascending, then frozen base_order ascending; bin 1 lowest risk"
mlp,mlp_T,mlp_T_plus_AD,20,1,6,224,0.0009781702103502635,0.019563318777292577,2,0.008928571428571428,"separate global stable ranks by selected calibrated PD ascending, then frozen base_order ascending; bin 1 lowest risk"
mlp,mlp_T,mlp_T_plus_AD,20,1,7,104,0.0004541504548054795,0.00908296943231441,1,0.009615384615384616,"separate global stable ranks by selected calibrated PD ascending, then frozen base_order ascending; bin 1 lowest risk"
mlp,mlp_T,mlp_T_plus_AD,20,1,8,51,0.00022270839610653322,0.00445414847161572,1,0.0196078431372549,"separate global stable ranks by selected calibrated PD ascending, then frozen base_order ascending; bin 1 lowest risk"
mlp,mlp_T,mlp_T_plus_AD,20,1,9,29,0.00012663810758998948,0.002532751091703057,1,0.034482758620689655,"separate global stable ranks by selected calibrated PD ascending, then frozen base_order ascending; bin 1 lowest risk"
mlp,mlp_T,mlp_T_plus_AD,20,1,10,17,7.423613203551108e-05,0.0014847161572052402,0,0.0,"separate global stable ranks by selected calibrated PD ascending, then frozen base_order ascending; bin 1 lowest risk"
mlp,mlp_T,mlp_T_plus_AD,20,1,11,9,3.9301481665858805e-05,0.0007860262008733624,0,0.0,"separate global stable ranks by selected calibrated PD ascending, then frozen base_order ascending; bin 1 lowest risk"
mlp,mlp_T,mlp_T_plus_AD,20,1,12,6,2.62009877772392e-05,0.0005240174672489083,0,0.0,"separate global stable ranks by selected calibrated PD ascending, then frozen base_order ascending; bin 1 lowest risk"
mlp,mlp_T,mlp_T_plus_AD,20,1,13,4,1.7467325184826136e-05,0.00034934497816593884,0,0.0,"separate global stable ranks by selected calibrated PD ascending, then frozen base_order ascending; bin 1 lowest risk"
mlp,mlp_T,mlp_T_plus_AD,20,1,14,2,8.733662592413068e-06,0.00017467248908296942,0,0.0,"separate global stable ranks by selected calibrated PD ascending, then frozen base_order ascending; bin 1 lowest risk"
mlp,mlp_T,mlp_T_plus_AD,20,1,15,4,1.7467325184826136e-05,0.00034934497816593884,0,0.0,"separate global stable ranks by selected calibrated PD ascending, then frozen base_order ascending; bin 1 lowest risk"
mlp,mlp_T,mlp_T_plus_AD,20,1,16,0,0.0,0.0,0,,"separate global stable ranks by selected calibrated PD ascending, then frozen base_order ascending; bin 1 lowest risk"
mlp,mlp_T,mlp_T_plus_AD,20,1,17,1,4.366831296206534e-06,8.733624454148471e-05,0,0.0,"separate global stable ranks by selected calibrated PD ascending, then frozen base_order ascending; bin 1 lowest risk"
mlp,mlp_T,mlp_T_plus_AD,20,1,18,0,0.0,0.0,0,,"separate global stable ranks by selected calibrated PD ascending, then frozen base_order ascending; bin 1 lowest risk"
mlp,mlp_T,mlp_T_plus_AD,20,1,19,0,0.0,0.0,0,,"separate global stable ranks by selected calibrated PD ascending, then frozen base_order ascending; bin 1 lowest risk"
mlp,mlp_T,mlp_T_plus_AD,20,1,20,0,0.0,0.0,0,,"separate global stable ranks by selected calibrated PD ascending, then frozen base_order ascending; bin 1 lowest risk"
mlp,mlp_T,mlp_T_plus_AD,20,2,1,2488,0.010864676264961856,0.21729257641921398,5,0.0020096463022508037,"separate global stable ranks by selected calibrated PD ascending, then frozen base_order ascending; bin 1 lowest risk"
mlp,mlp_T,mlp_T_plus_AD,20,2,2,2925,0.012772981541404112,0.2554585152838428,11,0.0037606837606837607,"separate global stable ranks by selected calibrated PD ascending, then frozen base_order ascending; bin 1 lowest risk"
mlp,mlp_T,mlp_T_plus_AD,20,2,3,2175,0.00949785806924921,0.18995633187772926,6,0.002758620689655172,"separate global stable ranks by selected calibrated PD ascending, then frozen base_order ascending; bin 1 lowest risk"
mlp,mlp_T,mlp_T_plus_AD,20,2,4,1398,0.006104830152096734,0.12209606986899563,6,0.004291845493562232,"separate global stable ranks by selected calibrated PD ascending, then frozen base_order ascending; bin 1 lowest risk"
mlp,mlp_T,mlp_T_plus_AD,20,2,5,910,0.003973816479547945,0.0794759825327511,9,0.00989010989010989,"separate global stable ranks by selected calibrated PD ascending, then frozen base_order ascending; bin 1 lowest risk"
mlp,mlp_T,mlp_T_plus_AD,20,2,6,644,0.002812239354757008,0.05624454148471616,5,0.007763975155279503,"separate global stable ranks by selected calibrated PD ascending, then frozen base_order ascending; bin 1 lowest risk"
mlp,mlp_T,mlp_T_plus_AD,20,2,7,417,0.0018209686505181245,0.036419213973799124,7,0.016786570743405275,"separate global stable ranks by selected calibrated PD ascending, then frozen base_order ascending; bin 1 lowest risk"
mlp,mlp_T,mlp_T_plus_AD,20,2,8,232,0.0010131048607199158,0.020262008733624454,1,0.004310344827586207,"separate global stable ranks by selected calibrated PD ascending, then frozen base_order ascending; bin 1 lowest risk"
mlp,mlp_T,mlp_T_plus_AD,20,2,9,128,0.0005589544059144364,0.011179039301310043,2,0.015625,"separate global stable ranks by selected calibrated PD ascending, then frozen base_order ascending; bin 1 lowest risk"
mlp,mlp_T,mlp_T_plus_AD,20,2,10,64,0.0002794772029572182,0.0055895196506550214,0,0.0,"separate global stable ranks by selected calibrated PD ascending, then frozen base_order ascending; bin 1 lowest risk"
mlp,mlp_T,mlp_T_plus_AD,20,2,11,31,0.00013537177018240254,0.002707423580786026,0,0.0,"separate global stable ranks by selected calibrated PD ascending, then frozen base_order ascending; bin 1 lowest risk"
mlp,mlp_T,mlp_T_plus_AD,20,2,12,13,5.676880685068494e-05,0.0011353711790393012,0,0.0,"separate global stable ranks by selected calibrated PD ascending, then frozen base_order ascending; bin 1 lowest risk"
mlp,mlp_T,mlp_T_plus_AD,20,2,13,13,5.676880685068494e-05,0.0011353711790393012,1,0.07692307692307693,"separate global stable ranks by selected calibrated PD ascending, then frozen base_order ascending; bin 1 lowest risk"
mlp,mlp_T,mlp_T_plus_AD,20,2,14,8,3.493465036965227e-05,0.0006986899563318777,1,0.125,"separate global stable ranks by selected calibrated PD ascending, then frozen base_order ascending; bin 1 lowest risk"
mlp,mlp_T,mlp_T_plus_AD,20,2,15,3,1.31004938886196e-05,0.00026200873362445414,0,0.0,"separate global stable ranks by selected calibrated PD ascending, then frozen base_order ascending; bin 1 lowest risk"
mlp,mlp_T,mlp_T_plus_AD,20,2,16,1,4.366831296206534e-06,8.733624454148471e-05,0,0.0,"separate global stable ranks by selected calibrated PD ascending, then frozen base_order ascending; bin 1 lowest risk"
mlp,mlp_T,mlp_T_plus_AD,20,2,17,0,0.0,0.0,0,,"separate global stable ranks by selected calibrated PD ascending, then frozen base_order ascending; bin 1 lowest risk"
mlp,mlp_T,mlp_T_plus_AD,20,2,18,0,0.0,0.0,0,,"separate global stable ranks by selected calibrated PD ascending, then frozen base_order ascending; bin 1 lowest risk"
mlp,mlp_T,mlp_T_plus_AD,20,2,19,0,0.0,0.0,0,,"separate global stable ranks by selected calibrated PD ascending, then frozen base_order ascending; bin 1 lowest risk"
mlp,mlp_T,mlp_T_plus_AD,20,2,20,0,0.0,0.0,0,,"separate global stable ranks by selected calibrated PD ascending, then frozen base_order ascending; bin 1 lowest risk"
mlp,mlp_T,mlp_T_plus_AD,20,3,1,1306,0.005703081672845733,0.11406113537117904,3,0.002297090352220521,"separate global stable ranks by selected calibrated PD ascending, then frozen base_order ascending; bin 1 lowest risk"
mlp,mlp_T,mlp_T_plus_AD,20,3,2,2067,0.009026240289258905,0.18052401746724892,3,0.001451378809869376,"separate global stable ranks by selected calibrated PD ascending, then frozen base_order ascending; bin 1 lowest risk"
mlp,mlp_T,mlp_T_plus_AD,20,3,3,2144,0.009362486299066808,0.18724890829694324,7,0.0032649253731343282,"separate global stable ranks by selected calibrated PD ascending, then frozen base_order ascending; bin 1 lowest risk"
mlp,mlp_T,mlp_T_plus_AD,20,3,4,1844,0.008052436910204849,0.16104803493449782,10,0.005422993492407809,"separate global stable ranks by selected calibrated PD ascending, then frozen base_order ascending; bin 1 lowest risk"
mlp,mlp_T,mlp_T_plus_AD,20,3,5,1335,0.005829719780435723,0.1165938864628821,8,0.00599250936329588,"separate global stable ranks by selected calibrated PD ascending, then frozen base_order ascending; bin 1 lowest risk"
mlp,mlp_T,mlp_T_plus_AD,20,3,6,858,0.003746741252145206,0.07493449781659389,8,0.009324009324009324,"separate global stable ranks by selected calibrated PD ascending, then frozen base_order ascending; bin 1 lowest risk"
mlp,mlp_T,mlp_T_plus_AD,20,3,7,663,0.0028952091493849317,0.057903930131004366,13,0.0196078431372549,"separate global stable ranks by selected calibrated PD ascending, then frozen base_order ascending; bin 1 lowest risk"
mlp,mlp_T,mlp_T_plus_AD,20,3,8,553,0.002414857706802213,0.04829694323144105,8,0.014466546112115732,"separate global stable ranks by selected calibrated PD ascending, then frozen base_order ascending; bin 1 lowest risk"
mlp,mlp_T,mlp_T_plus_AD,20,3,9,319,0.0013930191834898842,0.027860262008733625,1,0.003134796238244514,"separate global stable ranks by selected calibrated PD ascending, then frozen base_order ascending; bin 1 lowest risk"
mlp,mlp_T,mlp_T_plus_AD,20,3,10,157,0.0006855925135044258,0.013711790393013101,3,0.01910828025477707,"separate global stable ranks by selected calibrated PD ascending, then frozen base_order ascending; bin 1 lowest risk"
mlp,mlp_T,mlp_T_plus_AD,20,3,11,85,0.00037118066017755534,0.007423580786026201,2,0.023529411764705882,"separate global stable ranks by selected calibrated PD ascending, then frozen base_order ascending; bin 1 lowest risk"
mlp,mlp_T,mlp_T_plus_AD,20,3,12,43,0.00018777374573688096,0.0037554585152838427,0,0.0,"separate global stable ranks by selected calibrated PD ascending, then frozen base_order ascending; bin 1 lowest risk"
mlp,mlp_T,mlp_T_plus_AD,20,3,13,21,9.17034572203372e-05,0.001834061135371179,0,0.0,"separate global stable ranks by selected calibrated PD ascending, then frozen base_order ascending; bin 1 lowest risk"
mlp,mlp_T,mlp_T_plus_AD,20,3,14,17,7.423613203551108e-05,0.0014847161572052402,0,0.0,"separate global stable ranks by selected calibrated PD ascending, then frozen base_order ascending; bin 1 lowest risk"
mlp,mlp_T,mlp_T_plus_AD,20,3,15,14,6.113563814689147e-05,0.001222707423580786,0,0.0,"separate global stable ranks by selected calibrated PD ascending, then frozen base_order ascending; bin 1 lowest risk"
mlp,mlp_T,mlp_T_plus_AD,20,3,16,14,6.113563814689147e-05,0.001222707423580786,0,0.0,"separate global stable ranks by selected calibrated PD ascending, then frozen base_order ascending; bin 1 lowest risk"
mlp,mlp_T,mlp_T_plus_AD,20,3,17,5,2.183415648103267e-05,0.0004366812227074236,0,0.0,"separate global stable ranks by selected calibrated PD ascending, then frozen base_order ascending; bin 1 lowest risk"
mlp,mlp_T,mlp_T_plus_AD,20,3,18,1,4.366831296206534e-06,8.733624454148471e-05,0,0.0,"separate global stable ranks by selected calibrated PD ascending, then frozen base_order ascending; bin 1 lowest risk"
mlp,mlp_T,mlp_T_plus_AD,20,3,19,4,1.7467325184826136e-05,0.00034934497816593884,0,0.0,"separate global stable ranks by selected calibrated PD ascending, then frozen base_order ascending; bin 1 lowest risk"
mlp,mlp_T,mlp_T_plus_AD,20,3,20,0,0.0,0.0,0,,"separate global stable ranks by selected calibrated PD ascending, then frozen base_order ascending; bin 1 lowest risk"
mlp,mlp_T,mlp_T_plus_AD,20,4,1,747,0.0032620229782662808,0.06524017467248908,1,0.0013386880856760374,"separate global stable ranks by selected calibrated PD ascending, then frozen base_order ascending; bin 1 lowest risk"
mlp,mlp_T,mlp_T_plus_AD,20,4,2,1362,0.005947624225433299,0.11895196506550218,6,0.004405286343612335,"separate global stable ranks by selected calibrated PD ascending, then frozen base_order ascending; bin 1 lowest risk"
mlp,mlp_T,mlp_T_plus_AD,20,4,3,1795,0.007838462176690727,0.15676855895196506,8,0.004456824512534819,"separate global stable ranks by selected calibrated PD ascending, then frozen base_order ascending; bin 1 lowest risk"
mlp,mlp_T,mlp_T_plus_AD,20,4,4,1850,0.008078637897982088,0.1615720524017467,2,0.001081081081081081,"separate global stable ranks by selected calibrated PD ascending, then frozen base_order ascending; bin 1 lowest risk"
mlp,mlp_T,mlp_T_plus_AD,20,4,5,1543,0.006738020690046681,0.1347598253275109,6,0.0038885288399222295,"separate global stable ranks by selected calibrated PD ascending, then frozen base_order ascending; bin 1 lowest risk"
mlp,mlp_T,mlp_T_plus_AD,20,4,6,1235,0.005393036650815069,0.10786026200873362,10,0.008097165991902834,"separate global stable ranks by selected calibrated PD ascending, then frozen base_order ascending; bin 1 lowest risk"
mlp,mlp_T,mlp_T_plus_AD,20,4,7,940,0.004104821418434141,0.08209606986899563,13,0.013829787234042552,"separate global stable ranks by selected calibrated PD ascending, then frozen base_order ascending; bin 1 lowest risk"
mlp,mlp_T,mlp_T_plus_AD,20,4,8,680,0.0029694452814204427,0.059388646288209605,7,0.010294117647058823,"separate global stable ranks by selected calibrated PD ascending, then frozen base_order ascending; bin 1 lowest risk"
mlp,mlp_T,mlp_T_plus_AD,20,4,9,521,0.002275119105323604,0.04550218340611354,8,0.015355086372360844,"separate global stable ranks by selected calibrated PD ascending, then frozen base_order ascending; bin 1 lowest risk"
mlp,mlp_T,mlp_T_plus_AD,20,4,10,371,0.001620094410892624,0.03240174672489083,6,0.016172506738544475,"separate global stable ranks by selected calibrated PD ascending, then frozen base_order ascending; bin 1 lowest risk"
mlp,mlp_T,mlp_T_plus_AD,20,4,11,193,0.000842798440167861,0.01685589519650655,6,0.031088082901554404,"separate global stable ranks by selected calibrated PD ascending, then frozen base_order ascending; bin 1 lowest risk"
mlp,mlp_T,mlp_T_plus_AD,20,4,12,103,0.00044978362350927295,0.008995633187772925,4,0.038834951456310676,"separate global stable ranks by selected calibrated PD ascending, then frozen base_order ascending; bin 1 lowest risk"
mlp,mlp_T,mlp_T_plus_AD,20,4,13,53,0.00023144205869894628,0.00462882096069869,3,0.05660377358490566,"separate global stable ranks by selected calibrated PD ascending, then frozen base_order ascending; bin 1 lowest risk"
mlp,mlp_T,mlp_T_plus_AD,20,4,14,25,0.00010917078240516334,0.002183406113537118,1,0.04,"separate global stable ranks by selected calibrated PD ascending, then frozen base_order ascending; bin 1 lowest risk"
mlp,mlp_T,mlp_T_plus_AD,20,4,15,19,8.296979462792414e-05,0.0016593886462882095,0,0.0,"separate global stable ranks by selected calibrated PD ascending, then frozen base_order ascending; bin 1 lowest risk"
mlp,mlp_T,mlp_T_plus_AD,20,4,16,6,2.62009877772392e-05,0.0005240174672489083,0,0.0,"separate global stable ranks by selected calibrated PD ascending, then frozen base_order ascending; bin 1 lowest risk"
mlp,mlp_T,mlp_T_plus_AD,20,4,17,3,1.31004938886196e-05,0.00026200873362445414,0,0.0,"separate global stable ranks by selected calibrated PD ascending, then frozen base_order ascending; bin 1 lowest risk"
mlp,mlp_T,mlp_T_plus_AD,20,4,18,3,1.31004938886196e-05,0.00026200873362445414,0,0.0,"separate global stable ranks by selected calibrated PD ascending, then frozen base_order ascending; bin 1 lowest risk"
mlp,mlp_T,mlp_T_plus_AD,20,4,19,1,4.366831296206534e-06,8.733624454148471e-05,0,0.0,"separate global stable ranks by selected calibrated PD ascending, then frozen base_order ascending; bin 1 lowest risk"
mlp,mlp_T,mlp_T_plus_AD,20,4,20,0,0.0,0.0,0,,"separate global stable ranks by selected calibrated PD ascending, then frozen base_order ascending; bin 1 lowest risk"
mlp,mlp_T,mlp_T_plus_AD,20,5,1,376,0.0016419285673736567,0.03283842794759825,1,0.0026595744680851063,"separate global stable ranks by selected calibrated PD ascending, then frozen base_order ascending; bin 1 lowest risk"
mlp,mlp_T,mlp_T_plus_AD,20,5,2,867,0.0037860427338110647,0.07572052401746725,2,0.002306805074971165,"separate global stable ranks by selected calibrated PD ascending, then frozen base_order ascending; bin 1 lowest risk"
mlp,mlp_T,mlp_T_plus_AD,20,5,3,1345,0.005873388093397788,0.11746724890829695,10,0.007434944237918215,"separate global stable ranks by selected calibrated PD ascending, then frozen base_order ascending; bin 1 lowest risk"
mlp,mlp_T,mlp_T_plus_AD,20,5,4,1602,0.006995663736522867,0.13991266375545852,14,0.008739076154806492,"separate global stable ranks by selected calibrated PD ascending, then frozen base_order ascending; bin 1 lowest risk"
mlp,mlp_T,mlp_T_plus_AD,20,5,5,1602,0.006995663736522867,0.13991266375545852,12,0.00749063670411985,"separate global stable ranks by selected calibrated PD ascending, then frozen base_order ascending; bin 1 lowest risk"
mlp,mlp_T,mlp_T_plus_AD,20,5,6,1460,0.006375573692461539,0.1275109170305677,9,0.0061643835616438354,"separate global stable ranks by selected calibrated PD ascending, then frozen base_order ascending; bin 1 lowest risk"
mlp,mlp_T,mlp_T_plus_AD,20,5,7,1166,0.005091725291376819,0.10183406113537118,16,0.0137221269296741,"separate global stable ranks by selected calibrated PD ascending, then frozen base_order ascending; bin 1 lowest risk"
mlp,mlp_T,mlp_T_plus_AD,20,5,8,896,0.003912680841401054,0.07825327510917031,5,0.005580357142857143,"separate global stable ranks by selected calibrated PD ascending, then frozen base_order ascending; bin 1 lowest risk"
mlp,mlp_T,mlp_T_plus_AD,20,5,9,711,0.0031048170516028454,0.062096069868995636,9,0.012658227848101266,"separate global stable ranks by selected calibrated PD ascending, then frozen base_order ascending; bin 1 lowest risk"
mlp,mlp_T,mlp_T_plus_AD,20,5,10,602,0.002628832440316333,0.052576419213973796,10,0.016611295681063124,"separate global stable ranks by selected calibrated PD ascending, then frozen base_order ascending; bin 1 lowest risk"
mlp,mlp_T,mlp_T_plus_AD,20,5,11,392,0.0017117978681129612,0.03423580786026201,4,0.01020408163265306,"separate global stable ranks by selected calibrated PD ascending, then frozen base_order ascending; bin 1 lowest risk"
mlp,mlp_T,mlp_T_plus_AD,20,5,12,204,0.0008908335844261329,0.01781659388646288,9,0.04411764705882353,"separate global stable ranks by selected calibrated PD ascending, then frozen base_order ascending; bin 1 lowest risk"
mlp,mlp_T,mlp_T_plus_AD,20,5,13,104,0.0004541504548054795,0.00908296943231441,3,0.028846153846153848,"separate global stable ranks by selected calibrated PD ascending, then frozen base_order ascending; bin 1 lowest risk"
mlp,mlp_T,mlp_T_plus_AD,20,5,14,61,0.00026637670906859857,0.0053275109170305675,2,0.03278688524590164,"separate global stable ranks by selected calibrated PD ascending, then frozen base_order ascending; bin 1 lowest risk"
mlp,mlp_T,mlp_T_plus_AD,20,5,15,31,0.00013537177018240254,0.002707423580786026,1,0.03225806451612903,"separate global stable ranks by selected calibrated PD ascending, then frozen base_order ascending; bin 1 lowest risk"
mlp,mlp_T,mlp_T_plus_AD,20,5,16,12,5.24019755544784e-05,0.0010480349344978166,0,0.0,"separate global stable ranks by selected calibrated PD ascending, then frozen base_order ascending; bin 1 lowest risk"
mlp,mlp_T,mlp_T_plus_AD,20,5,17,15,6.5502469443098e-05,0.0013100436681222707,1,0.06666666666666667,"separate global stable ranks by selected calibrated PD ascending, then frozen base_order ascending; bin 1 lowest risk"
mlp,mlp_T,mlp_T_plus_AD,20,5,18,3,1.31004938886196e-05,0.00026200873362445414,0,0.0,"separate global stable ranks by selected calibrated PD ascending, then frozen base_order ascending; bin 1 lowest risk"
mlp,mlp_T,mlp_T_plus_AD,20,5,19,1,4.366831296206534e-06,8.733624454148471e-05,0,0.0,"separate global stable ranks by selected calibrated PD ascending, then frozen base_order ascending; bin 1 lowest risk"
mlp,mlp_T,mlp_T_plus_AD,20,5,20,0,0.0,0.0,0,,"separate global stable ranks by selected calibrated PD ascending, then frozen base_order ascending; bin 1 lowest risk"
mlp,mlp_T,mlp_T_plus_AD,20,6,1,237,0.0010349390172009485,0.020698689956331878,1,0.004219409282700422,"separate global stable ranks by selected calibrated PD ascending, then frozen base_order ascending; bin 1 lowest risk"
mlp,mlp_T,mlp_T_plus_AD,20,6,2,526,0.0022969532618046366,0.04593886462882096,0,0.0,"separate global stable ranks by selected calibrated PD ascending, then frozen base_order ascending; bin 1 lowest risk"
mlp,mlp_T,mlp_T_plus_AD,20,6,3,897,0.003917047672697261,0.07834061135371179,4,0.004459308807134894,"separate global stable ranks by selected calibrated PD ascending, then frozen base_order ascending; bin 1 lowest risk"
mlp,mlp_T,mlp_T_plus_AD,20,6,4,1256,0.005484740108035406,0.10969432314410481,10,0.007961783439490446,"separate global stable ranks by selected calibrated PD ascending, then frozen base_order ascending; bin 1 lowest risk"
mlp,mlp_T,mlp_T_plus_AD,20,6,5,1498,0.006541513281717388,0.1308296943231441,5,0.0033377837116154874,"separate global stable ranks by selected calibrated PD ascending, then frozen base_order ascending; bin 1 lowest risk"
mlp,mlp_T,mlp_T_plus_AD,20,6,6,1510,0.006593915257271866,0.13187772925764193,13,0.008609271523178808,"separate global stable ranks by selected calibrated PD ascending, then frozen base_order ascending; bin 1 lowest risk"
mlp,mlp_T,mlp_T_plus_AD,20,6,7,1374,0.006000026200987777,0.12,16,0.011644832605531296,"separate global stable ranks by selected calibrated PD ascending, then frozen base_order ascending; bin 1 lowest risk"
mlp,mlp_T,mlp_T_plus_AD,20,6,8,1123,0.004903951545639937,0.09807860262008733,11,0.009795191451469279,"separate global stable ranks by selected calibrated PD ascending, then frozen base_order ascending; bin 1 lowest risk"
mlp,mlp_T,mlp_T_plus_AD,20,6,9,870,0.0037991432276996842,0.07598253275109171,14,0.016091954022988506,"separate global stable ranks by selected calibrated PD ascending, then frozen base_order ascending; bin 1 lowest risk"
mlp,mlp_T,mlp_T_plus_AD,20,6,10,766,0.003344992772894205,0.06689956331877729,16,0.020887728459530026,"separate global stable ranks by selected calibrated PD ascending, then frozen base_order ascending; bin 1 lowest risk"
mlp,mlp_T,mlp_T_plus_AD,20,6,11,612,0.0026725007532783984,0.05344978165938865,16,0.026143790849673203,"separate global stable ranks by selected calibrated PD ascending, then frozen base_order ascending; bin 1 lowest risk"
mlp,mlp_T,mlp_T_plus_AD,20,6,12,378,0.0016506622299660696,0.03301310043668122,11,0.0291005291005291,"separate global stable ranks by selected calibrated PD ascending, then frozen base_order ascending; bin 1 lowest risk"
mlp,mlp_T,mlp_T_plus_AD,20,6,13,203,0.0008864667531299263,0.017729257641921396,8,0.03940886699507389,"separate global stable ranks by selected calibrated PD ascending, then frozen base_order ascending; bin 1 lowest risk"
mlp,mlp_T,mlp_T_plus_AD,20,6,14,105,0.00045851728610168604,0.009170305676855894,4,0.0380952380952381,"separate global stable ranks by selected calibrated PD ascending, then frozen base_order ascending; bin 1 lowest risk"
mlp,mlp_T,mlp_T_plus_AD,20,6,15,47,0.0002052410709217071,0.004104803493449782,1,0.02127659574468085,"separate global stable ranks by selected calibrated PD ascending, then frozen base_order ascending; bin 1 lowest risk"
mlp,mlp_T,mlp_T_plus_AD,20,6,16,30,0.000131004938886196,0.0026200873362445414,1,0.03333333333333333,"separate global stable ranks by selected calibrated PD ascending, then frozen base_order ascending; bin 1 lowest risk"
mlp,mlp_T,mlp_T_plus_AD,20,6,17,8,3.493465036965227e-05,0.0006986899563318777,0,0.0,"separate global stable ranks by selected calibrated PD ascending, then frozen base_order ascending; bin 1 lowest risk"
mlp,mlp_T,mlp_T_plus_AD,20,6,18,7,3.056781907344573e-05,0.000611353711790393,0,0.0,"separate global stable ranks by selected calibrated PD ascending, then frozen base_order ascending; bin 1 lowest risk"
mlp,mlp_T,mlp_T_plus_AD,20,6,19,3,1.31004938886196e-05,0.00026200873362445414,0,0.0,"separate global stable ranks by selected calibrated PD ascending, then frozen base_order ascending; bin 1 lowest risk"
mlp,mlp_T,mlp_T_plus_AD,20,6,20,0,0.0,0.0,0,,"separate global stable ranks by selected calibrated PD ascending, then frozen base_order ascending; bin 1 lowest risk"
mlp,mlp_T,mlp_T_plus_AD,20,7,1,168,0.0007336276577626976,0.014672489082969432,0,0.0,"separate global stable ranks by selected calibrated PD ascending, then frozen base_order ascending; bin 1 lowest risk"
mlp,mlp_T,mlp_T_plus_AD,20,7,2,384,0.0016768632177433089,0.03353711790393013,4,0.010416666666666666,"separate global stable ranks by selected calibrated PD ascending, then frozen base_order ascending; bin 1 lowest risk"
mlp,mlp_T,mlp_T_plus_AD,20,7,3,619,0.002703068572351844,0.05406113537117904,2,0.0032310177705977385,"separate global stable ranks by selected calibrated PD ascending, then frozen base_order ascending; bin 1 lowest risk"
mlp,mlp_T,mlp_T_plus_AD,20,7,4,895,0.003908314010104848,0.07816593886462882,3,0.0033519553072625698,"separate global stable ranks by selected calibrated PD ascending, then frozen base_order ascending; bin 1 lowest risk"
mlp,mlp_T,mlp_T_plus_AD,20,7,5,1163,0.005078624797488198,0.10157205240174673,7,0.0060189165950128975,"separate global stable ranks by selected calibrated PD ascending, then frozen base_order ascending; bin 1 lowest risk"
mlp,mlp_T,mlp_T_plus_AD,20,7,6,1356,0.005921423237656059,0.11842794759825327,12,0.008849557522123894,"separate global stable ranks by selected calibrated PD ascending, then frozen base_order ascending; bin 1 lowest risk"
mlp,mlp_T,mlp_T_plus_AD,20,7,7,1386,0.006052428176542256,0.12104803493449781,11,0.007936507936507936,"separate global stable ranks by selected calibrated PD ascending, then frozen base_order ascending; bin 1 lowest risk"
mlp,mlp_T,mlp_T_plus_AD,20,7,8,1252,0.00546727278285058,0.10934497816593887,20,0.01597444089456869,"separate global stable ranks by selected calibrated PD ascending, then frozen base_order ascending; bin 1 lowest risk"
mlp,mlp_T,mlp_T_plus_AD,20,7,9,1078,0.004707444137310644,0.09414847161572053,18,0.016697588126159554,"separate global stable ranks by selected calibrated PD ascending, then frozen base_order ascending; bin 1 lowest risk"
mlp,mlp_T,mlp_T_plus_AD,20,7,10,925,0.004039318948991044,0.08078602620087336,9,0.00972972972972973,"separate global stable ranks by selected calibrated PD ascending, then frozen base_order ascending; bin 1 lowest risk"
mlp,mlp_T,mlp_T_plus_AD,20,7,11,794,0.0034672640491879877,0.06934497816593886,15,0.018891687657430732,"separate global stable ranks by selected calibrated PD ascending, then frozen base_order ascending; bin 1 lowest risk"
mlp,mlp_T,mlp_T_plus_AD,20,7,12,597,0.0026069982838353004,0.05213973799126637,12,0.020100502512562814,"separate global stable ranks by selected calibrated PD ascending, then frozen base_order ascending; bin 1 lowest risk"
mlp,mlp_T,mlp_T_plus_AD,20,7,13,393,0.0017161646994091678,0.03432314410480349,12,0.030534351145038167,"separate global stable ranks by selected calibrated PD ascending, then frozen base_order ascending; bin 1 lowest risk"
mlp,mlp_T,mlp_T_plus_AD,20,7,14,231,0.0010087380294237093,0.02017467248908297,2,0.008658008658008658,"separate global stable ranks by selected calibrated PD ascending, then frozen base_order ascending; bin 1 lowest risk"
mlp,mlp_T,mlp_T_plus_AD,20,7,15,106,0.00046288411739789256,0.00925764192139738,2,0.018867924528301886,"separate global stable ranks by selected calibrated PD ascending, then frozen base_order ascending; bin 1 lowest risk"
mlp,mlp_T,mlp_T_plus_AD,20,7,16,57,0.00024890938388377244,0.004978165938864629,2,0.03508771929824561,"separate global stable ranks by selected calibrated PD ascending, then frozen base_order ascending; bin 1 lowest risk"
mlp,mlp_T,mlp_T_plus_AD,20,7,17,23,0.00010043711981275027,0.0020087336244541485,0,0.0,"separate global stable ranks by selected calibrated PD ascending, then frozen base_order ascending; bin 1 lowest risk"
mlp,mlp_T,mlp_T_plus_AD,20,7,18,13,5.676880685068494e-05,0.0011353711790393012,0,0.0,"separate global stable ranks by selected calibrated PD ascending, then frozen base_order ascending; bin 1 lowest risk"
mlp,mlp_T,mlp_T_plus_AD,20,7,19,9,3.9301481665858805e-05,0.0007860262008733624,2,0.2222222222222222,"separate global stable ranks by selected calibrated PD ascending, then frozen base_order ascending; bin 1 lowest risk"
mlp,mlp_T,mlp_T_plus_AD,20,7,20,1,4.366831296206534e-06,8.733624454148471e-05,1,1.0,"separate global stable ranks by selected calibrated PD ascending, then frozen base_order ascending; bin 1 lowest risk"
mlp,mlp_T,mlp_T_plus_AD,20,8,1,94,0.0004104821418434142,0.008209606986899563,0,0.0,"separate global stable ranks by selected calibrated PD ascending, then frozen base_order ascending; bin 1 lowest risk"
mlp,mlp_T,mlp_T_plus_AD,20,8,2,191,0.000834064777575448,0.01668122270742358,1,0.005235602094240838,"separate global stable ranks by selected calibrated PD ascending, then frozen base_order ascending; bin 1 lowest risk"
mlp,mlp_T,mlp_T_plus_AD,20,8,3,439,0.0019170389390346682,0.03834061135371179,1,0.002277904328018223,"separate global stable ranks by selected calibrated PD ascending, then frozen base_order ascending; bin 1 lowest risk"
mlp,mlp_T,mlp_T_plus_AD,20,8,4,644,0.002812239354757008,0.05624454148471616,4,0.006211180124223602,"separate global stable ranks by selected calibrated PD ascending, then frozen base_order ascending; bin 1 lowest risk"
mlp,mlp_T,mlp_T_plus_AD,20,8,5,933,0.0040742535993606955,0.08148471615720523,3,0.003215434083601286,"separate global stable ranks by selected calibrated PD ascending, then frozen base_order ascending; bin 1 lowest risk"
mlp,mlp_T,mlp_T_plus_AD,20,8,6,1148,0.005013122328045101,0.10026200873362445,8,0.006968641114982578,"separate global stable ranks by selected calibrated PD ascending, then frozen base_order ascending; bin 1 lowest risk"
mlp,mlp_T,mlp_T_plus_AD,20,8,7,1296,0.005659413359883667,0.1131877729257642,13,0.010030864197530864,"separate global stable ranks by selected calibrated PD ascending, then frozen base_order ascending; bin 1 lowest risk"
mlp,mlp_T,mlp_T_plus_AD,20,8,8,1367,0.005969458381914331,0.11938864628820961,19,0.013899049012435992,"separate global stable ranks by selected calibrated PD ascending, then frozen base_order ascending; bin 1 lowest risk"
mlp,mlp_T,mlp_T_plus_AD,20,8,9,1246,0.005441071795073341,0.10882096069868996,11,0.00882825040128411,"separate global stable ranks by selected calibrated PD ascending, then frozen base_order ascending; bin 1 lowest risk"
mlp,mlp_T,mlp_T_plus_AD,20,8,10,1058,0.004620107511386513,0.09240174672489083,21,0.01984877126654064,"separate global stable ranks by selected calibrated PD ascending, then frozen base_order ascending; bin 1 lowest risk"
mlp,mlp_T,mlp_T_plus_AD,20,8,11,965,0.004213992200839305,0.08427947598253276,17,0.017616580310880828,"separate global stable ranks by selected calibrated PD ascending, then frozen base_order ascending; bin 1 lowest risk"
mlp,mlp_T,mlp_T_plus_AD,20,8,12,718,0.0031353848706762912,0.06270742358078603,21,0.02924791086350975,"separate global stable ranks by selected calibrated PD ascending, then frozen base_order ascending; bin 1 lowest risk"
mlp,mlp_T,mlp_T_plus_AD,20,8,13,578,0.0025240284892073766,0.050480349344978165,17,0.029411764705882353,"separate global stable ranks by selected calibrated PD ascending, then frozen base_order ascending; bin 1 lowest risk"
mlp,mlp_T,mlp_T_plus_AD,20,8,14,391,0.0017074310368167546,0.03414847161572052,15,0.03836317135549872,"separate global stable ranks by selected calibrated PD ascending, then frozen base_order ascending; bin 1 lowest risk"
mlp,mlp_T,mlp_T_plus_AD,20,8,15,203,0.0008864667531299263,0.017729257641921396,9,0.04433497536945813,"separate global stable ranks by selected calibrated PD ascending, then frozen base_order ascending; bin 1 lowest risk"
mlp,mlp_T,mlp_T_plus_AD,20,8,16,95,0.0004148489731396207,0.008296943231441048,2,0.021052631578947368,"separate global stable ranks by selected calibrated PD ascending, then frozen base_order ascending; bin 1 lowest risk"
mlp,mlp_T,mlp_T_plus_AD,20,8,17,44,0.00019214057703308748,0.0038427947598253277,3,0.06818181818181818,"separate global stable ranks by selected calibrated PD ascending, then frozen base_order ascending; bin 1 lowest risk"
mlp,mlp_T,mlp_T_plus_AD,20,8,18,29,0.00012663810758998948,0.002532751091703057,1,0.034482758620689655,"separate global stable ranks by selected calibrated PD ascending, then frozen base_order ascending; bin 1 lowest risk"
mlp,mlp_T,mlp_T_plus_AD,20,8,19,10,4.366831296206534e-05,0.0008733624454148472,0,0.0,"separate global stable ranks by selected calibrated PD ascending, then frozen base_order ascending; bin 1 lowest risk"
mlp,mlp_T,mlp_T_plus_AD,20,8,20,1,4.366831296206534e-06,8.733624454148471e-05,0,0.0,"separate global stable ranks by selected calibrated PD ascending, then frozen base_order ascending; bin 1 lowest risk"
mlp,mlp_T,mlp_T_plus_AD,20,9,1,63,0.0002751103716610116,0.005502183406113537,0,0.0,"separate global stable ranks by selected calibrated PD ascending, then frozen base_order ascending; bin 1 lowest risk"
mlp,mlp_T,mlp_T_plus_AD,20,9,2,152,0.0006637583570233931,0.013275109170305676,1,0.006578947368421052,"separate global stable ranks by selected calibrated PD ascending, then frozen base_order ascending; bin 1 lowest risk"
mlp,mlp_T,mlp_T_plus_AD,20,9,3,284,0.0012401800881226555,0.02480349344978166,2,0.007042253521126761,"separate global stable ranks by selected calibrated PD ascending, then frozen base_order ascending; bin 1 lowest risk"
mlp,mlp_T,mlp_T_plus_AD,20,9,4,449,0.0019607072519967337,0.03921397379912664,0,0.0,"separate global stable ranks by selected calibrated PD ascending, then frozen base_order ascending; bin 1 lowest risk"
mlp,mlp_T,mlp_T_plus_AD,20,9,5,722,0.0031528521958611175,0.06305676855895197,8,0.0110803324099723,"separate global stable ranks by selected calibrated PD ascending, then frozen base_order ascending; bin 1 lowest risk"
mlp,mlp_T,mlp_T_plus_AD,20,9,6,922,0.004026218455102424,0.08052401746724891,7,0.007592190889370932,"separate global stable ranks by selected calibrated PD ascending, then frozen base_order ascending; bin 1 lowest risk"
mlp,mlp_T,mlp_T_plus_AD,20,9,7,1199,0.005235830724151634,0.10471615720524018,15,0.012510425354462052,"separate global stable ranks by selected calibrated PD ascending, then frozen base_order ascending; bin 1 lowest risk"
mlp,mlp_T,mlp_T_plus_AD,20,9,8,1280,0.005589544059144363,0.11179039301310044,17,0.01328125,"separate global stable ranks by selected calibrated PD ascending, then frozen base_order ascending; bin 1 lowest risk"
mlp,mlp_T,mlp_T_plus_AD,20,9,9,1243,0.0054279713011847214,0.1085589519650655,16,0.012872083668543845,"separate global stable ranks by selected calibrated PD ascending, then frozen base_order ascending; bin 1 lowest risk"
mlp,mlp_T,mlp_T_plus_AD,20,9,10,1202,0.0052489312180402535,0.10497816593886462,28,0.02329450915141431,"separate global stable ranks by selected calibrated PD ascending, then frozen base_order ascending; bin 1 lowest risk"
mlp,mlp_T,mlp_T_plus_AD,20,9,11,1009,0.0044061327778723925,0.08812227074235808,19,0.018830525272547076,"separate global stable ranks by selected calibrated PD ascending, then frozen base_order ascending; bin 1 lowest risk"
mlp,mlp_T,mlp_T_plus_AD,20,9,12,907,0.003960715985659326,0.07921397379912663,16,0.017640573318632856,"separate global stable ranks by selected calibrated PD ascending, then frozen base_order ascending; bin 1 lowest risk"
mlp,mlp_T,mlp_T_plus_AD,20,9,13,819,0.003576434831593151,0.07152838427947598,23,0.028083028083028084,"separate global stable ranks by selected calibrated PD ascending, then frozen base_order ascending; bin 1 lowest risk"
mlp,mlp_T,mlp_T_plus_AD,20,9,14,566,0.002471626513652898,0.04943231441048035,19,0.03356890459363958,"separate global stable ranks by selected calibrated PD ascending, then frozen base_order ascending; bin 1 lowest risk"
mlp,mlp_T,mlp_T_plus_AD,20,9,15,340,0.0014847226407102214,0.029694323144104803,13,0.03823529411764706,"separate global stable ranks by selected calibrated PD ascending, then frozen base_order ascending; bin 1 lowest risk"
mlp,mlp_T,mlp_T_plus_AD,20,9,16,192,0.0008384316088716544,0.016768558951965065,2,0.010416666666666666,"separate global stable ranks by selected calibrated PD ascending, then frozen base_order ascending; bin 1 lowest risk"
mlp,mlp_T,mlp_T_plus_AD,20,9,17,67,0.00029257769684583773,0.005851528384279476,1,0.014925373134328358,"separate global stable ranks by selected calibrated PD ascending, then frozen base_order ascending; bin 1 lowest risk"
mlp,mlp_T,mlp_T_plus_AD,20,9,18,23,0.00010043711981275027,0.0020087336244541485,3,0.13043478260869565,"separate global stable ranks by selected calibrated PD ascending, then frozen base_order ascending; bin 1 lowest risk"
mlp,mlp_T,mlp_T_plus_AD,20,9,19,8,3.493465036965227e-05,0.0006986899563318777,1,0.125,"separate global stable ranks by selected calibrated PD ascending, then frozen base_order ascending; bin 1 lowest risk"
mlp,mlp_T,mlp_T_plus_AD,20,9,20,3,1.31004938886196e-05,0.00026200873362445414,0,0.0,"separate global stable ranks by selected calibrated PD ascending, then frozen base_order ascending; bin 1 lowest risk"
mlp,mlp_T,mlp_T_plus_AD,20,10,1,73,0.00031877868462307696,0.006375545851528384,1,0.0136986301369863,"separate global stable ranks by selected calibrated PD ascending, then frozen base_order ascending; bin 1 lowest risk"
mlp,mlp_T,mlp_T_plus_AD,20,10,2,80,0.0003493465036965227,0.0069868995633187774,0,0.0,"separate global stable ranks by selected calibrated PD ascending, then frozen base_order ascending; bin 1 lowest risk"
mlp,mlp_T,mlp_T_plus_AD,20,10,3,141,0.0006157232127651213,0.012314410480349345,1,0.0070921985815602835,"separate global stable ranks by selected calibrated PD ascending, then frozen base_order ascending; bin 1 lowest risk"
mlp,mlp_T,mlp_T_plus_AD,20,10,4,297,0.0012969488949733405,0.02593886462882096,1,0.003367003367003367,"separate global stable ranks by selected calibrated PD ascending, then frozen base_order ascending; bin 1 lowest risk"
mlp,mlp_T,mlp_T_plus_AD,20,10,5,475,0.0020742448656981033,0.04148471615720524,3,0.00631578947368421,"separate global stable ranks by selected calibrated PD ascending, then frozen base_order ascending; bin 1 lowest risk"
mlp,mlp_T,mlp_T_plus_AD,20,10,6,678,0.0029607116188280296,0.059213973799126636,5,0.007374631268436578,"separate global stable ranks by selected calibrated PD ascending, then frozen base_order ascending; bin 1 lowest risk"
mlp,mlp_T,mlp_T_plus_AD,20,10,7,917,0.004004384298621391,0.08008733624454148,16,0.017448200654307525,"separate global stable ranks by selected calibrated PD ascending, then frozen base_order ascending; bin 1 lowest risk"
mlp,mlp_T,mlp_T_plus_AD,20,10,8,1134,0.004951986689898209,0.09903930131004367,19,0.01675485008818342,"separate global stable ranks by selected calibrated PD ascending, then frozen base_order ascending; bin 1 lowest risk"
mlp,mlp_T,mlp_T_plus_AD,20,10,9,1304,0.00569434801025332,0.11388646288209607,22,0.01687116564417178,"separate global stable ranks by selected calibrated PD ascending, then frozen base_order ascending; bin 1 lowest risk"
mlp,mlp_T,mlp_T_plus_AD,20,10,10,1247,0.005445438626369548,0.10890829694323144,22,0.01764234161988773,"separate global stable ranks by selected calibrated PD ascending, then frozen base_order ascending; bin 1 lowest risk"
mlp,mlp_T,mlp_T_plus_AD,20,10,11,1133,0.004947619858602002,0.09895196506550219,27,0.02383053839364519,"separate global stable ranks by selected calibrated PD ascending, then frozen base_order ascending; bin 1 lowest risk"
mlp,mlp_T,mlp_T_plus_AD,20,10,12,1086,0.004742378787680295,0.0948471615720524,24,0.022099447513812154,"separate global stable ranks by selected calibrated PD ascending, then frozen base_order ascending; bin 1 lowest risk"
mlp,mlp_T,mlp_T_plus_AD,20,10,13,992,0.004331896645836881,0.08663755458515283,25,0.025201612903225805,"separate global stable ranks by selected calibrated PD ascending, then frozen base_order ascending; bin 1 lowest risk"
mlp,mlp_T,mlp_T_plus_AD,20,10,14,847,0.003698706107886934,0.07397379912663755,33,0.03896103896103896,"separate global stable ranks by selected calibrated PD ascending, then frozen base_order ascending; bin 1 lowest risk"
mlp,mlp_T,mlp_T_plus_AD,20,10,15,550,0.0024017572129135935,0.048034934497816595,10,0.01818181818181818,"separate global stable ranks by selected calibrated PD ascending, then frozen base_order ascending; bin 1 lowest risk"
mlp,mlp_T,mlp_T_plus_AD,20,10,16,292,0.0012751147384923078,0.025502183406113536,8,0.0273972602739726,"separate global stable ranks by selected calibrated PD ascending, then frozen base_order ascending; bin 1 lowest risk"
mlp,mlp_T,mlp_T_plus_AD,20,10,17,138,0.0006026227188765017,0.012052401746724891,9,0.06521739130434782,"separate global stable ranks by selected calibrated PD ascending, then frozen base_order ascending; bin 1 lowest risk"
mlp,mlp_T,mlp_T_plus_AD,20,10,18,46,0.00020087423962550054,0.004017467248908297,1,0.021739130434782608,"separate global stable ranks by selected calibrated PD ascending, then frozen base_order ascending; bin 1 lowest risk"
mlp,mlp_T,mlp_T_plus_AD,20,10,19,17,7.423613203551108e-05,0.0014847161572052402,1,0.058823529411764705,"separate global stable ranks by selected calibrated PD ascending, then frozen base_order ascending; bin 1 lowest risk"
mlp,mlp_T,mlp_T_plus_AD,20,10,20,3,1.31004938886196e-05,0.00026200873362445414,0,0.0,"separate global stable ranks by selected calibrated PD ascending, then frozen base_order ascending; bin 1 lowest risk"
mlp,mlp_T,mlp_T_plus_AD,20,11,1,38,0.00016593958925584828,0.003318777292576419,0,0.0,"separate global stable ranks by selected calibrated PD ascending, then frozen base_order ascending; bin 1 lowest risk"
mlp,mlp_T,mlp_T_plus_AD,20,11,2,60,0.000262009877772392,0.005240174672489083,0,0.0,"separate global stable ranks by selected calibrated PD ascending, then frozen base_order ascending; bin 1 lowest risk"
mlp,mlp_T,mlp_T_plus_AD,20,11,3,99,0.0004323162983244468,0.008646288209606987,0,0.0,"separate global stable ranks by selected calibrated PD ascending, then frozen base_order ascending; bin 1 lowest risk"
mlp,mlp_T,mlp_T_plus_AD,20,11,4,190,0.0008296979462792414,0.016593886462882096,1,0.005263157894736842,"separate global stable ranks by selected calibrated PD ascending, then frozen base_order ascending; bin 1 lowest risk"
mlp,mlp_T,mlp_T_plus_AD,20,11,5,326,0.00142358700256333,0.028471615720524018,4,0.012269938650306749,"separate global stable ranks by selected calibrated PD ascending, then frozen base_order ascending; bin 1 lowest risk"
mlp,mlp_T,mlp_T_plus_AD,20,11,6,496,0.0021659483229184407,0.04331877729257642,2,0.004032258064516129,"separate global stable ranks by selected calibrated PD ascending, then frozen base_order ascending; bin 1 lowest risk"
mlp,mlp_T,mlp_T_plus_AD,20,11,7,707,0.003087349726418019,0.0617467248908297,9,0.01272984441301273,"separate global stable ranks by selected calibrated PD ascending, then frozen base_order ascending; bin 1 lowest risk"
mlp,mlp_T,mlp_T_plus_AD,20,11,8,896,0.003912680841401054,0.07825327510917031,15,0.016741071428571428,"separate global stable ranks by selected calibrated PD ascending, then frozen base_order ascending; bin 1 lowest risk"
mlp,mlp_T,mlp_T_plus_AD,20,11,9,1126,0.0049170520395285565,0.09834061135371179,16,0.014209591474245116,"separate global stable ranks by selected calibrated PD ascending, then frozen base_order ascending; bin 1 lowest risk"
mlp,mlp_T,mlp_T_plus_AD,20,11,10,1185,0.005174695086004742,0.10349344978165939,26,0.021940928270042195,"separate global stable ranks by selected calibrated PD ascending, then frozen base_order ascending; bin 1 lowest risk"
mlp,mlp_T,mlp_T_plus_AD,20,11,11,1248,0.005449805457665754,0.10899563318777293,24,0.019230769230769232,"separate global stable ranks by selected calibrated PD ascending, then frozen base_order ascending; bin 1 lowest risk"
mlp,mlp_T,mlp_T_plus_AD,20,11,12,1172,0.005117926279154058,0.10235807860262008,27,0.02303754266211604,"separate global stable ranks by selected calibrated PD ascending, then frozen base_order ascending; bin 1 lowest risk"
mlp,mlp_T,mlp_T_plus_AD,20,11,13,1093,0.004772946606753741,0.09545851528384279,21,0.0192131747483989,"separate global stable ranks by selected calibrated PD ascending, then frozen base_order ascending; bin 1 lowest risk"
mlp,mlp_T,mlp_T_plus_AD,20,11,14,1029,0.004493469403796523,0.08986899563318777,35,0.034013605442176874,"separate global stable ranks by selected calibrated PD ascending, then frozen base_order ascending; bin 1 lowest risk"
mlp,mlp_T,mlp_T_plus_AD,20,11,15,871,0.0038035100589958906,0.07606986899563319,34,0.03903559127439724,"separate global stable ranks by selected calibrated PD ascending, then frozen base_order ascending; bin 1 lowest risk"
mlp,mlp_T,mlp_T_plus_AD,20,11,16,539,0.002353722068655322,0.047074235807860264,26,0.04823747680890538,"separate global stable ranks by selected calibrated PD ascending, then frozen base_order ascending; bin 1 lowest risk"
mlp,mlp_T,mlp_T_plus_AD,20,11,17,261,0.0011397429683099054,0.022794759825327512,10,0.038314176245210725,"separate global stable ranks by selected calibrated PD ascending, then frozen base_order ascending; bin 1 lowest risk"
mlp,mlp_T,mlp_T_plus_AD,20,11,18,83,0.0003624469975851423,0.007248908296943231,4,0.04819277108433735,"separate global stable ranks by selected calibrated PD ascending, then frozen base_order ascending; bin 1 lowest risk"
mlp,mlp_T,mlp_T_plus_AD,20,11,19,25,0.00010917078240516334,0.002183406113537118,2,0.08,"separate global stable ranks by selected calibrated PD ascending, then frozen base_order ascending; bin 1 lowest risk"
mlp,mlp_T,mlp_T_plus_AD,20,11,20,6,2.62009877772392e-05,0.0005240174672489083,1,0.16666666666666666,"separate global stable ranks by selected calibrated PD ascending, then frozen base_order ascending; bin 1 lowest risk"
mlp,mlp_T,mlp_T_plus_AD,20,12,1,29,0.00012663810758998948,0.002532751091703057,0,0.0,"separate global stable ranks by selected calibrated PD ascending, then frozen base_order ascending; bin 1 lowest risk"
mlp,mlp_T,mlp_T_plus_AD,20,12,2,35,0.00015283909536722867,0.003056768558951965,2,0.05714285714285714,"separate global stable ranks by selected calibrated PD ascending, then frozen base_order ascending; bin 1 lowest risk"
mlp,mlp_T,mlp_T_plus_AD,20,12,3,52,0.00022707522740273976,0.004541484716157205,0,0.0,"separate global stable ranks by selected calibrated PD ascending, then frozen base_order ascending; bin 1 lowest risk"
mlp,mlp_T,mlp_T_plus_AD,20,12,4,134,0.0005851553936916755,0.011703056768558952,0,0.0,"separate global stable ranks by selected calibrated PD ascending, then frozen base_order ascending; bin 1 lowest risk"
mlp,mlp_T,mlp_T_plus_AD,20,12,5,210,0.0009170345722033721,0.01834061135371179,2,0.009523809523809525,"separate global stable ranks by selected calibrated PD ascending, then frozen base_order ascending; bin 1 lowest risk"
mlp,mlp_T,mlp_T_plus_AD,20,12,6,377,0.0016462953986698633,0.03292576419213974,5,0.013262599469496022,"separate global stable ranks by selected calibrated PD ascending, then frozen base_order ascending; bin 1 lowest risk"
mlp,mlp_T,mlp_T_plus_AD,20,12,7,485,0.002117913178660169,0.042358078602620086,5,0.010309278350515464,"separate global stable ranks by selected calibrated PD ascending, then frozen base_order ascending; bin 1 lowest risk"
mlp,mlp_T,mlp_T_plus_AD,20,12,8,708,0.003091716557714226,0.06183406113537118,17,0.02401129943502825,"separate global stable ranks by selected calibrated PD ascending, then frozen base_order ascending; bin 1 lowest risk"
mlp,mlp_T,mlp_T_plus_AD,20,12,9,950,0.004148489731396207,0.08296943231441048,14,0.014736842105263158,"separate global stable ranks by selected calibrated PD ascending, then frozen base_order ascending; bin 1 lowest risk"
mlp,mlp_T,mlp_T_plus_AD,20,12,10,1123,0.004903951545639937,0.09807860262008733,28,0.024933214603739984,"separate global stable ranks by selected calibrated PD ascending, then frozen base_order ascending; bin 1 lowest risk"
mlp,mlp_T,mlp_T_plus_AD,20,12,11,1291,0.005637579203402635,0.11275109170305676,24,0.018590240123934933,"separate global stable ranks by selected calibrated PD ascending, then frozen base_order ascending; bin 1 lowest risk"
mlp,mlp_T,mlp_T_plus_AD,20,12,12,1271,0.005550242577478505,0.11100436681222707,35,0.02753737214791503,"separate global stable ranks by selected calibrated PD ascending, then frozen base_order ascending; bin 1 lowest risk"
mlp,mlp_T,mlp_T_plus_AD,20,12,13,1160,0.005065524303599579,0.10131004366812227,34,0.029310344827586206,"separate global stable ranks by selected calibrated PD ascending, then frozen base_order ascending; bin 1 lowest risk"
mlp,mlp_T,mlp_T_plus_AD,20,12,14,1135,0.004956353521194416,0.09912663755458516,37,0.03259911894273128,"separate global stable ranks by selected calibrated PD ascending, then frozen base_order ascending; bin 1 lowest risk"
mlp,mlp_T,mlp_T_plus_AD,20,12,15,1083,0.004729278293791676,0.09458515283842794,34,0.03139427516158818,"separate global stable ranks by selected calibrated PD ascending, then frozen base_order ascending; bin 1 lowest risk"
mlp,mlp_T,mlp_T_plus_AD,20,12,16,759,0.003314424953820759,0.0662882096069869,33,0.043478260869565216,"separate global stable ranks by selected calibrated PD ascending, then frozen base_order ascending; bin 1 lowest risk"
mlp,mlp_T,mlp_T_plus_AD,20,12,17,419,0.0018297023131105376,0.03659388646288209,20,0.0477326968973747,"separate global stable ranks by selected calibrated PD ascending, then frozen base_order ascending; bin 1 lowest risk"
mlp,mlp_T,mlp_T_plus_AD,20,12,18,174,0.0007598286455399369,0.01519650655021834,7,0.040229885057471264,"separate global stable ranks by selected calibrated PD ascending, then frozen base_order ascending; bin 1 lowest risk"
mlp,mlp_T,mlp_T_plus_AD,20,12,19,44,0.00019214057703308748,0.0038427947598253277,2,0.045454545454545456,"separate global stable ranks by selected calibrated PD ascending, then frozen base_order ascending; bin 1 lowest risk"
mlp,mlp_T,mlp_T_plus_AD,20,12,20,11,4.803514425827187e-05,0.0009606986899563319,2,0.18181818181818182,"separate global stable ranks by selected calibrated PD ascending, then frozen base_order ascending; bin 1 lowest risk"
mlp,mlp_T,mlp_T_plus_AD,20,13,1,24,0.0001048039511089568,0.002096069868995633,1,0.041666666666666664,"separate global stable ranks by selected calibrated PD ascending, then frozen base_order ascending; bin 1 lowest risk"
mlp,mlp_T,mlp_T_plus_AD,20,13,2,26,0.00011353761370136988,0.0022707423580786024,0,0.0,"separate global stable ranks by selected calibrated PD ascending, then frozen base_order ascending; bin 1 lowest risk"
mlp,mlp_T,mlp_T_plus_AD,20,13,3,26,0.00011353761370136988,0.0022707423580786024,1,0.038461538461538464,"separate global stable ranks by selected calibrated PD ascending, then frozen base_order ascending; bin 1 lowest risk"
mlp,mlp_T,mlp_T_plus_AD,20,13,4,73,0.00031877868462307696,0.006375545851528384,0,0.0,"separate global stable ranks by selected calibrated PD ascending, then frozen base_order ascending; bin 1 lowest risk"
mlp,mlp_T,mlp_T_plus_AD,20,13,5,121,0.0005283865868409906,0.01056768558951965,0,0.0,"separate global stable ranks by selected calibrated PD ascending, then frozen base_order ascending; bin 1 lowest risk"
mlp,mlp_T,mlp_T_plus_AD,20,13,6,225,0.00098253704164647,0.019650655021834062,8,0.035555555555555556,"separate global stable ranks by selected calibrated PD ascending, then frozen base_order ascending; bin 1 lowest risk"
mlp,mlp_T,mlp_T_plus_AD,20,13,7,331,0.0014454211590443627,0.02890829694323144,6,0.01812688821752266,"separate global stable ranks by selected calibrated PD ascending, then frozen base_order ascending; bin 1 lowest risk"
mlp,mlp_T,mlp_T_plus_AD,20,13,8,511,0.0022314507923615386,0.04462882096069869,15,0.029354207436399216,"separate global stable ranks by selected calibrated PD ascending, then frozen base_order ascending; bin 1 lowest risk"
mlp,mlp_T,mlp_T_plus_AD,20,13,9,717,0.0031310180393800844,0.06262008733624454,10,0.01394700139470014,"separate global stable ranks by selected calibrated PD ascending, then frozen base_order ascending; bin 1 lowest risk"
mlp,mlp_T,mlp_T_plus_AD,20,13,10,944,0.004122288743618968,0.08244541484716157,20,0.0211864406779661,"separate global stable ranks by selected calibrated PD ascending, then frozen base_order ascending; bin 1 lowest risk"
mlp,mlp_T,mlp_T_plus_AD,20,13,11,1138,0.004969454015083035,0.0993886462882096,24,0.0210896309314587,"separate global stable ranks by selected calibrated PD ascending, then frozen base_order ascending; bin 1 lowest risk"
mlp,mlp_T,mlp_T_plus_AD,20,13,12,1274,0.005563343071367124,0.11126637554585153,33,0.025902668759811617,"separate global stable ranks by selected calibrated PD ascending, then frozen base_order ascending; bin 1 lowest risk"
mlp,mlp_T,mlp_T_plus_AD,20,13,13,1342,0.0058602875995091685,0.11720524017467249,39,0.029061102831594635,"separate global stable ranks by selected calibrated PD ascending, then frozen base_order ascending; bin 1 lowest risk"
mlp,mlp_T,mlp_T_plus_AD,20,13,14,1249,0.0054541722889619604,0.10908296943231441,41,0.03282626100880705,"separate global stable ranks by selected calibrated PD ascending, then frozen base_order ascending; bin 1 lowest risk"
mlp,mlp_T,mlp_T_plus_AD,20,13,15,1251,0.005462905951554374,0.10925764192139738,38,0.030375699440447643,"separate global stable ranks by selected calibrated PD ascending, then frozen base_order ascending; bin 1 lowest risk"
mlp,mlp_T,mlp_T_plus_AD,20,13,16,1179,0.005148494098227503,0.10296943231441048,42,0.035623409669211195,"separate global stable ranks by selected calibrated PD ascending, then frozen base_order ascending; bin 1 lowest risk"
mlp,mlp_T,mlp_T_plus_AD,20,13,17,634,0.002768571041794942,0.05537117903930131,28,0.04416403785488959,"separate global stable ranks by selected calibrated PD ascending, then frozen base_order ascending; bin 1 lowest risk"
mlp,mlp_T,mlp_T_plus_AD,20,13,18,278,0.0012139791003454165,0.02427947598253275,13,0.046762589928057555,"separate global stable ranks by selected calibrated PD ascending, then frozen base_order ascending; bin 1 lowest risk"
mlp,mlp_T,mlp_T_plus_AD,20,13,19,87,0.00037991432276996844,0.00759825327510917,7,0.08045977011494253,"separate global stable ranks by selected calibrated PD ascending, then frozen base_order ascending; bin 1 lowest risk"
mlp,mlp_T,mlp_T_plus_AD,20,13,20,20,8.733662592413067e-05,0.0017467248908296944,1,0.05,"separate global stable ranks by selected calibrated PD ascending, then frozen base_order ascending; bin 1 lowest risk"
mlp,mlp_T,mlp_T_plus_AD,20,14,1,24,0.0001048039511089568,0.002096069868995633,0,0.0,"separate global stable ranks by selected calibrated PD ascending, then frozen base_order ascending; bin 1 lowest risk"
mlp,mlp_T,mlp_T_plus_AD,20,14,2,9,3.9301481665858805e-05,0.0007860262008733624,0,0.0,"separate global stable ranks by selected calibrated PD ascending, then frozen base_order ascending; bin 1 lowest risk"
mlp,mlp_T,mlp_T_plus_AD,20,14,3,24,0.0001048039511089568,0.002096069868995633,0,0.0,"separate global stable ranks by selected calibrated PD ascending, then frozen base_order ascending; bin 1 lowest risk"
mlp,mlp_T,mlp_T_plus_AD,20,14,4,38,0.00016593958925584828,0.003318777292576419,2,0.05263157894736842,"separate global stable ranks by selected calibrated PD ascending, then frozen base_order ascending; bin 1 lowest risk"
mlp,mlp_T,mlp_T_plus_AD,20,14,5,87,0.00037991432276996844,0.00759825327510917,0,0.0,"separate global stable ranks by selected calibrated PD ascending, then frozen base_order ascending; bin 1 lowest risk"
mlp,mlp_T,mlp_T_plus_AD,20,14,6,132,0.0005764217310992624,0.011528384279475983,3,0.022727272727272728,"separate global stable ranks by selected calibrated PD ascending, then frozen base_order ascending; bin 1 lowest risk"
mlp,mlp_T,mlp_T_plus_AD,20,14,7,229,0.0010000043668312961,0.02,2,0.008733624454148471,"separate global stable ranks by selected calibrated PD ascending, then frozen base_order ascending; bin 1 lowest risk"
mlp,mlp_T,mlp_T_plus_AD,20,14,8,353,0.0015414914475609064,0.030829694323144106,4,0.0113314447592068,"separate global stable ranks by selected calibrated PD ascending, then frozen base_order ascending; bin 1 lowest risk"
mlp,mlp_T,mlp_T_plus_AD,20,14,9,510,0.0022270839610653323,0.0445414847161572,10,0.0196078431372549,"separate global stable ranks by selected calibrated PD ascending, then frozen base_order ascending; bin 1 lowest risk"
mlp,mlp_T,mlp_T_plus_AD,20,14,10,746,0.003257656146970074,0.0651528384279476,19,0.02546916890080429,"separate global stable ranks by selected calibrated PD ascending, then frozen base_order ascending; bin 1 lowest risk"
mlp,mlp_T,mlp_T_plus_AD,20,14,11,977,0.004266394176393783,0.08532751091703057,27,0.027635619242579325,"separate global stable ranks by selected calibrated PD ascending, then frozen base_order ascending; bin 1 lowest risk"
mlp,mlp_T,mlp_T_plus_AD,20,14,12,1187,0.005183428748597155,0.10366812227074236,26,0.02190395956192081,"separate global stable ranks by selected calibrated PD ascending, then frozen base_order ascending; bin 1 lowest risk"
mlp,mlp_T,mlp_T_plus_AD,20,14,13,1307,0.0057074485041419395,0.11414847161572052,36,0.02754399387911247,"separate global stable ranks by selected calibrated PD ascending, then frozen base_order ascending; bin 1 lowest risk"
mlp,mlp_T,mlp_T_plus_AD,20,14,14,1329,0.005803518792658483,0.1160698689956332,46,0.0346124905944319,"separate global stable ranks by selected calibrated PD ascending, then frozen base_order ascending; bin 1 lowest risk"
mlp,mlp_T,mlp_T_plus_AD,20,14,15,1330,0.00580788562395469,0.11615720524017467,52,0.039097744360902256,"separate global stable ranks by selected calibrated PD ascending, then frozen base_order ascending; bin 1 lowest risk"
mlp,mlp_T,mlp_T_plus_AD,20,14,16,1318,0.005755483648400212,0.11510917030567686,56,0.042488619119878605,"separate global stable ranks by selected calibrated PD ascending, then frozen base_order ascending; bin 1 lowest risk"
mlp,mlp_T,mlp_T_plus_AD,20,14,17,1147,0.005008755496748894,0.10017467248908297,57,0.04969485614646905,"separate global stable ranks by selected calibrated PD ascending, then frozen base_order ascending; bin 1 lowest risk"
mlp,mlp_T,mlp_T_plus_AD,20,14,18,523,0.002283852767916017,0.04567685589519651,29,0.055449330783938815,"separate global stable ranks by selected calibrated PD ascending, then frozen base_order ascending; bin 1 lowest risk"
mlp,mlp_T,mlp_T_plus_AD,20,14,19,157,0.0006855925135044258,0.013711790393013101,12,0.07643312101910828,"separate global stable ranks by selected calibrated PD ascending, then frozen base_order ascending; bin 1 lowest risk"
mlp,mlp_T,mlp_T_plus_AD,20,14,20,23,0.00010043711981275027,0.0020087336244541485,3,0.13043478260869565,"separate global stable ranks by selected calibrated PD ascending, then frozen base_order ascending; bin 1 lowest risk"
mlp,mlp_T,mlp_T_plus_AD,20,15,1,9,3.9301481665858805e-05,0.0007860262008733624,0,0.0,"separate global stable ranks by selected calibrated PD ascending, then frozen base_order ascending; bin 1 lowest risk"
mlp,mlp_T,mlp_T_plus_AD,20,15,2,9,3.9301481665858805e-05,0.0007860262008733624,0,0.0,"separate global stable ranks by selected calibrated PD ascending, then frozen base_order ascending; bin 1 lowest risk"
mlp,mlp_T,mlp_T_plus_AD,20,15,3,11,4.803514425827187e-05,0.0009606986899563319,0,0.0,"separate global stable ranks by selected calibrated PD ascending, then frozen base_order ascending; bin 1 lowest risk"
mlp,mlp_T,mlp_T_plus_AD,20,15,4,26,0.00011353761370136988,0.0022707423580786024,0,0.0,"separate global stable ranks by selected calibrated PD ascending, then frozen base_order ascending; bin 1 lowest risk"
mlp,mlp_T,mlp_T_plus_AD,20,15,5,49,0.00021397473351412015,0.004279475982532751,0,0.0,"separate global stable ranks by selected calibrated PD ascending, then frozen base_order ascending; bin 1 lowest risk"
mlp,mlp_T,mlp_T_plus_AD,20,15,6,89,0.0003886479853623815,0.00777292576419214,0,0.0,"separate global stable ranks by selected calibrated PD ascending, then frozen base_order ascending; bin 1 lowest risk"
mlp,mlp_T,mlp_T_plus_AD,20,15,7,106,0.00046288411739789256,0.00925764192139738,2,0.018867924528301886,"separate global stable ranks by selected calibrated PD ascending, then frozen base_order ascending; bin 1 lowest risk"
mlp,mlp_T,mlp_T_plus_AD,20,15,8,185,0.0008078637897982087,0.016157205240174673,1,0.005405405405405406,"separate global stable ranks by selected calibrated PD ascending, then frozen base_order ascending; bin 1 lowest risk"
mlp,mlp_T,mlp_T_plus_AD,20,15,9,347,0.0015152904597836672,0.030305676855895195,5,0.01440922190201729,"separate global stable ranks by selected calibrated PD ascending, then frozen base_order ascending; bin 1 lowest risk"
mlp,mlp_T,mlp_T_plus_AD,20,15,10,487,0.0021266468412525818,0.042532751091703055,8,0.01642710472279261,"separate global stable ranks by selected calibrated PD ascending, then frozen base_order ascending; bin 1 lowest risk"
mlp,mlp_T,mlp_T_plus_AD,20,15,11,735,0.0032096210027118023,0.06419213973799126,20,0.027210884353741496,"separate global stable ranks by selected calibrated PD ascending, then frozen base_order ascending; bin 1 lowest risk"
mlp,mlp_T,mlp_T_plus_AD,20,15,12,1009,0.0044061327778723925,0.08812227074235808,21,0.02081268582755203,"separate global stable ranks by selected calibrated PD ascending, then frozen base_order ascending; bin 1 lowest risk"
mlp,mlp_T,mlp_T_plus_AD,20,15,13,1258,0.005493473770627819,0.10986899563318778,36,0.028616852146263912,"separate global stable ranks by selected calibrated PD ascending, then frozen base_order ascending; bin 1 lowest risk"
mlp,mlp_T,mlp_T_plus_AD,20,15,14,1363,0.005951991056729505,0.11903930131004367,39,0.028613352898019074,"separate global stable ranks by selected calibrated PD ascending, then frozen base_order ascending; bin 1 lowest risk"
mlp,mlp_T,mlp_T_plus_AD,20,15,15,1378,0.006017493526172603,0.12034934497816593,48,0.03483309143686502,"separate global stable ranks by selected calibrated PD ascending, then frozen base_order ascending; bin 1 lowest risk"
mlp,mlp_T,mlp_T_plus_AD,20,15,16,1537,0.006711819702269442,0.134235807860262,61,0.039687703318152245,"separate global stable ranks by selected calibrated PD ascending, then frozen base_order ascending; bin 1 lowest risk"
mlp,mlp_T,mlp_T_plus_AD,20,15,17,1595,0.006965095917449421,0.1393013100436681,73,0.045768025078369905,"separate global stable ranks by selected calibrated PD ascending, then frozen base_order ascending; bin 1 lowest risk"
mlp,mlp_T,mlp_T_plus_AD,20,15,18,952,0.00415722339398862,0.08314410480349345,59,0.06197478991596639,"separate global stable ranks by selected calibrated PD ascending, then frozen base_order ascending; bin 1 lowest risk"
mlp,mlp_T,mlp_T_plus_AD,20,15,19,264,0.0011528434621985249,0.023056768558951966,15,0.056818181818181816,"separate global stable ranks by selected calibrated PD ascending, then frozen base_order ascending; bin 1 lowest risk"
mlp,mlp_T,mlp_T_plus_AD,20,15,20,41,0.00017904008314446787,0.0035807860262008734,3,0.07317073170731707,"separate global stable ranks by selected calibrated PD ascending, then frozen base_order ascending; bin 1 lowest risk"
mlp,mlp_T,mlp_T_plus_AD,20,16,1,7,3.056781907344573e-05,0.000611353711790393,0,0.0,"separate global stable ranks by selected calibrated PD ascending, then frozen base_order ascending; bin 1 lowest risk"
mlp,mlp_T,mlp_T_plus_AD,20,16,2,15,6.5502469443098e-05,0.0013100436681222707,0,0.0,"separate global stable ranks by selected calibrated PD ascending, then frozen base_order ascending; bin 1 lowest risk"
mlp,mlp_T,mlp_T_plus_AD,20,16,3,8,3.493465036965227e-05,0.0006986899563318777,0,0.0,"separate global stable ranks by selected calibrated PD ascending, then frozen base_order ascending; bin 1 lowest risk"
mlp,mlp_T,mlp_T_plus_AD,20,16,4,14,6.113563814689147e-05,0.001222707423580786,0,0.0,"separate global stable ranks by selected calibrated PD ascending, then frozen base_order ascending; bin 1 lowest risk"
mlp,mlp_T,mlp_T_plus_AD,20,16,5,24,0.0001048039511089568,0.002096069868995633,0,0.0,"separate global stable ranks by selected calibrated PD ascending, then frozen base_order ascending; bin 1 lowest risk"
mlp,mlp_T,mlp_T_plus_AD,20,16,6,50,0.00021834156481032667,0.004366812227074236,0,0.0,"separate global stable ranks by selected calibrated PD ascending, then frozen base_order ascending; bin 1 lowest risk"
mlp,mlp_T,mlp_T_plus_AD,20,16,7,64,0.0002794772029572182,0.0055895196506550214,2,0.03125,"separate global stable ranks by selected calibrated PD ascending, then frozen base_order ascending; bin 1 lowest risk"
mlp,mlp_T,mlp_T_plus_AD,20,16,8,126,0.0005502207433220232,0.011004366812227074,0,0.0,"separate global stable ranks by selected calibrated PD ascending, then frozen base_order ascending; bin 1 lowest risk"
mlp,mlp_T,mlp_T_plus_AD,20,16,9,202,0.0008820999218337198,0.01764192139737991,4,0.019801980198019802,"separate global stable ranks by selected calibrated PD ascending, then frozen base_order ascending; bin 1 lowest risk"
mlp,mlp_T,mlp_T_plus_AD,20,16,10,308,0.0013449840392316123,0.026899563318777294,6,0.01948051948051948,"separate global stable ranks by selected calibrated PD ascending, then frozen base_order ascending; bin 1 lowest risk"
mlp,mlp_T,mlp_T_plus_AD,20,16,11,452,0.001973807745885353,0.03947598253275109,13,0.028761061946902654,"separate global stable ranks by selected calibrated PD ascending, then frozen base_order ascending; bin 1 lowest risk"
mlp,mlp_T,mlp_T_plus_AD,20,16,12,744,0.0032489224843776613,0.06497816593886463,15,0.020161290322580645,"separate global stable ranks by selected calibrated PD ascending, then frozen base_order ascending; bin 1 lowest risk"
mlp,mlp_T,mlp_T_plus_AD,20,16,13,962,0.0042008917069506855,0.0840174672489083,32,0.033264033264033266,"separate global stable ranks by selected calibrated PD ascending, then frozen base_order ascending; bin 1 lowest risk"
mlp,mlp_T,mlp_T_plus_AD,20,16,14,1244,0.005432338132480928,0.10864628820960699,41,0.03295819935691318,"separate global stable ranks by selected calibrated PD ascending, then frozen base_order ascending; bin 1 lowest risk"
mlp,mlp_T,mlp_T_plus_AD,20,16,15,1448,0.0063231717169070605,0.12646288209606987,54,0.03729281767955801,"separate global stable ranks by selected calibrated PD ascending, then frozen base_order ascending; bin 1 lowest risk"
mlp,mlp_T,mlp_T_plus_AD,20,16,16,1570,0.006855925135044258,0.137117903930131,73,0.0464968152866242,"separate global stable ranks by selected calibrated PD ascending, then frozen base_order ascending; bin 1 lowest risk"
mlp,mlp_T,mlp_T_plus_AD,20,16,17,1819,0.007943266127799685,0.1588646288209607,104,0.057174271577789995,"separate global stable ranks by selected calibrated PD ascending, then frozen base_order ascending; bin 1 lowest risk"
mlp,mlp_T,mlp_T_plus_AD,20,16,18,1701,0.007427980034847314,0.1485589519650655,102,0.059964726631393295,"separate global stable ranks by selected calibrated PD ascending, then frozen base_order ascending; bin 1 lowest risk"
mlp,mlp_T,mlp_T_plus_AD,20,16,19,609,0.002659400259389779,0.05318777292576419,26,0.042692939244663386,"separate global stable ranks by selected calibrated PD ascending, then frozen base_order ascending; bin 1 lowest risk"
mlp,mlp_T,mlp_T_plus_AD,20,16,20,83,0.0003624469975851423,0.007248908296943231,5,0.060240963855421686,"separate global stable ranks by selected calibrated PD ascending, then frozen base_order ascending; bin 1 lowest risk"
mlp,mlp_T,mlp_T_plus_AD,20,17,1,7,3.056781907344573e-05,0.000611353711790393,0,0.0,"separate global stable ranks by selected calibrated PD ascending, then frozen base_order ascending; bin 1 lowest risk"
mlp,mlp_T,mlp_T_plus_AD,20,17,2,10,4.366831296206534e-05,0.0008733624454148472,0,0.0,"separate global stable ranks by selected calibrated PD ascending, then frozen base_order ascending; bin 1 lowest risk"
mlp,mlp_T,mlp_T_plus_AD,20,17,3,4,1.7467325184826136e-05,0.00034934497816593884,0,0.0,"separate global stable ranks by selected calibrated PD ascending, then frozen base_order ascending; bin 1 lowest risk"
mlp,mlp_T,mlp_T_plus_AD,20,17,4,8,3.493465036965227e-05,0.0006986899563318777,1,0.125,"separate global stable ranks by selected calibrated PD ascending, then frozen base_order ascending; bin 1 lowest risk"
mlp,mlp_T,mlp_T_plus_AD,20,17,5,15,6.5502469443098e-05,0.0013100436681222707,0,0.0,"separate global stable ranks by selected calibrated PD ascending, then frozen base_order ascending; bin 1 lowest risk"
mlp,mlp_T,mlp_T_plus_AD,20,17,6,24,0.0001048039511089568,0.002096069868995633,1,0.041666666666666664,"separate global stable ranks by selected calibrated PD ascending, then frozen base_order ascending; bin 1 lowest risk"
mlp,mlp_T,mlp_T_plus_AD,20,17,7,43,0.00018777374573688096,0.0037554585152838427,1,0.023255813953488372,"separate global stable ranks by selected calibrated PD ascending, then frozen base_order ascending; bin 1 lowest risk"
mlp,mlp_T,mlp_T_plus_AD,20,17,8,58,0.00025327621517997896,0.005065502183406114,1,0.017241379310344827,"separate global stable ranks by selected calibrated PD ascending, then frozen base_order ascending; bin 1 lowest risk"
mlp,mlp_T,mlp_T_plus_AD,20,17,9,94,0.0004104821418434142,0.008209606986899563,1,0.010638297872340425,"separate global stable ranks by selected calibrated PD ascending, then frozen base_order ascending; bin 1 lowest risk"
mlp,mlp_T,mlp_T_plus_AD,20,17,10,153,0.0006681251883195996,0.013362445414847162,4,0.026143790849673203,"separate global stable ranks by selected calibrated PD ascending, then frozen base_order ascending; bin 1 lowest risk"
mlp,mlp_T,mlp_T_plus_AD,20,17,11,224,0.0009781702103502635,0.019563318777292577,7,0.03125,"separate global stable ranks by selected calibrated PD ascending, then frozen base_order ascending; bin 1 lowest risk"
mlp,mlp_T,mlp_T_plus_AD,20,17,12,442,0.001930139432923288,0.03860262008733625,13,0.029411764705882353,"separate global stable ranks by selected calibrated PD ascending, then frozen base_order ascending; bin 1 lowest risk"
mlp,mlp_T,mlp_T_plus_AD,20,17,13,662,0.0028908423180887253,0.05781659388646288,20,0.030211480362537766,"separate global stable ranks by selected calibrated PD ascending, then frozen base_order ascending; bin 1 lowest risk"
mlp,mlp_T,mlp_T_plus_AD,20,17,14,1039,0.004537137716758588,0.09074235807860262,41,0.03946102021174206,"separate global stable ranks by selected calibrated PD ascending, then frozen base_order ascending; bin 1 lowest risk"
mlp,mlp_T,mlp_T_plus_AD,20,17,15,1359,0.00593452373154468,0.11868995633187773,56,0.041206769683590876,"separate global stable ranks by selected calibrated PD ascending, then frozen base_order ascending; bin 1 lowest risk"
mlp,mlp_T,mlp_T_plus_AD,20,17,16,1606,0.007013131061707693,0.14026200873362446,77,0.04794520547945205,"separate global stable ranks by selected calibrated PD ascending, then frozen base_order ascending; bin 1 lowest risk"
mlp,mlp_T,mlp_T_plus_AD,20,17,17,1924,0.008401783413901371,0.1680349344978166,94,0.04885654885654886,"separate global stable ranks by selected calibrated PD ascending, then frozen base_order ascending; bin 1 lowest risk"
mlp,mlp_T,mlp_T_plus_AD,20,17,18,2294,0.010017510993497788,0.20034934497816595,147,0.06408020924149957,"separate global stable ranks by selected calibrated PD ascending, then frozen base_order ascending; bin 1 lowest risk"
mlp,mlp_T,mlp_T_plus_AD,20,17,19,1313,0.0057336494919191785,0.11467248908296943,109,0.08301599390708302,"separate global stable ranks by selected calibrated PD ascending, then frozen base_order ascending; bin 1 lowest risk"
mlp,mlp_T,mlp_T_plus_AD,20,17,20,171,0.0007467281516513173,0.014934497816593886,21,0.12280701754385964,"separate global stable ranks by selected calibrated PD ascending, then frozen base_order ascending; bin 1 lowest risk"
mlp,mlp_T,mlp_T_plus_AD,20,18,1,3,1.31004938886196e-05,0.00026200873362445414,0,0.0,"separate global stable ranks by selected calibrated PD ascending, then frozen base_order ascending; bin 1 lowest risk"
mlp,mlp_T,mlp_T_plus_AD,20,18,2,3,1.31004938886196e-05,0.00026200873362445414,0,0.0,"separate global stable ranks by selected calibrated PD ascending, then frozen base_order ascending; bin 1 lowest risk"
mlp,mlp_T,mlp_T_plus_AD,20,18,3,3,1.31004938886196e-05,0.00026200873362445414,0,0.0,"separate global stable ranks by selected calibrated PD ascending, then frozen base_order ascending; bin 1 lowest risk"
mlp,mlp_T,mlp_T_plus_AD,20,18,4,9,3.9301481665858805e-05,0.0007860262008733624,0,0.0,"separate global stable ranks by selected calibrated PD ascending, then frozen base_order ascending; bin 1 lowest risk"
mlp,mlp_T,mlp_T_plus_AD,20,18,5,10,4.366831296206534e-05,0.0008733624454148472,1,0.1,"separate global stable ranks by selected calibrated PD ascending, then frozen base_order ascending; bin 1 lowest risk"
mlp,mlp_T,mlp_T_plus_AD,20,18,6,16,6.986930073930454e-05,0.0013973799126637554,1,0.0625,"separate global stable ranks by selected calibrated PD ascending, then frozen base_order ascending; bin 1 lowest risk"
mlp,mlp_T,mlp_T_plus_AD,20,18,7,15,6.5502469443098e-05,0.0013100436681222707,1,0.06666666666666667,"separate global stable ranks by selected calibrated PD ascending, then frozen base_order ascending; bin 1 lowest risk"
mlp,mlp_T,mlp_T_plus_AD,20,18,8,30,0.000131004938886196,0.0026200873362445414,0,0.0,"separate global stable ranks by selected calibrated PD ascending, then frozen base_order ascending; bin 1 lowest risk"
mlp,mlp_T,mlp_T_plus_AD,20,18,9,38,0.00016593958925584828,0.003318777292576419,2,0.05263157894736842,"separate global stable ranks by selected calibrated PD ascending, then frozen base_order ascending; bin 1 lowest risk"
mlp,mlp_T,mlp_T_plus_AD,20,18,10,65,0.0002838440342534247,0.005676855895196507,3,0.046153846153846156,"separate global stable ranks by selected calibrated PD ascending, then frozen base_order ascending; bin 1 lowest risk"
mlp,mlp_T,mlp_T_plus_AD,20,18,11,116,0.0005065524303599579,0.010131004366812227,2,0.017241379310344827,"separate global stable ranks by selected calibrated PD ascending, then frozen base_order ascending; bin 1 lowest risk"
mlp,mlp_T,mlp_T_plus_AD,20,18,12,203,0.0008864667531299263,0.017729257641921396,8,0.03940886699507389,"separate global stable ranks by selected calibrated PD ascending, then frozen base_order ascending; bin 1 lowest risk"
mlp,mlp_T,mlp_T_plus_AD,20,18,13,333,0.0014541548216367758,0.02908296943231441,19,0.057057057057057055,"separate global stable ranks by selected calibrated PD ascending, then frozen base_order ascending; bin 1 lowest risk"
mlp,mlp_T,mlp_T_plus_AD,20,18,14,596,0.002602631452539094,0.05205240174672489,21,0.03523489932885906,"separate global stable ranks by selected calibrated PD ascending, then frozen base_order ascending; bin 1 lowest risk"
mlp,mlp_T,mlp_T_plus_AD,20,18,15,977,0.004266394176393783,0.08532751091703057,35,0.03582395087001024,"separate global stable ranks by selected calibrated PD ascending, then frozen base_order ascending; bin 1 lowest risk"
mlp,mlp_T,mlp_T_plus_AD,20,18,16,1429,0.006240201922279137,0.12480349344978166,68,0.04758572428271519,"separate global stable ranks by selected calibrated PD ascending, then frozen base_order ascending; bin 1 lowest risk"
mlp,mlp_T,mlp_T_plus_AD,20,18,17,1809,0.007899597814837619,0.15799126637554586,106,0.058595909342177996,"separate global stable ranks by selected calibrated PD ascending, then frozen base_order ascending; bin 1 lowest risk"
mlp,mlp_T,mlp_T_plus_AD,20,18,18,2493,0.010886510421442888,0.2177292576419214,162,0.06498194945848375,"separate global stable ranks by selected calibrated PD ascending, then frozen base_order ascending; bin 1 lowest risk"
mlp,mlp_T,mlp_T_plus_AD,20,18,19,2741,0.01196948458290211,0.2393886462882096,215,0.0784385260853703,"separate global stable ranks by selected calibrated PD ascending, then frozen base_order ascending; bin 1 lowest risk"
mlp,mlp_T,mlp_T_plus_AD,20,18,20,561,0.0024497923571718655,0.048995633187772926,54,0.0962566844919786,"separate global stable ranks by selected calibrated PD ascending, then frozen base_order ascending; bin 1 lowest risk"
mlp,mlp_T,mlp_T_plus_AD,20,19,1,4,1.7467325184826136e-05,0.00034934497816593884,0,0.0,"separate global stable ranks by selected calibrated PD ascending, then frozen base_order ascending; bin 1 lowest risk"
mlp,mlp_T,mlp_T_plus_AD,20,19,2,1,4.366831296206534e-06,8.733624454148471e-05,0,0.0,"separate global stable ranks by selected calibrated PD ascending, then frozen base_order ascending; bin 1 lowest risk"
mlp,mlp_T,mlp_T_plus_AD,20,19,3,0,0.0,0.0,0,,"separate global stable ranks by selected calibrated PD ascending, then frozen base_order ascending; bin 1 lowest risk"
mlp,mlp_T,mlp_T_plus_AD,20,19,4,3,1.31004938886196e-05,0.00026200873362445414,0,0.0,"separate global stable ranks by selected calibrated PD ascending, then frozen base_order ascending; bin 1 lowest risk"
mlp,mlp_T,mlp_T_plus_AD,20,19,5,5,2.183415648103267e-05,0.0004366812227074236,0,0.0,"separate global stable ranks by selected calibrated PD ascending, then frozen base_order ascending; bin 1 lowest risk"
mlp,mlp_T,mlp_T_plus_AD,20,19,6,5,2.183415648103267e-05,0.0004366812227074236,0,0.0,"separate global stable ranks by selected calibrated PD ascending, then frozen base_order ascending; bin 1 lowest risk"
mlp,mlp_T,mlp_T_plus_AD,20,19,7,8,3.493465036965227e-05,0.0006986899563318777,0,0.0,"separate global stable ranks by selected calibrated PD ascending, then frozen base_order ascending; bin 1 lowest risk"
mlp,mlp_T,mlp_T_plus_AD,20,19,8,14,6.113563814689147e-05,0.001222707423580786,0,0.0,"separate global stable ranks by selected calibrated PD ascending, then frozen base_order ascending; bin 1 lowest risk"
mlp,mlp_T,mlp_T_plus_AD,20,19,9,13,5.676880685068494e-05,0.0011353711790393012,0,0.0,"separate global stable ranks by selected calibrated PD ascending, then frozen base_order ascending; bin 1 lowest risk"
mlp,mlp_T,mlp_T_plus_AD,20,19,10,27,0.00011790444499757641,0.0023580786026200875,0,0.0,"separate global stable ranks by selected calibrated PD ascending, then frozen base_order ascending; bin 1 lowest risk"
mlp,mlp_T,mlp_T_plus_AD,20,19,11,36,0.00015720592666343522,0.0031441048034934497,3,0.08333333333333333,"separate global stable ranks by selected calibrated PD ascending, then frozen base_order ascending; bin 1 lowest risk"
mlp,mlp_T,mlp_T_plus_AD,20,19,12,73,0.00031877868462307696,0.006375545851528384,1,0.0136986301369863,"separate global stable ranks by selected calibrated PD ascending, then frozen base_order ascending; bin 1 lowest risk"
mlp,mlp_T,mlp_T_plus_AD,20,19,13,129,0.0005633212372106428,0.011266375545851528,1,0.007751937984496124,"separate global stable ranks by selected calibrated PD ascending, then frozen base_order ascending; bin 1 lowest risk"
mlp,mlp_T,mlp_T_plus_AD,20,19,14,187,0.0008165974523906218,0.016331877729257642,5,0.026737967914438502,"separate global stable ranks by selected calibrated PD ascending, then frozen base_order ascending; bin 1 lowest risk"
mlp,mlp_T,mlp_T_plus_AD,20,19,15,389,0.0016986973742243415,0.033973799126637554,15,0.038560411311053984,"separate global stable ranks by selected calibrated PD ascending, then frozen base_order ascending; bin 1 lowest risk"
mlp,mlp_T,mlp_T_plus_AD,20,19,16,713,0.0031135507141952586,0.062270742358078605,44,0.061711079943899017,"separate global stable ranks by selected calibrated PD ascending, then frozen base_order ascending; bin 1 lowest risk"
mlp,mlp_T,mlp_T_plus_AD,20,19,17,1279,0.005585177227848156,0.11170305676855895,80,0.06254886630179828,"separate global stable ranks by selected calibrated PD ascending, then frozen base_order ascending; bin 1 lowest risk"
mlp,mlp_T,mlp_T_plus_AD,20,19,18,2200,0.009607028851654374,0.19213973799126638,179,0.08136363636363636,"separate global stable ranks by selected calibrated PD ascending, then frozen base_order ascending; bin 1 lowest risk"
mlp,mlp_T,mlp_T_plus_AD,20,19,19,4010,0.0175109934977882,0.3502183406113537,322,0.08029925187032419,"separate global stable ranks by selected calibrated PD ascending, then frozen base_order ascending; bin 1 lowest risk"
mlp,mlp_T,mlp_T_plus_AD,20,19,20,2354,0.01027952087127018,0.20558951965065503,271,0.11512319456244689,"separate global stable ranks by selected calibrated PD ascending, then frozen base_order ascending; bin 1 lowest risk"
mlp,mlp_T,mlp_T_plus_AD,20,20,1,2,8.733662592413068e-06,0.00017468774565464234,0,0.0,"separate global stable ranks by selected calibrated PD ascending, then frozen base_order ascending; bin 1 lowest risk"
mlp,mlp_T,mlp_T_plus_AD,20,20,2,0,0.0,0.0,0,,"separate global stable ranks by selected calibrated PD ascending, then frozen base_order ascending; bin 1 lowest risk"
mlp,mlp_T,mlp_T_plus_AD,20,20,3,1,4.366831296206534e-06,8.734387282732117e-05,1,1.0,"separate global stable ranks by selected calibrated PD ascending, then frozen base_order ascending; bin 1 lowest risk"
mlp,mlp_T,mlp_T_plus_AD,20,20,4,2,8.733662592413068e-06,0.00017468774565464234,0,0.0,"separate global stable ranks by selected calibrated PD ascending, then frozen base_order ascending; bin 1 lowest risk"
mlp,mlp_T,mlp_T_plus_AD,20,20,5,3,1.31004938886196e-05,0.0002620316184819635,1,0.3333333333333333,"separate global stable ranks by selected calibrated PD ascending, then frozen base_order ascending; bin 1 lowest risk"
mlp,mlp_T,mlp_T_plus_AD,20,20,6,1,4.366831296206534e-06,8.734387282732117e-05,0,0.0,"separate global stable ranks by selected calibrated PD ascending, then frozen base_order ascending; bin 1 lowest risk"
mlp,mlp_T,mlp_T_plus_AD,20,20,7,0,0.0,0.0,0,,"separate global stable ranks by selected calibrated PD ascending, then frozen base_order ascending; bin 1 lowest risk"
mlp,mlp_T,mlp_T_plus_AD,20,20,8,1,4.366831296206534e-06,8.734387282732117e-05,0,0.0,"separate global stable ranks by selected calibrated PD ascending, then frozen base_order ascending; bin 1 lowest risk"
mlp,mlp_T,mlp_T_plus_AD,20,20,9,4,1.7467325184826136e-05,0.0003493754913092847,0,0.0,"separate global stable ranks by selected calibrated PD ascending, then frozen base_order ascending; bin 1 lowest risk"
mlp,mlp_T,mlp_T_plus_AD,20,20,10,3,1.31004938886196e-05,0.0002620316184819635,0,0.0,"separate global stable ranks by selected calibrated PD ascending, then frozen base_order ascending; bin 1 lowest risk"
mlp,mlp_T,mlp_T_plus_AD,20,20,11,10,4.366831296206534e-05,0.0008734387282732116,0,0.0,"separate global stable ranks by selected calibrated PD ascending, then frozen base_order ascending; bin 1 lowest risk"
mlp,mlp_T,mlp_T_plus_AD,20,20,12,20,8.733662592413067e-05,0.0017468774565464233,0,0.0,"separate global stable ranks by selected calibrated PD ascending, then frozen base_order ascending; bin 1 lowest risk"
mlp,mlp_T,mlp_T_plus_AD,20,20,13,24,0.0001048039511089568,0.002096252947855708,3,0.125,"separate global stable ranks by selected calibrated PD ascending, then frozen base_order ascending; bin 1 lowest risk"
mlp,mlp_T,mlp_T_plus_AD,20,20,14,26,0.00011353761370136988,0.00227094069351035,0,0.0,"separate global stable ranks by selected calibrated PD ascending, then frozen base_order ascending; bin 1 lowest risk"
mlp,mlp_T,mlp_T_plus_AD,20,20,15,47,0.0002052410709217071,0.004105162022884095,2,0.0425531914893617,"separate global stable ranks by selected calibrated PD ascending, then frozen base_order ascending; bin 1 lowest risk"
mlp,mlp_T,mlp_T_plus_AD,20,20,16,101,0.0004410499609168599,0.008821731155559438,6,0.0594059405940594,"separate global stable ranks by selected calibrated PD ascending, then frozen base_order ascending; bin 1 lowest risk"
mlp,mlp_T,mlp_T_plus_AD,20,20,17,259,0.0011310093057174922,0.022622063062276182,17,0.06563706563706563,"separate global stable ranks by selected calibrated PD ascending, then frozen base_order ascending; bin 1 lowest risk"
mlp,mlp_T,mlp_T_plus_AD,20,20,18,627,0.0027380032227214968,0.05476460826273037,49,0.07814992025518341,"separate global stable ranks by selected calibrated PD ascending, then frozen base_order ascending; bin 1 lowest risk"
mlp,mlp_T,mlp_T_plus_AD,20,20,19,2147,0.009375586792955427,0.18752729496025855,226,0.10526315789473684,"separate global stable ranks by selected calibrated PD ascending, then frozen base_order ascending; bin 1 lowest risk"
mlp,mlp_T,mlp_T_plus_AD,20,20,20,8171,0.03568137852130358,0.7136867848720412,1345,0.16460653530779587,"separate global stable ranks by selected calibrated PD ascending, then frozen base_order ascending; bin 1 lowest risk"
